unix,date,symbol,open,high,low,close,Volume DOGE,Volume USDT,tradecount
1658275200000,2022-07-20 00:00:00,DOGE/USDT,0.06902000,0.06914000,0.06802000,0.06820000,13729648.00000000,941878.25013000,3080
1658188800000,2022-07-19 00:00:00,DOGE/USDT,0.06755000,0.07025000,0.06539000,0.06901000,1049353576.00000000,71280807.39764000,211211
1658102400000,2022-07-18 00:00:00,DOGE/USDT,0.06306000,0.06897000,0.06299000,0.06756000,1153131436.00000000,76698811.25945000,211722
1658016000000,2022-07-17 00:00:00,DOGE/USDT,0.06437000,0.06552000,0.06289000,0.06306000,413264543.00000000,26531191.90230000,80443
1657929600000,2022-07-16 00:00:00,DOGE/USDT,0.06293000,0.06484000,0.06176000,0.06439000,450542104.00000000,28598349.07682000,86274
1657843200000,2022-07-15 00:00:00,DOGE/USDT,0.06247000,0.06443000,0.06162000,0.06294000,651264714.00000000,41111678.24732000,119396
1657756800000,2022-07-14 00:00:00,DOGE/USDT,0.06194000,0.06282000,0.05946000,0.06246000,619370560.00000000,37889836.80867000,100279
1657670400000,2022-07-13 00:00:00,DOGE/USDT,0.05981000,0.06235000,0.05754000,0.06194000,765623144.00000000,46058378.15560000,135523
1657584000000,2022-07-12 00:00:00,DOGE/USDT,0.06175000,0.06316000,0.05972000,0.05982000,490698646.00000000,30143407.77588000,91247
1657497600000,2022-07-11 00:00:00,DOGE/USDT,0.06728000,0.06729000,0.06119000,0.06175000,567740257.00000000,36619245.03575000,99063
1657411200000,2022-07-10 00:00:00,DOGE/USDT,0.06947000,0.06950000,0.06626000,0.06728000,500345310.00000000,33772694.86866000,76057
1657324800000,2022-07-09 00:00:00,DOGE/USDT,0.06906000,0.07019000,0.06881000,0.06947000,356555177.00000000,24788969.66587000,65425
1657238400000,2022-07-08 00:00:00,DOGE/USDT,0.07056000,0.07350000,0.06823000,0.06906000,767634396.00000000,53866869.99886000,144875
1657152000000,2022-07-07 00:00:00,DOGE/USDT,0.06843000,0.07122000,0.06786000,0.07055000,698711394.00000000,48639931.15523000,117622
1657065600000,2022-07-06 00:00:00,DOGE/USDT,0.06716000,0.06930000,0.06616000,0.06844000,643845555.00000000,43652824.59127000,120657
1656979200000,2022-07-05 00:00:00,DOGE/USDT,0.06937000,0.07002000,0.06550000,0.06716000,634033746.00000000,42994496.94514000,128561
1656892800000,2022-07-04 00:00:00,DOGE/USDT,0.06721000,0.06981000,0.06566000,0.06938000,647421086.00000000,43855197.21635000,119132
1656806400000,2022-07-03 00:00:00,DOGE/USDT,0.06667000,0.06750000,0.06482000,0.06721000,437895956.00000000,28974235.95980000,85450
1656720000000,2022-07-02 00:00:00,DOGE/USDT,0.06645000,0.06800000,0.06550000,0.06667000,618971181.00000000,41350431.92970000,127773
1656633600000,2022-07-01 00:00:00,DOGE/USDT,0.06642000,0.06846000,0.06386000,0.06644000,872749922.00000000,57629359.70038000,173602
1656547200000,2022-06-30 00:00:00,DOGE/USDT,0.06958000,0.06973000,0.06227000,0.06644000,1057005992.00000000,68718354.41226000,218258
1656460800000,2022-06-29 00:00:00,DOGE/USDT,0.06610000,0.07159000,0.06409000,0.06956000,1112315068.00000000,75029965.78287000,216150
1656374400000,2022-06-28 00:00:00,DOGE/USDT,0.07218000,0.07340000,0.06540000,0.06610000,1134861583.00000000,79223772.78590000,205405
1656288000000,2022-06-27 00:00:00,DOGE/USDT,0.07297000,0.07880000,0.07050000,0.07216000,1823287836.00000000,136307639.09611000,350225
1656201600000,2022-06-26 00:00:00,DOGE/USDT,0.06852000,0.07759000,0.06719000,0.07296000,1762543405.00000000,127948048.33162000,327553
1656115200000,2022-06-25 00:00:00,DOGE/USDT,0.06694000,0.06934000,0.06510000,0.06852000,767798491.00000000,51757596.91645000,134228
1656028800000,2022-06-24 00:00:00,DOGE/USDT,0.06398000,0.06854000,0.06391000,0.06694000,897806951.00000000,59396860.79661000,155576
1655942400000,2022-06-23 00:00:00,DOGE/USDT,0.06172000,0.06476000,0.06155000,0.06398000,826794075.00000000,52477537.64891000,131736
1655856000000,2022-06-22 00:00:00,DOGE/USDT,0.06583000,0.06583000,0.06105000,0.06170000,1245199586.00000000,78422432.89696000,232702
1655769600000,2022-06-21 00:00:00,DOGE/USDT,0.06002000,0.06993000,0.05896000,0.06581000,2221434344.00000000,144904487.74883000,386924
1655683200000,2022-06-20 00:00:00,DOGE/USDT,0.06046000,0.06152000,0.05744000,0.06002000,963247514.00000000,57195844.19724000,184453
1655596800000,2022-06-19 00:00:00,DOGE/USDT,0.05289000,0.06290000,0.05116000,0.06047000,2339917678.00000000,133346502.12006000,397192
1655510400000,2022-06-18 00:00:00,DOGE/USDT,0.05690000,0.05787000,0.04914000,0.05290000,1478029999.00000000,78653187.16525000,234084
1655424000000,2022-06-17 00:00:00,DOGE/USDT,0.05523000,0.05814000,0.05463000,0.05689000,694665887.00000000,39400049.44512000,120789
1655337600000,2022-06-16 00:00:00,DOGE/USDT,0.06285000,0.06285000,0.05421000,0.05523000,1635504912.00000000,94401491.76816000,258302
1655251200000,2022-06-15 00:00:00,DOGE/USDT,0.05556000,0.06394000,0.05041000,0.06285000,2340963490.00000000,128648902.12516000,391699
1655164800000,2022-06-14 00:00:00,DOGE/USDT,0.05418000,0.05842000,0.04978000,0.05555000,2292552206.00000000,125432740.90970840,353154
1655078400000,2022-06-13 00:00:00,DOGE/USDT,0.06352000,0.06627000,0.05234000,0.05420000,3222482666.20000000,183236473.66619450,519889
1654992000000,2022-06-12 00:00:00,DOGE/USDT,0.06994000,0.07037000,0.06344000,0.06353000,1339377069.70000000,88779563.97902480,214387
1654905600000,2022-06-11 00:00:00,DOGE/USDT,0.07538000,0.07649000,0.06793000,0.06993000,750865386.00000000,53683178.03036000,131409
1654819200000,2022-06-10 00:00:00,DOGE/USDT,0.07937000,0.07974000,0.07423000,0.07539000,584554571.00000000,45010854.55354000,105310
1654732800000,2022-06-09 00:00:00,DOGE/USDT,0.07927000,0.08105000,0.07893000,0.07937000,322805496.00000000,25765458.37242000,64815
1654646400000,2022-06-08 00:00:00,DOGE/USDT,0.08039000,0.08160000,0.07880000,0.07927000,536757669.00000000,42979808.21191000,95641
1654560000000,2022-06-07 00:00:00,DOGE/USDT,0.08250000,0.08258000,0.07769000,0.08039000,733934095.00000000,58834598.51563000,123942
1654473600000,2022-06-06 00:00:00,DOGE/USDT,0.08108000,0.08473000,0.08089000,0.08250000,810064865.00000000,67215049.35909000,122162
1654387200000,2022-06-05 00:00:00,DOGE/USDT,0.08188000,0.08225000,0.08060000,0.08107000,372318514.00000000,30371072.32997000,63142
1654300800000,2022-06-04 00:00:00,DOGE/USDT,0.08033000,0.08252000,0.07932000,0.08187000,508858133.00000000,41312175.35615000,78651
1654214400000,2022-06-03 00:00:00,DOGE/USDT,0.08279000,0.08296000,0.07936000,0.08029000,719704158.00000000,58286787.39083000,112202
1654128000000,2022-06-02 00:00:00,DOGE/USDT,0.08106000,0.08313000,0.08001000,0.08277000,950935239.00000000,77422479.03407000,138166
1654041600000,2022-06-01 00:00:00,DOGE/USDT,0.08590000,0.08952000,0.07872000,0.08105000,2111914425.00000000,179173789.19822000,273373
1653955200000,2022-05-31 00:00:00,DOGE/USDT,0.08800000,0.08850000,0.08308000,0.08591000,1380975219.00000000,118883517.63877000,198304
1653868800000,2022-05-30 00:00:00,DOGE/USDT,0.08270000,0.08857000,0.08210000,0.08800000,1210365782.00000000,103736341.96524000,175361
1653782400000,2022-05-29 00:00:00,DOGE/USDT,0.08180000,0.08330000,0.07980000,0.08270000,368598200.00000000,30139562.18430000,53700
1653696000000,2022-05-28 00:00:00,DOGE/USDT,0.08150000,0.08340000,0.08080000,0.08180000,539169761.00000000,44147605.09100000,70892
1653609600000,2022-05-27 00:00:00,DOGE/USDT,0.07790000,0.09000000,0.07600000,0.08160000,1955445636.00000000,161102847.61990000,254240
1653523200000,2022-05-26 00:00:00,DOGE/USDT,0.08290000,0.08370000,0.07500000,0.07790000,863761845.00000000,68207421.01000000,99973
1653436800000,2022-05-25 00:00:00,DOGE/USDT,0.08370000,0.08450000,0.08210000,0.08300000,417147590.00000000,34683533.01390000,49561
1653350400000,2022-05-24 00:00:00,DOGE/USDT,0.08330000,0.08440000,0.08010000,0.08370000,359716178.00000000,29793056.74470000,51015
1653264000000,2022-05-23 00:00:00,DOGE/USDT,0.08590000,0.08840000,0.08210000,0.08330000,491119625.00000000,42231960.22340000,77802
1653177600000,2022-05-22 00:00:00,DOGE/USDT,0.08440000,0.08670000,0.08380000,0.08590000,212040160.00000000,18116210.74320000,42904
1653091200000,2022-05-21 00:00:00,DOGE/USDT,0.08400000,0.08550000,0.08240000,0.08450000,200173227.00000000,16839511.20880000,41884
1653004800000,2022-05-20 00:00:00,DOGE/USDT,0.08660000,0.08800000,0.08250000,0.08400000,494642225.00000000,42242911.25530000,125585
1652918400000,2022-05-19 00:00:00,DOGE/USDT,0.08340000,0.08760000,0.08140000,0.08660000,537654022.00000000,45628823.88410000,101250
1652832000000,2022-05-18 00:00:00,DOGE/USDT,0.09030000,0.09100000,0.08310000,0.08330000,552003943.00000000,47920803.80840000,91933
1652745600000,2022-05-17 00:00:00,DOGE/USDT,0.08800000,0.09140000,0.08690000,0.09030000,632579482.00000000,56518959.31830000,105455
1652659200000,2022-05-16 00:00:00,DOGE/USDT,0.09320000,0.09320000,0.08580000,0.08800000,674846170.00000000,59593088.41110000,108447
1652572800000,2022-05-15 00:00:00,DOGE/USDT,0.08950000,0.09330000,0.08640000,0.09320000,799028070.00000000,71273603.95080000,117569
1652486400000,2022-05-14 00:00:00,DOGE/USDT,0.08810000,0.09200000,0.08360000,0.08940000,1212363074.00000000,106875054.28700000,179875
1652400000000,2022-05-13 00:00:00,DOGE/USDT,0.08260000,0.09640000,0.08200000,0.08810000,2571346706.00000000,232985182.66530000,342187
1652313600000,2022-05-12 00:00:00,DOGE/USDT,0.08520000,0.08990000,0.06890000,0.08260000,4099690301.00000000,324180510.40739290,612330
1652227200000,2022-05-11 00:00:00,DOGE/USDT,0.10800000,0.11090000,0.07110000,0.08530000,4698607567.90000000,440124665.12907120,639261
1652140800000,2022-05-10 00:00:00,DOGE/USDT,0.10180000,0.11840000,0.09920000,0.10800000,1929997320.50000000,210771372.32938200,307346
1652054400000,2022-05-09 00:00:00,DOGE/USDT,0.12410000,0.12530000,0.10010000,0.10190000,2102771008.30000000,239113759.32312940,312051
1651968000000,2022-05-08 00:00:00,DOGE/USDT,0.12740000,0.12830000,0.12260000,0.12410000,770287457.00000000,96542930.98940000,124742
1651881600000,2022-05-07 00:00:00,DOGE/USDT,0.12770000,0.13240000,0.12450000,0.12750000,913433603.00000000,117146687.03660000,152856
1651795200000,2022-05-06 00:00:00,DOGE/USDT,0.12810000,0.12990000,0.12340000,0.12780000,919219399.00000000,116682459.59880000,146685
1651708800000,2022-05-05 00:00:00,DOGE/USDT,0.13600000,0.13780000,0.12500000,0.12820000,1663729207.00000000,218173969.84040000,239158
1651622400000,2022-05-04 00:00:00,DOGE/USDT,0.12940000,0.13630000,0.12900000,0.13590000,999925457.00000000,131931283.31350000,143213
1651536000000,2022-05-03 00:00:00,DOGE/USDT,0.13080000,0.13200000,0.12640000,0.12950000,602983927.00000000,78261051.89470000,86809
1651449600000,2022-05-02 00:00:00,DOGE/USDT,0.13270000,0.13400000,0.12760000,0.13080000,791121203.00000000,103670354.28180000,119984
1651363200000,2022-05-01 00:00:00,DOGE/USDT,0.12730000,0.13660000,0.12600000,0.13270000,1208220038.00000000,158692847.44270000,186400
1651276800000,2022-04-30 00:00:00,DOGE/USDT,0.13500000,0.13680000,0.12380000,0.12740000,1256533034.00000000,164757599.68110000,242872
1651190400000,2022-04-29 00:00:00,DOGE/USDT,0.13750000,0.14510000,0.13310000,0.13490000,2002962085.00000000,277934350.02110000,327678
1651104000000,2022-04-28 00:00:00,DOGE/USDT,0.13990000,0.14330000,0.13520000,0.13750000,1507644481.00000000,209786452.35780000,222069
1651017600000,2022-04-27 00:00:00,DOGE/USDT,0.13760000,0.14560000,0.13500000,0.14000000,2395315272.00000000,336123088.52470000,373346
1650931200000,2022-04-26 00:00:00,DOGE/USDT,0.15820000,0.16680000,0.13540000,0.13760000,6993892003.00000000,1069301464.50690000,1199816
1650844800000,2022-04-25 00:00:00,DOGE/USDT,0.13180000,0.17110000,0.12240000,0.15810000,7687212862.00000000,1147372432.23860000,1341383
1650758400000,2022-04-24 00:00:00,DOGE/USDT,0.13380000,0.13480000,0.13090000,0.13170000,521764787.00000000,69350563.41780000,71201
1650672000000,2022-04-23 00:00:00,DOGE/USDT,0.13630000,0.13680000,0.13310000,0.13390000,337691149.00000000,45561190.49330000,56187
1650585600000,2022-04-22 00:00:00,DOGE/USDT,0.13620000,0.13820000,0.13460000,0.13630000,572175737.00000000,78050873.83210000,82694
1650499200000,2022-04-21 00:00:00,DOGE/USDT,0.14070000,0.14300000,0.13400000,0.13620000,873720271.00000000,121931727.06830000,134778
1650412800000,2022-04-20 00:00:00,DOGE/USDT,0.14250000,0.14680000,0.13890000,0.14070000,1387121991.00000000,198712438.65180000,183954
1650326400000,2022-04-19 00:00:00,DOGE/USDT,0.14010000,0.14460000,0.13910000,0.14250000,811386437.00000000,114731377.75820000,121222
1650240000000,2022-04-18 00:00:00,DOGE/USDT,0.13920000,0.14050000,0.13270000,0.14020000,1219207335.00000000,166631673.40240000,172568
1650153600000,2022-04-17 00:00:00,DOGE/USDT,0.14350000,0.14500000,0.13830000,0.13920000,693196715.00000000,98798237.20050000,118303
1650067200000,2022-04-16 00:00:00,DOGE/USDT,0.14580000,0.14800000,0.14140000,0.14350000,747201976.00000000,107920654.55900000,126459
1649980800000,2022-04-15 00:00:00,DOGE/USDT,0.14420000,0.14980000,0.14180000,0.14580000,1414074566.00000000,206421725.14360000,242481
1649894400000,2022-04-14 00:00:00,DOGE/USDT,0.14000000,0.14780000,0.13680000,0.14410000,2218098250.00000000,316371897.48940000,347004
1649808000000,2022-04-13 00:00:00,DOGE/USDT,0.13800000,0.14350000,0.13620000,0.13990000,982887318.00000000,137393251.86260000,166895
1649721600000,2022-04-12 00:00:00,DOGE/USDT,0.13400000,0.14460000,0.13320000,0.13800000,1432968065.00000000,198763674.24820000,239645
1649635200000,2022-04-11 00:00:00,DOGE/USDT,0.14820000,0.15150000,0.13290000,0.13410000,2077944539.00000000,295551510.59210000,336976
1649548800000,2022-04-10 00:00:00,DOGE/USDT,0.14420000,0.15780000,0.14350000,0.14820000,2653381549.00000000,402339087.52430000,440083
1649462400000,2022-04-09 00:00:00,DOGE/USDT,0.14230000,0.14460000,0.14050000,0.14420000,598706994.00000000,85533936.67910000,104463
1649376000000,2022-04-08 00:00:00,DOGE/USDT,0.14590000,0.15340000,0.14040000,0.14240000,2219140122.00000000,327404865.77380000,316228
1649289600000,2022-04-07 00:00:00,DOGE/USDT,0.14320000,0.14830000,0.14000000,0.14590000,1901323940.00000000,274657540.88290000,268958
1649203200000,2022-04-06 00:00:00,DOGE/USDT,0.17270000,0.17480000,0.14100000,0.14330000,5121714785.00000000,798394034.07510000,885187
1649116800000,2022-04-05 00:00:00,DOGE/USDT,0.14850000,0.17960000,0.14710000,0.17270000,6454340799.00000000,1051143328.08150000,1285123
1649030400000,2022-04-04 00:00:00,DOGE/USDT,0.14650000,0.15670000,0.14120000,0.14850000,2703058960.00000000,400091044.58820000,508873
1648944000000,2022-04-03 00:00:00,DOGE/USDT,0.13870000,0.14960000,0.13620000,0.14660000,1229288569.00000000,177342644.64580000,227999
1648857600000,2022-04-02 00:00:00,DOGE/USDT,0.14140000,0.14450000,0.13780000,0.13870000,804996467.00000000,114155659.69840000,132416
1648771200000,2022-04-01 00:00:00,DOGE/USDT,0.13810000,0.14300000,0.13200000,0.14130000,1030256213.00000000,141710757.48010000,167265
1648684800000,2022-03-31 00:00:00,DOGE/USDT,0.14310000,0.14800000,0.13590000,0.13810000,1464999405.00000000,208348718.75680000,198636
1648598400000,2022-03-30 00:00:00,DOGE/USDT,0.14440000,0.14560000,0.13790000,0.14320000,1131014248.00000000,161160202.41980000,170897
1648512000000,2022-03-29 00:00:00,DOGE/USDT,0.14240000,0.14890000,0.14040000,0.14440000,1173218699.00000000,170284471.05660000,187360
1648425600000,2022-03-28 00:00:00,DOGE/USDT,0.14470000,0.15370000,0.14060000,0.14250000,1905719594.00000000,283833893.96690000,350602
1648339200000,2022-03-27 00:00:00,DOGE/USDT,0.13610000,0.14560000,0.13540000,0.14480000,1864810242.00000000,262487760.13380000,330309
1648252800000,2022-03-26 00:00:00,DOGE/USDT,0.13080000,0.13690000,0.12890000,0.13600000,780328909.00000000,103966571.16260000,125845
1648166400000,2022-03-25 00:00:00,DOGE/USDT,0.13680000,0.13770000,0.12740000,0.13080000,1191949148.00000000,159055133.65970000,181034
1648080000000,2022-03-24 00:00:00,DOGE/USDT,0.12990000,0.14130000,0.12770000,0.13680000,2168603367.00000000,295002518.00140000,388811
1647993600000,2022-03-23 00:00:00,DOGE/USDT,0.12240000,0.13140000,0.12100000,0.12980000,1136679760.00000000,143902569.42400000,188709
1647907200000,2022-03-22 00:00:00,DOGE/USDT,0.11930000,0.12570000,0.11860000,0.12240000,640695818.00000000,78763665.29560000,108852
1647820800000,2022-03-21 00:00:00,DOGE/USDT,0.11910000,0.12170000,0.11760000,0.11920000,403696503.00000000,48265946.88910000,75027
1647734400000,2022-03-20 00:00:00,DOGE/USDT,0.12350000,0.12410000,0.11740000,0.11910000,425713425.00000000,51233957.86340000,72191
1647648000000,2022-03-19 00:00:00,DOGE/USDT,0.11920000,0.12510000,0.11830000,0.12360000,678711412.00000000,82752666.07810000,125676
1647561600000,2022-03-18 00:00:00,DOGE/USDT,0.11640000,0.11960000,0.11420000,0.11910000,431655767.00000000,50225238.42350000,72814
1647475200000,2022-03-17 00:00:00,DOGE/USDT,0.11700000,0.11940000,0.11580000,0.11630000,444108919.00000000,52079343.92420000,70463
1647388800000,2022-03-16 00:00:00,DOGE/USDT,0.11260000,0.11710000,0.11210000,0.11710000,548022368.00000000,62626458.84900000,95577
1647302400000,2022-03-15 00:00:00,DOGE/USDT,0.11390000,0.11430000,0.11010000,0.11260000,417039779.00000000,46852675.13830000,67179
1647216000000,2022-03-14 00:00:00,DOGE/USDT,0.11140000,0.12200000,0.11020000,0.11390000,948724536.00000000,109293070.66100000,142648
1647129600000,2022-03-13 00:00:00,DOGE/USDT,0.11470000,0.11640000,0.10990000,0.11140000,401940015.00000000,45696820.44370000,76195
1647043200000,2022-03-12 00:00:00,DOGE/USDT,0.11540000,0.11730000,0.11460000,0.11470000,214689375.00000000,24944582.41790000,42957
1646956800000,2022-03-11 00:00:00,DOGE/USDT,0.11690000,0.11860000,0.11370000,0.11550000,407557724.00000000,47332538.50950000,70497
1646870400000,2022-03-10 00:00:00,DOGE/USDT,0.12150000,0.12190000,0.11450000,0.11690000,558408748.00000000,65388996.78720000,94251
1646784000000,2022-03-09 00:00:00,DOGE/USDT,0.11700000,0.12450000,0.11640000,0.12150000,538317389.00000000,65487819.96020000,100324
1646697600000,2022-03-08 00:00:00,DOGE/USDT,0.11680000,0.12000000,0.11520000,0.11700000,542992551.00000000,63992566.95380000,94286
1646611200000,2022-03-07 00:00:00,DOGE/USDT,0.12070000,0.12260000,0.11320000,0.11670000,511292659.00000000,60767048.55990000,96448
1646524800000,2022-03-06 00:00:00,DOGE/USDT,0.12490000,0.12560000,0.11930000,0.12070000,386679370.00000000,47420631.55940000,75202
1646438400000,2022-03-05 00:00:00,DOGE/USDT,0.12260000,0.12560000,0.12090000,0.12500000,323924728.00000000,39959043.87240000,58768
1646352000000,2022-03-04 00:00:00,DOGE/USDT,0.12970000,0.13020000,0.12000000,0.12260000,660309989.00000000,83001834.05090000,115814
1646265600000,2022-03-03 00:00:00,DOGE/USDT,0.13300000,0.13390000,0.12710000,0.12970000,523496191.00000000,68490030.51260000,100557
1646179200000,2022-03-02 00:00:00,DOGE/USDT,0.13400000,0.13730000,0.13060000,0.13300000,672511452.00000000,89853516.13370000,116521
1646092800000,2022-03-01 00:00:00,DOGE/USDT,0.13340000,0.13900000,0.12970000,0.13400000,925222290.00000000,123564983.09350000,158151
1646006400000,2022-02-28 00:00:00,DOGE/USDT,0.12300000,0.13490000,0.12130000,0.13350000,734786347.00000000,93226670.45120000,122865
1645920000000,2022-02-27 00:00:00,DOGE/USDT,0.12760000,0.12840000,0.12090000,0.12290000,635411701.00000000,79466421.63280000,98850
1645833600000,2022-02-26 00:00:00,DOGE/USDT,0.12760000,0.13060000,0.12570000,0.12760000,531223949.00000000,67936605.60520000,87364
1645747200000,2022-02-25 00:00:00,DOGE/USDT,0.12410000,0.12840000,0.12050000,0.12760000,799509758.00000000,99339704.01520000,131729
1645660800000,2022-02-24 00:00:00,DOGE/USDT,0.12730000,0.12770000,0.10650000,0.12410000,2457565179.90000000,285892016.45551600,340480
1645574400000,2022-02-23 00:00:00,DOGE/USDT,0.13130000,0.13560000,0.12720000,0.12730000,608946632.00000000,80213055.06230000,88771
1645488000000,2022-02-22 00:00:00,DOGE/USDT,0.12830000,0.13180000,0.12380000,0.13130000,711049048.00000000,91140316.27410000,105668
1645401600000,2022-02-21 00:00:00,DOGE/USDT,0.13670000,0.14190000,0.12710000,0.12820000,1003925366.00000000,136174984.93560000,144334
1645315200000,2022-02-20 00:00:00,DOGE/USDT,0.14090000,0.14110000,0.13500000,0.13660000,508576015.00000000,69748594.55700000,82037
1645228800000,2022-02-19 00:00:00,DOGE/USDT,0.13860000,0.14650000,0.13840000,0.14090000,677612304.00000000,96251390.23280000,119164
1645142400000,2022-02-18 00:00:00,DOGE/USDT,0.13830000,0.14220000,0.13600000,0.13860000,619882904.00000000,86323668.08150000,100190
1645056000000,2022-02-17 00:00:00,DOGE/USDT,0.14870000,0.15000000,0.13680000,0.13830000,740203412.00000000,106248232.22780000,141390
1644969600000,2022-02-16 00:00:00,DOGE/USDT,0.15170000,0.15170000,0.14620000,0.14870000,432478291.00000000,64397688.01380000,98490
1644883200000,2022-02-15 00:00:00,DOGE/USDT,0.14580000,0.15240000,0.14480000,0.15170000,600243216.00000000,89684396.75070000,125329
1644796800000,2022-02-14 00:00:00,DOGE/USDT,0.14810000,0.15060000,0.14270000,0.14570000,901483820.00000000,131524397.02470000,158846
1644710400000,2022-02-13 00:00:00,DOGE/USDT,0.14430000,0.15800000,0.14370000,0.14800000,1586345314.00000000,241312989.56970000,296082
1644624000000,2022-02-12 00:00:00,DOGE/USDT,0.14460000,0.14750000,0.14020000,0.14440000,573672346.00000000,82327832.15910000,117786
1644537600000,2022-02-11 00:00:00,DOGE/USDT,0.15150000,0.15430000,0.14190000,0.14460000,706523003.00000000,105560457.29960000,154473
1644451200000,2022-02-10 00:00:00,DOGE/USDT,0.15940000,0.16070000,0.15000000,0.15140000,921972005.00000000,143685718.03660000,208286
1644364800000,2022-02-09 00:00:00,DOGE/USDT,0.15820000,0.16240000,0.15420000,0.15940000,691842118.00000000,109484358.68500000,163418
1644278400000,2022-02-08 00:00:00,DOGE/USDT,0.16530000,0.17110000,0.15290000,0.15810000,1273034951.00000000,204348469.35360000,312226
1644192000000,2022-02-07 00:00:00,DOGE/USDT,0.15400000,0.17310000,0.15130000,0.16530000,1810847856.00000000,293541596.58850000,464947
1644105600000,2022-02-06 00:00:00,DOGE/USDT,0.14680000,0.15590000,0.14450000,0.15390000,705984242.00000000,106084049.97730000,191837
1644019200000,2022-02-05 00:00:00,DOGE/USDT,0.14790000,0.15070000,0.14470000,0.14690000,526695035.00000000,78083669.30310000,157132
1643932800000,2022-02-04 00:00:00,DOGE/USDT,0.13800000,0.14810000,0.13690000,0.14780000,562305646.00000000,79672789.36740000,144888
1643846400000,2022-02-03 00:00:00,DOGE/USDT,0.13690000,0.13890000,0.13460000,0.13790000,384297073.00000000,52515119.29620000,102345
1643760000000,2022-02-02 00:00:00,DOGE/USDT,0.14230000,0.14660000,0.13500000,0.13700000,491750010.00000000,69462097.11510000,153061
1643673600000,2022-02-01 00:00:00,DOGE/USDT,0.14160000,0.14440000,0.14080000,0.14230000,374440012.00000000,53367321.66310000,113926
1643587200000,2022-01-31 00:00:00,DOGE/USDT,0.13920000,0.14260000,0.13630000,0.14150000,365107026.00000000,50863765.13920000,104382
1643500800000,2022-01-30 00:00:00,DOGE/USDT,0.14290000,0.14380000,0.13800000,0.13910000,341622629.00000000,48248673.10560000,100186
1643414400000,2022-01-29 00:00:00,DOGE/USDT,0.14150000,0.14420000,0.14030000,0.14300000,339117872.00000000,48327531.01950000,100888
1643328000000,2022-01-28 00:00:00,DOGE/USDT,0.14150000,0.14260000,0.13770000,0.14140000,464231063.00000000,65093571.55000000,134663
1643241600000,2022-01-27 00:00:00,DOGE/USDT,0.14310000,0.14590000,0.13620000,0.14140000,677890025.00000000,95591229.41240000,178577
1643155200000,2022-01-26 00:00:00,DOGE/USDT,0.14270000,0.15340000,0.14090000,0.14310000,1324673854.00000000,195069981.41250000,323716
1643068800000,2022-01-25 00:00:00,DOGE/USDT,0.13730000,0.15060000,0.13250000,0.14270000,1316136672.00000000,185529039.48450000,329252
1642982400000,2022-01-24 00:00:00,DOGE/USDT,0.14170000,0.14180000,0.12560000,0.13730000,1607720454.00000000,212415108.12920000,315848
1642896000000,2022-01-23 00:00:00,DOGE/USDT,0.13330000,0.14470000,0.13200000,0.14180000,1196841624.00000000,165845229.23330000,264793
1642809600000,2022-01-22 00:00:00,DOGE/USDT,0.14200000,0.14530000,0.12000000,0.13320000,2241546261.60000000,295060612.16589830,463517
1642723200000,2022-01-21 00:00:00,DOGE/USDT,0.15530000,0.15760000,0.13990000,0.14190000,1503858051.00000000,224735013.25960000,364233
1642636800000,2022-01-20 00:00:00,DOGE/USDT,0.16160000,0.16930000,0.15360000,0.15530000,763530515.00000000,123916671.23210000,209516
1642550400000,2022-01-19 00:00:00,DOGE/USDT,0.16510000,0.16960000,0.15890000,0.16150000,867134554.00000000,142010625.81980000,228221
1642464000000,2022-01-18 00:00:00,DOGE/USDT,0.17080000,0.17430000,0.16160000,0.16510000,945110452.00000000,157263745.63470000,261221
1642377600000,2022-01-17 00:00:00,DOGE/USDT,0.17660000,0.17840000,0.16560000,0.17080000,1091483397.00000000,185872598.39030000,294432
1642291200000,2022-01-16 00:00:00,DOGE/USDT,0.18450000,0.18470000,0.17340000,0.17660000,1069094552.00000000,191535560.16240000,295928
1642204800000,2022-01-15 00:00:00,DOGE/USDT,0.18320000,0.19480000,0.18150000,0.18450000,1633943311.00000000,308140647.20910000,433639
1642118400000,2022-01-14 00:00:00,DOGE/USDT,0.17160000,0.21480000,0.17030000,0.18320000,5406672589.00000000,1034712134.38930000,1616626
1642032000000,2022-01-13 00:00:00,DOGE/USDT,0.16270000,0.17810000,0.16130000,0.17170000,2116971492.00000000,358114424.27630000,608901
1641945600000,2022-01-12 00:00:00,DOGE/USDT,0.15380000,0.16360000,0.15110000,0.16280000,911010585.00000000,143396864.33840000,216889
1641859200000,2022-01-11 00:00:00,DOGE/USDT,0.14300000,0.16700000,0.14170000,0.15380000,1691718365.00000000,261232755.93320000,414265
1641772800000,2022-01-10 00:00:00,DOGE/USDT,0.15050000,0.15220000,0.13680000,0.14310000,845047878.00000000,121825858.85910000,195011
1641686400000,2022-01-09 00:00:00,DOGE/USDT,0.15090000,0.15390000,0.14860000,0.15050000,381170543.00000000,57712544.20890000,92096
1641600000000,2022-01-08 00:00:00,DOGE/USDT,0.15510000,0.15790000,0.14510000,0.15090000,582238373.00000000,88691615.38090000,145534
1641513600000,2022-01-07 00:00:00,DOGE/USDT,0.16000000,0.16040000,0.14890000,0.15500000,1079690606.00000000,165985187.71820000,238457
1641427200000,2022-01-06 00:00:00,DOGE/USDT,0.15910000,0.16210000,0.15390000,0.15990000,705767171.00000000,111252225.62060000,163053
1641340800000,2022-01-05 00:00:00,DOGE/USDT,0.16850000,0.17100000,0.14720000,0.15900000,1084632258.00000000,175586840.15730000,307998
1641254400000,2022-01-04 00:00:00,DOGE/USDT,0.17030000,0.17260000,0.16650000,0.16840000,496439208.00000000,84445791.17980000,127545
1641168000000,2022-01-03 00:00:00,DOGE/USDT,0.17450000,0.17450000,0.16740000,0.17030000,460985351.00000000,78769279.94100000,139249
1641081600000,2022-01-02 00:00:00,DOGE/USDT,0.17310000,0.17630000,0.17050000,0.17450000,312955886.00000000,54232018.27000000,103674
1640995200000,2022-01-01 00:00:00,DOGE/USDT,0.17030000,0.17370000,0.16970000,0.17320000,297504077.00000000,51118607.69710000,78125
1640908800000,2021-12-31 00:00:00,DOGE/USDT,0.17100000,0.17580000,0.16610000,0.17030000,572705101.00000000,98370383.98990000,152444
1640822400000,2021-12-30 00:00:00,DOGE/USDT,0.16800000,0.17580000,0.16510000,0.17110000,524275170.00000000,89910272.51920000,153194
1640736000000,2021-12-29 00:00:00,DOGE/USDT,0.17380000,0.17730000,0.16610000,0.16800000,716005365.00000000,123220165.93700000,212435
1640649600000,2021-12-28 00:00:00,DOGE/USDT,0.18790000,0.18800000,0.17160000,0.17390000,979781920.00000000,175401657.47920000,269089
1640563200000,2021-12-27 00:00:00,DOGE/USDT,0.18980000,0.19280000,0.18630000,0.18790000,613110414.00000000,116692687.36090000,168262
1640476800000,2021-12-26 00:00:00,DOGE/USDT,0.19080000,0.19250000,0.18490000,0.18980000,537153520.00000000,101438456.64510000,177174
1640390400000,2021-12-25 00:00:00,DOGE/USDT,0.18620000,0.19570000,0.18470000,0.19080000,883688963.00000000,168076719.39730000,266869
1640304000000,2021-12-24 00:00:00,DOGE/USDT,0.18510000,0.19550000,0.17910000,0.18620000,1245243107.00000000,232804232.88050000,384375
1640217600000,2021-12-23 00:00:00,DOGE/USDT,0.17300000,0.18510000,0.17120000,0.18500000,1027458506.00000000,183498382.25270000,277776
1640131200000,2021-12-22 00:00:00,DOGE/USDT,0.17080000,0.17990000,0.16970000,0.17300000,885691231.00000000,154399902.65380000,237658
1640044800000,2021-12-21 00:00:00,DOGE/USDT,0.16710000,0.17240000,0.16570000,0.17070000,514233887.00000000,87347665.27810000,145562
1639958400000,2021-12-20 00:00:00,DOGE/USDT,0.16950000,0.17080000,0.16100000,0.16710000,823398873.00000000,136335890.59780000,204021
1639872000000,2021-12-19 00:00:00,DOGE/USDT,0.17230000,0.17460000,0.16910000,0.16940000,479149291.00000000,82264945.65600000,119876
1639785600000,2021-12-18 00:00:00,DOGE/USDT,0.16840000,0.17570000,0.16590000,0.17230000,594262965.00000000,101910893.05980000,153484
1639699200000,2021-12-17 00:00:00,DOGE/USDT,0.17320000,0.17660000,0.16140000,0.16850000,1033871332.00000000,175363100.35270000,269528
1639612800000,2021-12-16 00:00:00,DOGE/USDT,0.18080000,0.18530000,0.17230000,0.17320000,1077785070.00000000,193396915.82990000,286034
1639526400000,2021-12-15 00:00:00,DOGE/USDT,0.19090000,0.19120000,0.17030000,0.18080000,2177343912.00000000,391861093.21350000,611631
1639440000000,2021-12-14 00:00:00,DOGE/USDT,0.15740000,0.22040000,0.15490000,0.19090000,7338444571.00000000,1422980144.51515000,2081987
1639353600000,2021-12-13 00:00:00,DOGE/USDT,0.16960000,0.17040000,0.15140000,0.15730000,972416861.00000000,155604545.43690000,239379
1639267200000,2021-12-12 00:00:00,DOGE/USDT,0.16890000,0.17380000,0.16560000,0.16970000,499912432.00000000,84602890.44180000,138604
1639180800000,2021-12-11 00:00:00,DOGE/USDT,0.16410000,0.17000000,0.16120000,0.16890000,654792769.00000000,109062931.80550000,151183
1639094400000,2021-12-10 00:00:00,DOGE/USDT,0.16910000,0.17480000,0.16320000,0.16410000,743981315.00000000,125683654.87770000,210728
1639008000000,2021-12-09 00:00:00,DOGE/USDT,0.17910000,0.18330000,0.16850000,0.16910000,974195305.00000000,171167695.34260000,261310
1638921600000,2021-12-08 00:00:00,DOGE/USDT,0.17620000,0.18210000,0.17200000,0.17900000,870067110.00000000,154635859.71410000,224241
1638835200000,2021-12-07 00:00:00,DOGE/USDT,0.17750000,0.18390000,0.17460000,0.17620000,1069148248.00000000,191634274.37070000,288209
1638748800000,2021-12-06 00:00:00,DOGE/USDT,0.17120000,0.18040000,0.15910000,0.17760000,1661970370.00000000,280449023.36290000,378696
1638662400000,2021-12-05 00:00:00,DOGE/USDT,0.17810000,0.18120000,0.16170000,0.17120000,1381389600.00000000,237176316.58580000,331601
1638576000000,2021-12-04 00:00:00,DOGE/USDT,0.19980000,0.20040000,0.13100000,0.17810000,5303849448.20000000,875284516.14176120,1244383
1638489600000,2021-12-03 00:00:00,DOGE/USDT,0.20950000,0.21220000,0.19020000,0.19990000,1011968037.00000000,205650078.41860000,327994
1638403200000,2021-12-02 00:00:00,DOGE/USDT,0.20930000,0.22330000,0.20110000,0.20950000,1689895075.00000000,361735596.98500000,503109
1638316800000,2021-12-01 00:00:00,DOGE/USDT,0.21470000,0.21890000,0.20580000,0.20930000,803902283.00000000,171402297.52380000,253469
1638230400000,2021-11-30 00:00:00,DOGE/USDT,0.21490000,0.22750000,0.21250000,0.21470000,1617695220.00000000,355085720.06330000,525493
1638144000000,2021-11-29 00:00:00,DOGE/USDT,0.20720000,0.22700000,0.20250000,0.21500000,1857437869.00000000,398639243.04300000,529452
1638057600000,2021-11-28 00:00:00,DOGE/USDT,0.20490000,0.20740000,0.19070000,0.20730000,858901257.00000000,171491689.54370000,248262
1637971200000,2021-11-27 00:00:00,DOGE/USDT,0.20160000,0.21000000,0.20050000,0.20490000,908852823.00000000,187032695.75270000,242164
1637884800000,2021-11-26 00:00:00,DOGE/USDT,0.22100000,0.22170000,0.18600000,0.20160000,2305030656.30000000,466544938.32194300,638750
1637798400000,2021-11-25 00:00:00,DOGE/USDT,0.21700000,0.22890000,0.21380000,0.22090000,1097415948.00000000,241902116.94850000,364136
1637712000000,2021-11-24 00:00:00,DOGE/USDT,0.22670000,0.23040000,0.21060000,0.21700000,1150989995.00000000,251378365.12160000,365117
1637625600000,2021-11-23 00:00:00,DOGE/USDT,0.21940000,0.23690000,0.21320000,0.22660000,1648276631.00000000,373654997.75930000,581401
1637539200000,2021-11-22 00:00:00,DOGE/USDT,0.22560000,0.22730000,0.21630000,0.21950000,715429215.00000000,158579701.93280000,276869
1637452800000,2021-11-21 00:00:00,DOGE/USDT,0.23300000,0.23340000,0.22500000,0.22550000,584498069.00000000,133720139.53110000,212559
1637366400000,2021-11-20 00:00:00,DOGE/USDT,0.23280000,0.23570000,0.22490000,0.23300000,638393250.00000000,147517458.12820000,237113
1637280000000,2021-11-19 00:00:00,DOGE/USDT,0.22090000,0.23690000,0.21550000,0.23290000,1011256982.00000000,229179438.96750000,331987
1637193600000,2021-11-18 00:00:00,DOGE/USDT,0.23730000,0.24130000,0.21500000,0.22080000,1424059825.00000000,323967645.25540000,406185
1637107200000,2021-11-17 00:00:00,DOGE/USDT,0.23640000,0.24130000,0.22930000,0.23740000,1016537117.00000000,239701999.61770000,388896
1637020800000,2021-11-16 00:00:00,DOGE/USDT,0.25670000,0.25670000,0.22250000,0.23650000,1931306150.00000000,464932527.16230000,608934
1636934400000,2021-11-15 00:00:00,DOGE/USDT,0.26280000,0.26540000,0.25530000,0.25660000,784663988.00000000,204474518.92870000,269404
1636848000000,2021-11-14 00:00:00,DOGE/USDT,0.26120000,0.27190000,0.25970000,0.26280000,1109308026.00000000,292076559.78480000,353541
1636761600000,2021-11-13 00:00:00,DOGE/USDT,0.25940000,0.26240000,0.25420000,0.26130000,730909452.00000000,188926935.43350000,225638
1636675200000,2021-11-12 00:00:00,DOGE/USDT,0.26040000,0.26860000,0.24840000,0.25930000,1227134455.00000000,315947740.77270000,372462
1636588800000,2021-11-11 00:00:00,DOGE/USDT,0.25530000,0.27160000,0.25290000,0.26050000,1356541795.00000000,354517007.40810000,438607
1636502400000,2021-11-10 00:00:00,DOGE/USDT,0.27370000,0.27750000,0.23500000,0.25530000,2600272877.00000000,684007226.35180000,852520
1636416000000,2021-11-09 00:00:00,DOGE/USDT,0.28200000,0.29050000,0.27080000,0.27360000,1854893482.00000000,518094770.86180000,646406
1636329600000,2021-11-08 00:00:00,DOGE/USDT,0.26640000,0.29730000,0.26440000,0.28190000,3420674489.00000000,962706185.23480000,1371770
1636243200000,2021-11-07 00:00:00,DOGE/USDT,0.26180000,0.26980000,0.25840000,0.26640000,912146975.00000000,240830810.93840000,325685
1636156800000,2021-11-06 00:00:00,DOGE/USDT,0.26080000,0.26760000,0.25000000,0.26180000,1135857725.00000000,294677203.52430000,382989
1636070400000,2021-11-05 00:00:00,DOGE/USDT,0.26300000,0.27090000,0.25470000,0.26090000,1282376452.00000000,335836842.64500000,430630
1635984000000,2021-11-04 00:00:00,DOGE/USDT,0.26890000,0.27090000,0.25390000,0.26300000,1446957670.00000000,379245534.21930000,508172
1635897600000,2021-11-03 00:00:00,DOGE/USDT,0.27390000,0.27760000,0.26200000,0.26890000,1607498166.00000000,434655291.64500000,571605
1635811200000,2021-11-02 00:00:00,DOGE/USDT,0.27160000,0.28100000,0.26660000,0.27390000,1912493294.00000000,523498212.00150000,647160
1635724800000,2021-11-01 00:00:00,DOGE/USDT,0.28000000,0.28660000,0.26310000,0.27160000,2497093967.00000000,681411474.95410000,891801
1635638400000,2021-10-31 00:00:00,DOGE/USDT,0.26900000,0.28520000,0.25200000,0.28000000,3857354566.00000000,1037320524.56140000,1238053
1635552000000,2021-10-30 00:00:00,DOGE/USDT,0.28820000,0.29500000,0.25800000,0.26900000,3441001301.00000000,956948768.87880000,994098
1635465600000,2021-10-29 00:00:00,DOGE/USDT,0.29970000,0.30700000,0.27520000,0.28820000,4977184874.00000000,1449528504.81890000,1689593
1635379200000,2021-10-28 00:00:00,DOGE/USDT,0.23790000,0.34000000,0.23240000,0.29970000,17320109431.00000000,5219930976.42521700,7627669
1635292800000,2021-10-27 00:00:00,DOGE/USDT,0.25580000,0.26360000,0.21690000,0.23790000,5223432326.00000000,1272871769.40950000,1531106
1635206400000,2021-10-26 00:00:00,DOGE/USDT,0.26510000,0.27430000,0.25200000,0.25590000,2132162373.00000000,566841835.40230000,727385
1635120000000,2021-10-25 00:00:00,DOGE/USDT,0.27570000,0.28050000,0.25850000,0.26510000,2939692178.00000000,786761841.75860000,954998
1635033600000,2021-10-24 00:00:00,DOGE/USDT,0.25110000,0.28320000,0.24570000,0.27560000,4887922846.00000000,1279675115.81720000,1832059
1634947200000,2021-10-23 00:00:00,DOGE/USDT,0.24460000,0.25400000,0.24000000,0.25110000,1258672648.00000000,311513097.86640000,408341
1634860800000,2021-10-22 00:00:00,DOGE/USDT,0.24250000,0.25490000,0.23520000,0.24460000,1553243637.00000000,380298925.45110000,498045
1634774400000,2021-10-21 00:00:00,DOGE/USDT,0.25480000,0.25840000,0.23820000,0.24240000,1573673715.00000000,393363316.27610000,432968
1634688000000,2021-10-20 00:00:00,DOGE/USDT,0.24540000,0.26200000,0.24210000,0.25480000,1638568849.00000000,412204555.75870000,488016
1634601600000,2021-10-19 00:00:00,DOGE/USDT,0.24740000,0.25500000,0.23990000,0.24540000,1415459318.00000000,348466072.24530000,424087
1634515200000,2021-10-18 00:00:00,DOGE/USDT,0.23770000,0.27300000,0.23700000,0.24740000,4909224967.00000000,1256772812.22680000,1657639
1634428800000,2021-10-17 00:00:00,DOGE/USDT,0.23730000,0.24210000,0.22520000,0.23780000,1210409235.00000000,285692592.67140000,321995
1634342400000,2021-10-16 00:00:00,DOGE/USDT,0.23410000,0.24590000,0.23370000,0.23720000,1224144433.00000000,292786694.96210000,397218
1634256000000,2021-10-15 00:00:00,DOGE/USDT,0.23250000,0.24360000,0.22390000,0.23400000,1457540715.00000000,339393961.86340000,448040
1634169600000,2021-10-14 00:00:00,DOGE/USDT,0.23250000,0.24030000,0.23110000,0.23250000,1098049682.00000000,258753618.17370000,309024
1634083200000,2021-10-13 00:00:00,DOGE/USDT,0.22600000,0.23420000,0.22030000,0.23260000,1044380785.00000000,236627812.18450000,274739
1633996800000,2021-10-12 00:00:00,DOGE/USDT,0.23120000,0.23180000,0.21600000,0.22610000,1030470079.00000000,230081402.58140000,292420
1633910400000,2021-10-11 00:00:00,DOGE/USDT,0.22870000,0.23940000,0.22490000,0.23120000,1072711057.00000000,250141411.29540000,298401
1633824000000,2021-10-10 00:00:00,DOGE/USDT,0.24670000,0.24870000,0.22600000,0.22880000,977648960.00000000,235428475.55700000,301360
1633737600000,2021-10-09 00:00:00,DOGE/USDT,0.24420000,0.25270000,0.24070000,0.24670000,1073585552.00000000,265083202.33900000,302173
1633651200000,2021-10-08 00:00:00,DOGE/USDT,0.24290000,0.25490000,0.24140000,0.24410000,1381822126.00000000,341183059.25460000,439671
1633564800000,2021-10-07 00:00:00,DOGE/USDT,0.25420000,0.25700000,0.23570000,0.24280000,2142393485.00000000,526371407.18480000,684345
1633478400000,2021-10-06 00:00:00,DOGE/USDT,0.25170000,0.27190000,0.24220000,0.25410000,3681509190.00000000,937240922.13540000,1031825
1633392000000,2021-10-05 00:00:00,DOGE/USDT,0.24150000,0.26800000,0.23250000,0.25160000,3796153741.00000000,952019073.96640000,1140858
1633305600000,2021-10-04 00:00:00,DOGE/USDT,0.22180000,0.24900000,0.21190000,0.24140000,3281218340.00000000,758280391.15330000,878495
1633219200000,2021-10-03 00:00:00,DOGE/USDT,0.21860000,0.22660000,0.21550000,0.22180000,697996641.00000000,154246564.91320000,193891
1633132800000,2021-10-02 00:00:00,DOGE/USDT,0.22270000,0.22500000,0.21510000,0.21850000,726979560.00000000,160184235.46050000,193514
1633046400000,2021-10-01 00:00:00,DOGE/USDT,0.20430000,0.22530000,0.20180000,0.22260000,1029403020.00000000,219547713.51790000,310097
1632960000000,2021-09-30 00:00:00,DOGE/USDT,0.19870000,0.20600000,0.19760000,0.20420000,525345573.00000000,106147967.72930000,143533
1632873600000,2021-09-29 00:00:00,DOGE/USDT,0.19660000,0.20430000,0.19460000,0.19870000,508197881.00000000,101260063.70770000,111893
1632787200000,2021-09-28 00:00:00,DOGE/USDT,0.19980000,0.20270000,0.19600000,0.19650000,478010126.00000000,95483638.94110000,106109
1632700800000,2021-09-27 00:00:00,DOGE/USDT,0.20500000,0.20930000,0.19960000,0.19970000,447272392.00000000,91574177.34430000,114509
1632614400000,2021-09-26 00:00:00,DOGE/USDT,0.20840000,0.20890000,0.19400000,0.20500000,778024870.70000000,157519709.58209200,174384
1632528000000,2021-09-25 00:00:00,DOGE/USDT,0.20920000,0.21400000,0.20430000,0.20830000,648108334.00000000,135245750.12680000,179510
1632441600000,2021-09-24 00:00:00,DOGE/USDT,0.22450000,0.22910000,0.19650000,0.20910000,1446332143.90000000,303553065.91549600,326750
1632355200000,2021-09-23 00:00:00,DOGE/USDT,0.22440000,0.22730000,0.21750000,0.22460000,809134784.00000000,180164367.17640000,186777
1632268800000,2021-09-22 00:00:00,DOGE/USDT,0.20080000,0.23040000,0.19990000,0.22450000,1505717159.70000000,322392479.67390000,344339
1632182400000,2021-09-21 00:00:00,DOGE/USDT,0.20860000,0.21850000,0.19760000,0.20090000,1475472637.80000000,304987868.41802600,303144
1632096000000,2021-09-20 00:00:00,DOGE/USDT,0.23310000,0.23350000,0.19880000,0.20860000,1842218251.90000000,394048468.11675000,405118
1632009600000,2021-09-19 00:00:00,DOGE/USDT,0.24140000,0.24150000,0.23070000,0.23310000,486273037.00000000,115252029.36550000,127437
1631923200000,2021-09-18 00:00:00,DOGE/USDT,0.24010000,0.24740000,0.23790000,0.24130000,532008968.00000000,129164187.24910000,140898
1631836800000,2021-09-17 00:00:00,DOGE/USDT,0.24190000,0.25990000,0.23730000,0.24010000,1532347235.00000000,379559281.68590000,423427
1631750400000,2021-09-16 00:00:00,DOGE/USDT,0.24770000,0.24790000,0.23290000,0.24180000,767085717.00000000,185504087.16760000,205861
1631664000000,2021-09-15 00:00:00,DOGE/USDT,0.24060000,0.24840000,0.23880000,0.24760000,624731884.00000000,151898288.60840000,184628
1631577600000,2021-09-14 00:00:00,DOGE/USDT,0.23590000,0.24170000,0.23350000,0.24060000,600777341.00000000,142920878.26020000,161582
1631491200000,2021-09-13 00:00:00,DOGE/USDT,0.25040000,0.25230000,0.22810000,0.23580000,1194502511.00000000,283614884.60060000,292444
1631404800000,2021-09-12 00:00:00,DOGE/USDT,0.24100000,0.25510000,0.23870000,0.25020000,824439503.00000000,203304943.35930000,225601
1631318400000,2021-09-11 00:00:00,DOGE/USDT,0.23980000,0.24790000,0.23760000,0.24100000,574961334.00000000,139714407.49100000,157807
1631232000000,2021-09-10 00:00:00,DOGE/USDT,0.25250000,0.26200000,0.23530000,0.23970000,1039971873.00000000,256488140.44720000,288292
1631145600000,2021-09-09 00:00:00,DOGE/USDT,0.25660000,0.25970000,0.24860000,0.25250000,972908690.00000000,247597398.95750000,280534
1631059200000,2021-09-08 00:00:00,DOGE/USDT,0.25530000,0.26350000,0.23320000,0.25670000,2036725778.00000000,510772656.43400000,532364
1630972800000,2021-09-07 00:00:00,DOGE/USDT,0.30910000,0.31140000,0.21450000,0.25520000,4143609594.10000000,1093324011.93616300,1155610
1630886400000,2021-09-06 00:00:00,DOGE/USDT,0.31440000,0.31990000,0.29970000,0.30900000,1327741283.10000000,411842890.43197600,484314
1630800000000,2021-09-05 00:00:00,DOGE/USDT,0.29930000,0.31550000,0.29600000,0.31430000,1273101183.70000000,388890887.95692700,446100
1630713600000,2021-09-04 00:00:00,DOGE/USDT,0.29610000,0.30870000,0.29290000,0.29920000,1170386591.00000000,351086766.76710000,409866
1630627200000,2021-09-03 00:00:00,DOGE/USDT,0.29460000,0.30470000,0.28700000,0.29610000,1248795134.00000000,370327334.06210000,412188
1630540800000,2021-09-02 00:00:00,DOGE/USDT,0.29440000,0.31000000,0.29170000,0.29470000,1859879704.70000000,559826638.10634000,664845
1630454400000,2021-09-01 00:00:00,DOGE/USDT,0.27820000,0.29500000,0.27280000,0.29430000,1077645215.00000000,306153073.61310000,377442
1630368000000,2021-08-31 00:00:00,DOGE/USDT,0.27190000,0.28600000,0.26960000,0.27810000,994391602.00000000,275796352.77920000,326296
1630281600000,2021-08-30 00:00:00,DOGE/USDT,0.28090000,0.29050000,0.26980000,0.27200000,994923907.00000000,277765719.47840000,311173
1630195200000,2021-08-29 00:00:00,DOGE/USDT,0.28600000,0.29180000,0.27640000,0.28090000,758831427.00000000,214101374.10370000,229161
1630108800000,2021-08-28 00:00:00,DOGE/USDT,0.29440000,0.29950000,0.28300000,0.28600000,813242385.10000000,235148683.90202200,267926
1630022400000,2021-08-27 00:00:00,DOGE/USDT,0.26840000,0.29510000,0.26500000,0.29440000,1345067751.70000000,375916392.10523100,381840
1629936000000,2021-08-26 00:00:00,DOGE/USDT,0.29254000,0.29645000,0.26410000,0.26840000,1401204832.10000000,387132430.93558400,427306
1629849600000,2021-08-25 00:00:00,DOGE/USDT,0.28862000,0.29789000,0.27948000,0.29255000,1658742148.80000000,479310656.42824500,559436
1629763200000,2021-08-24 00:00:00,DOGE/USDT,0.31775000,0.31968000,0.27433000,0.28864000,2336380653.80000000,699766438.96867100,796722
1629676800000,2021-08-23 00:00:00,DOGE/USDT,0.31467000,0.32800000,0.31280000,0.31783000,1842154214.40000000,589609143.60893600,683664
1629590400000,2021-08-22 00:00:00,DOGE/USDT,0.31666000,0.32159000,0.30500000,0.31467000,1401118643.80000000,439943524.68662300,490785
1629504000000,2021-08-21 00:00:00,DOGE/USDT,0.32733000,0.33000000,0.31313000,0.31662000,1751965697.20000000,564595301.08164200,656408
1629417600000,2021-08-20 00:00:00,DOGE/USDT,0.31777000,0.33640000,0.31373000,0.32733000,2177517962.30000000,703117739.03787700,881561
1629331200000,2021-08-19 00:00:00,DOGE/USDT,0.30321000,0.31943000,0.29355000,0.31778000,2386616242.50000000,727935173.07926800,851309
1629244800000,2021-08-18 00:00:00,DOGE/USDT,0.29930000,0.32500000,0.27750000,0.30320000,4089557667.20000000,1232998199.51005300,1342922
1629158400000,2021-08-17 00:00:00,DOGE/USDT,0.31946000,0.34021000,0.29452000,0.29933000,3520234606.50000000,1129087958.00672900,1480283
1629072000000,2021-08-16 00:00:00,DOGE/USDT,0.33996000,0.35170000,0.31001000,0.31956000,4130699106.80000000,1377064266.90045600,2015571
1628985600000,2021-08-15 00:00:00,DOGE/USDT,0.29399000,0.34950000,0.28620000,0.33984000,4964816125.00000000,1544241159.19485900,2093790
1628899200000,2021-08-14 00:00:00,DOGE/USDT,0.28670000,0.29864000,0.27570000,0.29402000,3131790645.40000000,901636552.54284400,1111559
1628812800000,2021-08-13 00:00:00,DOGE/USDT,0.26405000,0.28756000,0.26121000,0.28667000,2142420241.30000000,592227760.81449100,708956
1628726400000,2021-08-12 00:00:00,DOGE/USDT,0.26448000,0.29490000,0.25165000,0.26401000,3923287429.80000000,1064711859.98625200,1310291
1628640000000,2021-08-11 00:00:00,DOGE/USDT,0.25734000,0.28295000,0.25626000,0.26445000,3712761104.70000000,1004804670.80594800,1252602
1628553600000,2021-08-10 00:00:00,DOGE/USDT,0.25610000,0.26321000,0.24513000,0.25732000,2588076619.60000000,659012619.40404700,1065587
1628467200000,2021-08-09 00:00:00,DOGE/USDT,0.23996000,0.26666000,0.23048000,0.25609000,3702865258.60000000,928109307.89706000,1327292
1628380800000,2021-08-08 00:00:00,DOGE/USDT,0.26184000,0.28377000,0.23500000,0.23996000,5791158603.50000000,1496730706.91971500,2487438
1628294400000,2021-08-07 00:00:00,DOGE/USDT,0.20482000,0.26280000,0.20358000,0.26189000,5158338816.20000000,1201706313.60601800,1965825
1628208000000,2021-08-06 00:00:00,DOGE/USDT,0.20094000,0.21200000,0.19841000,0.20482000,1263420290.40000000,257269083.17416500,362869
1628121600000,2021-08-05 00:00:00,DOGE/USDT,0.20152000,0.20258000,0.19430000,0.20095000,946707300.60000000,188155415.65353700,284653
1628035200000,2021-08-04 00:00:00,DOGE/USDT,0.19626000,0.20326000,0.19416000,0.20153000,873261017.40000000,173866598.17459100,264451
1627948800000,2021-08-03 00:00:00,DOGE/USDT,0.20325000,0.20510000,0.19310000,0.19626000,977103235.10000000,193410947.60833100,297960
1627862400000,2021-08-02 00:00:00,DOGE/USDT,0.20420000,0.20998000,0.20180000,0.20327000,896401081.30000000,183847136.44556200,276220
1627776000000,2021-08-01 00:00:00,DOGE/USDT,0.20764000,0.21799000,0.20082000,0.20424000,1550637730.20000000,327413782.11715100,478322
1627689600000,2021-07-31 00:00:00,DOGE/USDT,0.20872000,0.21450000,0.20476000,0.20765000,1177482439.70000000,245268650.46020700,356965
1627603200000,2021-07-30 00:00:00,DOGE/USDT,0.20503000,0.21065000,0.19587000,0.20873000,1260492016.30000000,257289553.34457000,382098
1627516800000,2021-07-29 00:00:00,DOGE/USDT,0.20571000,0.20664000,0.20030000,0.20502000,875707720.80000000,178588860.47998700,263435
1627430400000,2021-07-28 00:00:00,DOGE/USDT,0.20586000,0.21386000,0.20161000,0.20574000,1698684418.60000000,351384949.01333600,499045
1627344000000,2021-07-27 00:00:00,DOGE/USDT,0.20363000,0.20950000,0.19506000,0.20585000,2030159664.40000000,409976210.81539400,587233
1627257600000,2021-07-26 00:00:00,DOGE/USDT,0.19788000,0.23314000,0.19679000,0.20362000,4546455511.80000000,986674155.36535300,1485286
1627171200000,2021-07-25 00:00:00,DOGE/USDT,0.19689000,0.20076000,0.19105000,0.19793000,1122436168.60000000,220142764.72149200,357958
1627084800000,2021-07-24 00:00:00,DOGE/USDT,0.19490000,0.20450000,0.19117000,0.19688000,1627615706.20000000,318970652.71405200,496570
1626998400000,2021-07-23 00:00:00,DOGE/USDT,0.19119000,0.19977000,0.18292000,0.19489000,1352326692.40000000,258932536.47505400,398516
1626912000000,2021-07-22 00:00:00,DOGE/USDT,0.19045000,0.19646000,0.18632000,0.19123000,1393922167.50000000,266620497.72958900,500806
1626825600000,2021-07-21 00:00:00,DOGE/USDT,0.17048000,0.21442000,0.16836000,0.19046000,4505979384.20000000,868579035.19989900,1556914
1626739200000,2021-07-20 00:00:00,DOGE/USDT,0.17362000,0.17997000,0.15988000,0.17047000,1865041957.20000000,314175778.97875200,616158
1626652800000,2021-07-19 00:00:00,DOGE/USDT,0.18156000,0.18429000,0.17025000,0.17362000,1079953391.40000000,189731806.22924800,316141
1626566400000,2021-07-18 00:00:00,DOGE/USDT,0.18738000,0.19605000,0.18019000,0.18157000,1344894101.60000000,252407070.04216100,726039
1626480000000,2021-07-17 00:00:00,DOGE/USDT,0.17203000,0.20530000,0.16884000,0.18734000,2572720766.90000000,476953686.13463200,826391
1626393600000,2021-07-16 00:00:00,DOGE/USDT,0.18534000,0.18833000,0.17118000,0.17202000,1185633674.20000000,213123708.47093000,359394
1626307200000,2021-07-15 00:00:00,DOGE/USDT,0.19759000,0.20089000,0.18051000,0.18534000,966797093.30000000,183033118.15401800,334500
1626220800000,2021-07-14 00:00:00,DOGE/USDT,0.19995000,0.20479000,0.18725000,0.19761000,1247947078.40000000,244169787.71854100,400372
1626134400000,2021-07-13 00:00:00,DOGE/USDT,0.20776000,0.20893000,0.19749000,0.19997000,916221269.90000000,185691879.13214100,283012
1626048000000,2021-07-12 00:00:00,DOGE/USDT,0.21597000,0.21900000,0.20394000,0.20775000,805441341.20000000,170528117.52279100,266418
1625961600000,2021-07-11 00:00:00,DOGE/USDT,0.21376000,0.21917000,0.21061000,0.21597000,551263176.40000000,118250421.31181600,192606
1625875200000,2021-07-10 00:00:00,DOGE/USDT,0.21966000,0.22812000,0.20970000,0.21375000,919482894.50000000,199891824.79982100,318346
1625788800000,2021-07-09 00:00:00,DOGE/USDT,0.20708000,0.22986000,0.19521000,0.21963000,2291127903.50000000,494599179.10863900,738815
1625702400000,2021-07-08 00:00:00,DOGE/USDT,0.22386000,0.22481000,0.20148000,0.20690000,1487061330.10000000,317654933.33246000,468220
1625616000000,2021-07-07 00:00:00,DOGE/USDT,0.23418000,0.23862000,0.22084000,0.22386000,952129896.60000000,220956362.02187600,324605
1625529600000,2021-07-06 00:00:00,DOGE/USDT,0.23117000,0.24230000,0.22931000,0.23417000,981368400.50000000,230653732.35793100,354214
1625443200000,2021-07-05 00:00:00,DOGE/USDT,0.24636000,0.24900000,0.22547000,0.23110000,1181584860.30000000,279530327.16970400,405908
1625356800000,2021-07-04 00:00:00,DOGE/USDT,0.24634000,0.25300000,0.24324000,0.24643000,823044174.70000000,204457205.01117000,300227
1625270400000,2021-07-03 00:00:00,DOGE/USDT,0.24498000,0.25039000,0.24200000,0.24636000,759251070.10000000,187380352.28658000,282977
1625184000000,2021-07-02 00:00:00,DOGE/USDT,0.24380000,0.24916000,0.23839000,0.24505000,1081847381.60000000,262656840.60263600,384814
1625097600000,2021-07-01 00:00:00,DOGE/USDT,0.25390000,0.26140000,0.23817000,0.24381000,2253058516.90000000,563323804.09332100,882860
1625011200000,2021-06-30 00:00:00,DOGE/USDT,0.26349000,0.26391000,0.23778000,0.25391000,1610075649.00000000,404216370.60814600,580217
1624924800000,2021-06-29 00:00:00,DOGE/USDT,0.25709000,0.27573000,0.25248000,0.26349000,1927372368.10000000,508993341.64056500,708135
1624838400000,2021-06-28 00:00:00,DOGE/USDT,0.26462000,0.26735000,0.25050000,0.25707000,1734504424.80000000,445938066.67271200,582036
1624752000000,2021-06-27 00:00:00,DOGE/USDT,0.24583000,0.26753000,0.24002000,0.26450000,1968559379.60000000,488208471.52400900,648905
1624665600000,2021-06-26 00:00:00,DOGE/USDT,0.23748000,0.25540000,0.23057000,0.24583000,2653188955.60000000,638512739.70967200,832962
1624579200000,2021-06-25 00:00:00,DOGE/USDT,0.26374000,0.28959000,0.22886000,0.23745000,5942192455.50000000,1530052695.03206000,2011394
1624492800000,2021-06-24 00:00:00,DOGE/USDT,0.23475000,0.26953000,0.22200000,0.26377000,3579998951.20000000,867149608.01785800,1121990
1624406400000,2021-06-23 00:00:00,DOGE/USDT,0.19075000,0.24850000,0.18046000,0.23468000,5839514040.00000000,1294917735.36063700,1747926
1624320000000,2021-06-22 00:00:00,DOGE/USDT,0.17873000,0.21740000,0.16322000,0.19072000,7520083611.80000000,1415591893.18783800,2191025
1624233600000,2021-06-21 00:00:00,DOGE/USDT,0.28054000,0.28138000,0.16490000,0.17873000,7023706752.60000000,1512324576.06297210,2208676
1624147200000,2021-06-20 00:00:00,DOGE/USDT,0.28563000,0.28988000,0.25510000,0.28054000,1528605029.50000000,417251181.03050200,599650
1624060800000,2021-06-19 00:00:00,DOGE/USDT,0.29321000,0.29791000,0.28558000,0.28567000,624846001.40000000,182075119.81357100,299882
1623974400000,2021-06-18 00:00:00,DOGE/USDT,0.30619000,0.30766000,0.28000000,0.29328000,1314700190.70000000,387111436.64077600,610268
1623888000000,2021-06-17 00:00:00,DOGE/USDT,0.30774000,0.31413000,0.30260000,0.30619000,680701230.20000000,209708643.76090300,638720
1623801600000,2021-06-16 00:00:00,DOGE/USDT,0.32025000,0.32146000,0.30505000,0.30775000,888434880.90000000,278178346.02510300,427203
1623715200000,2021-06-15 00:00:00,DOGE/USDT,0.32769000,0.33069000,0.31642000,0.32028000,1015598512.10000000,328973312.22201700,451937
1623628800000,2021-06-14 00:00:00,DOGE/USDT,0.32392000,0.33777000,0.32000000,0.32767000,1310349921.90000000,427464905.68314300,573977
1623542400000,2021-06-13 00:00:00,DOGE/USDT,0.31221000,0.33000000,0.30744000,0.32394000,1042596039.80000000,330077979.84159500,463552
1623456000000,2021-06-12 00:00:00,DOGE/USDT,0.31874000,0.31932000,0.30000000,0.31216000,1217468360.10000000,376935028.77955200,567919
1623369600000,2021-06-11 00:00:00,DOGE/USDT,0.32613000,0.33380000,0.31069000,0.31870000,1204137023.40000000,387381244.03959800,596213
1623283200000,2021-06-10 00:00:00,DOGE/USDT,0.34323000,0.34515000,0.32250000,0.32606000,1348789846.50000000,450294287.04706200,638851
1623196800000,2021-06-09 00:00:00,DOGE/USDT,0.32592000,0.35480000,0.31227000,0.34318000,2068160059.00000000,686262143.62793000,1006828
1623110400000,2021-06-08 00:00:00,DOGE/USDT,0.33150000,0.34183000,0.29526000,0.32586000,2908803652.90000000,937981423.70645900,1202588
1623024000000,2021-06-07 00:00:00,DOGE/USDT,0.37143000,0.37999000,0.32750000,0.33146000,2064211543.40000000,738436804.02752100,931913
1622937600000,2021-06-06 00:00:00,DOGE/USDT,0.37130000,0.37703000,0.36634000,0.37143000,1194622756.00000000,443275634.88520900,526215
1622851200000,2021-06-05 00:00:00,DOGE/USDT,0.37628000,0.39500000,0.35974000,0.37130000,2396911157.10000000,906142939.80679600,1160376
1622764800000,2021-06-04 00:00:00,DOGE/USDT,0.40078000,0.40249000,0.35000000,0.37628000,4035854544.90000000,1511197709.61960800,1967784
1622678400000,2021-06-03 00:00:00,DOGE/USDT,0.42344000,0.44200000,0.37722000,0.40078000,5070741840.70000000,2081980882.66489600,2376407
1622592000000,2021-06-02 00:00:00,DOGE/USDT,0.37007000,0.44834000,0.35110000,0.42338000,8351828077.50000000,3391548375.97929100,4089764
1622505600000,2021-06-01 00:00:00,DOGE/USDT,0.32558000,0.38476000,0.31121000,0.37006000,4488851727.40000000,1539365573.58739400,2062609
1622419200000,2021-05-31 00:00:00,DOGE/USDT,0.30179000,0.32991000,0.29386000,0.32557000,1897905257.40000000,590220155.77944700,956702
1622332800000,2021-05-30 00:00:00,DOGE/USDT,0.30273000,0.31079000,0.28653000,0.30179000,1514854219.60000000,456904273.28267000,762600
1622246400000,2021-05-29 00:00:00,DOGE/USDT,0.31122000,0.31794000,0.28000000,0.30280000,2016681043.40000000,604028126.91255500,951711
1622160000000,2021-05-28 00:00:00,DOGE/USDT,0.333890,0.347740,0.300160,0.311280,4174310985,1329706213.286395,1735017
1622073600000,2021-05-27 00:00:00,DOGE/USDT,0.352580,0.352800,0.326420,0.333930,2315618217,781571177.613251,1089835
1621987200000,2021-05-26 00:00:00,DOGE/USDT,0.345780,0.366780,0.335920,0.352480,3011446776,1054030897.714808,1366346
1621900800000,2021-05-25 00:00:00,DOGE/USDT,0.365490,0.379900,0.321400,0.345780,4828804122,1672045387.138726,2304847
1621814400000,2021-05-24 00:00:00,DOGE/USDT,0.306180,0.376810,0.294820,0.365350,6437227744,2144390178.062058,2976701
1621728000000,2021-05-23 00:00:00,DOGE/USDT,0.341980,0.350790,0.246910,0.306200,7612111774,2286649558.521353,3820045
1621641600000,2021-05-22 00:00:00,DOGE/USDT,0.357570,0.364000,0.316280,0.342000,5005830923,1712216237.931940,2656541
1621555200000,2021-05-21 00:00:00,DOGE/USDT,0.397350,0.411930,0.312870,0.357740,6078425496,2228862785.052471,3680670
1621468800000,2021-05-20 00:00:00,DOGE/USDT,0.329460,0.435020,0.294060,0.397360,9913741424,3793726845.713433,5513534
1621382400000,2021-05-19 00:00:00,DOGE/USDT,0.476100,0.479680,0.195800,0.329490,9876730352,3735859561.515171,6206260
1621296000000,2021-05-18 00:00:00,DOGE/USDT,0.487860,0.515940,0.468590,0.476010,2860038597,1395269932.657902,2130095
1621209600000,2021-05-17 00:00:00,DOGE/USDT,0.513400,0.516360,0.455900,0.487890,4188606628,2050463145.919175,3189592
1621123200000,2021-05-16 00:00:00,DOGE/USDT,0.508410,0.550000,0.449380,0.513510,4924406217,2533424623.104004,3893384
1621036800000,2021-05-15 00:00:00,DOGE/USDT,0.559930,0.564180,0.490000,0.508490,5254525687,2737610625.742402,4134619
1620950400000,2021-05-14 00:00:00,DOGE/USDT,0.489500,0.590920,0.464000,0.559930,10763233974,5752059644.115888,7927122
1620864000000,2021-05-13 00:00:00,DOGE/USDT,0.390820,0.519700,0.348553,0.489590,12722331880,5411855203.490100,8687412
1620777600000,2021-05-12 00:00:00,DOGE/USDT,0.493740,0.523340,0.377100,0.390810,6236459310,2925496372.305523,4201299
1620691200000,2021-05-11 00:00:00,DOGE/USDT,0.450793,0.547500,0.442700,0.493740,9013439094,4481450956.171495,6292285
1620604800000,2021-05-10 00:00:00,DOGE/USDT,0.570871,0.572255,0.417818,0.450736,12040368003,6014334709.032963,8472523
1620518400000,2021-05-09 00:00:00,DOGE/USDT,0.637878,0.703155,0.423000,0.570961,31017630718,16363755549.655674,22467841
1620432000000,2021-05-08 00:00:00,DOGE/USDT,0.691311,0.744178,0.600000,0.637855,13752224545,9343617562.493040,11577826
1620345600000,2021-05-07 00:00:00,DOGE/USDT,0.581790,0.735000,0.518629,0.691522,13720257353,8640365197.426978,11759948
1620259200000,2021-05-06 00:00:00,DOGE/USDT,0.654821,0.667527,0.541234,0.581771,9441247424,5691607071.733271,8023998
1620172800000,2021-05-05 00:00:00,DOGE/USDT,0.538729,0.697237,0.527432,0.654868,21713961754,13668906630.549913,16587539
1620086400000,2021-05-04 00:00:00,DOGE/USDT,0.441641,0.613590,0.390692,0.538730,27116343562,14069837385.905642,16427809
1620000000000,2021-05-03 00:00:00,DOGE/USDT,0.374575,0.449790,0.374332,0.441713,7401785182,3040257077.307983,4024639
1619913600000,2021-05-02 00:00:00,DOGE/USDT,0.391282,0.401118,0.360444,0.374584,5795718650,2217560388.178645,3215177
1619827200000,2021-05-01 00:00:00,DOGE/USDT,0.337806,0.398200,0.328041,0.391209,7644087358,2779728711.355317,4011217
1619740800000,2021-04-30 00:00:00,DOGE/USDT,0.305200,0.340487,0.302308,0.337754,4414201679,1421155780.572201,2248119
1619654400000,2021-04-29 00:00:00,DOGE/USDT,0.323483,0.325000,0.295378,0.305181,4554167366,1415468892.976940,2493433
1619568000000,2021-04-28 00:00:00,DOGE/USDT,0.272541,0.345670,0.255153,0.323484,16073481138,4944430240.100573,7400642
1619481600000,2021-04-27 00:00:00,DOGE/USDT,0.271924,0.280490,0.264522,0.272527,3566438620,971353069.813687,1706877
1619395200000,2021-04-26 00:00:00,DOGE/USDT,0.251418,0.280951,0.246797,0.271959,5842284969,1557431345.517375,2984872
1619308800000,2021-04-25 00:00:00,DOGE/USDT,0.270045,0.288744,0.224000,0.251418,8794483595,2305520047.387858,4374999
1619222400000,2021-04-24 00:00:00,DOGE/USDT,0.249827,0.290000,0.227573,0.270031,13388704351,3552876481.119627,6537632
1619136000000,2021-04-23 00:00:00,DOGE/USDT,0.260779,0.269667,0.161000,0.249846,24935047702,5482138734.807901,10257780
1619049600000,2021-04-22 00:00:00,DOGE/USDT,0.305983,0.309534,0.252715,0.260918,16036450485,4498168779.233939,7822099
1618963200000,2021-04-21 00:00:00,DOGE/USDT,0.317475,0.346854,0.295935,0.305983,13058132421,4133646016.616980,7476521
1618876800000,2021-04-20 00:00:00,DOGE/USDT,0.409191,0.426976,0.270800,0.317516,26986008868,9674298082.762374,15031995
1618790400000,2021-04-19 00:00:00,DOGE/USDT,0.322945,0.437976,0.308473,0.409251,25093775445,9610968278.746075,14049617
1618704000000,2021-04-18 00:00:00,DOGE/USDT,0.282732,0.352159,0.231307,0.322905,22268639112,6762260375.867345,11616674
1618617600000,2021-04-17 00:00:00,DOGE/USDT,0.365462,0.381853,0.234656,0.282716,29483321129,8672532454.700591,15881089
1618531200000,2021-04-16 00:00:00,DOGE/USDT,0.181646,0.459535,0.178591,0.365462,66578827757,20377998780.374284,27963083
1618444800000,2021-04-15 00:00:00,DOGE/USDT,0.121715,0.191163,0.120100,0.181654,29608716241,4565072775.667006,6825389
1618358400000,2021-04-14 00:00:00,DOGE/USDT,0.094744,0.145678,0.092521,0.121712,46244474443,5750949447.761896,8806118
1618272000000,2021-04-13 00:00:00,DOGE/USDT,0.070801,0.096607,0.070792,0.094752,15820107379,1354160243.203189,2342388
1618185600000,2021-04-12 00:00:00,DOGE/USDT,0.074551,0.075672,0.068847,0.070802,4483273664,322202553.320709,675034
1618099200000,2021-04-11 00:00:00,DOGE/USDT,0.063820,0.080221,0.063541,0.074548,16828625597,1230172057.725391,2292390
1618012800000,2021-04-10 00:00:00,DOGE/USDT,0.061704,0.065454,0.061078,0.063790,3090900169,196669406.628926,389350
1617926400000,2021-04-09 00:00:00,DOGE/USDT,0.061881,0.064371,0.060594,0.061700,2719276628,169318509.749960,318891
1617840000000,2021-04-08 00:00:00,DOGE/USDT,0.058833,0.062408,0.058694,0.061880,1840507953,112451126.384309,237797
1617753600000,2021-04-07 00:00:00,DOGE/USDT,0.064448,0.067555,0.057037,0.058838,5106092931,316018061.665039,702150
1617667200000,2021-04-06 00:00:00,DOGE/USDT,0.060082,0.065591,0.058023,0.064450,5427022749,332834261.387741,680205
1617580800000,2021-04-05 00:00:00,DOGE/USDT,0.057473,0.060916,0.056309,0.060085,2976420990,173429655.346187,378856
1617494400000,2021-04-04 00:00:00,DOGE/USDT,0.055560,0.058308,0.055100,0.057457,1491605437,84780240.067320,217919
1617408000000,2021-04-03 00:00:00,DOGE/USDT,0.057772,0.059745,0.055539,0.055574,2118809097,123132778.624182,303735
1617321600000,2021-04-02 00:00:00,DOGE/USDT,0.062155,0.062937,0.057322,0.057769,3088848497,183305889.664928,464668
1617235200000,2021-04-01 00:00:00,DOGE/USDT,0.053828,0.070450,0.053716,0.062151,20004335658,1253014151.647973,2460372
1617148800000,2021-03-31 00:00:00,DOGE/USDT,0.054107,0.054633,0.051495,0.053814,1314302348,70200828.499584,214768
1617062400000,2021-03-30 00:00:00,DOGE/USDT,0.054180,0.055751,0.053801,0.054096,1479637008,80859712.059285,202010
1616976000000,2021-03-29 00:00:00,DOGE/USDT,0.053726,0.054772,0.053280,0.054191,941670981,50939339.290913,139975
1616889600000,2021-03-28 00:00:00,DOGE/USDT,0.054471,0.054983,0.053041,0.053726,783748307,42377280.960546,124987
1616803200000,2021-03-27 00:00:00,DOGE/USDT,0.053969,0.055532,0.053462,0.054474,1169958460,63742836.782524,181652
1616716800000,2021-03-26 00:00:00,DOGE/USDT,0.051310,0.054088,0.051280,0.053992,910230175,48077386.781920,153842
1616630400000,2021-03-25 00:00:00,DOGE/USDT,0.051503,0.052505,0.049594,0.051311,1748593813,89315912.706158,270368
1616544000000,2021-03-24 00:00:00,DOGE/USDT,0.053452,0.056737,0.050628,0.051532,2089166201,113099932.278969,287596
1616457600000,2021-03-23 00:00:00,DOGE/USDT,0.054919,0.056203,0.052489,0.053431,1578771408,86095705.967145,246500
1616371200000,2021-03-22 00:00:00,DOGE/USDT,0.057580,0.058079,0.054310,0.054912,1385118576,78488931.184226,220875
1616284800000,2021-03-21 00:00:00,DOGE/USDT,0.058961,0.059693,0.056718,0.057580,1271568676,73785063.528457,207236
1616198400000,2021-03-20 00:00:00,DOGE/USDT,0.058343,0.060729,0.058045,0.058961,1771895240,105486325.370465,263146
1616112000000,2021-03-19 00:00:00,DOGE/USDT,0.057416,0.059980,0.056410,0.058323,1788564460,104619691.651020,272245
1616025600000,2021-03-18 00:00:00,DOGE/USDT,0.058003,0.059443,0.057030,0.057427,1424752061,82914281.217560,217454
1615939200000,2021-03-17 00:00:00,DOGE/USDT,0.058766,0.059111,0.056585,0.057990,1142594487,66114243.263247,191767
1615852800000,2021-03-16 00:00:00,DOGE/USDT,0.057047,0.059211,0.055350,0.058765,1823934734,104895859.546104,307843
1615766400000,2021-03-15 00:00:00,DOGE/USDT,0.058168,0.059973,0.054975,0.057080,2566102773,146618592.548077,403183
1615680000000,2021-03-14 00:00:00,DOGE/USDT,0.062822,0.064000,0.058168,0.058168,4508165067,275728162.962155,732735
1615593600000,2021-03-13 00:00:00,DOGE/USDT,0.055363,0.063079,0.054768,0.062816,3601684088,211896317.954252,530769
1615507200000,2021-03-12 00:00:00,DOGE/USDT,0.056051,0.057162,0.054103,0.055367,1635930605,90907640.162885,257901
1615420800000,2021-03-11 00:00:00,DOGE/USDT,0.055940,0.057093,0.054328,0.056056,1771955457,98449847.574981,274726
1615334400000,2021-03-10 00:00:00,DOGE/USDT,0.058013,0.058889,0.054396,0.055951,2276952348,128241033.630552,363725
1615248000000,2021-03-09 00:00:00,DOGE/USDT,0.063041,0.063170,0.056040,0.058013,3368967810,197699354.946717,511452
1615161600000,2021-03-08 00:00:00,DOGE/USDT,0.052080,0.063240,0.051650,0.063076,6914041457,390142653.199995,1003066
1615075200000,2021-03-07 00:00:00,DOGE/USDT,0.050949,0.052735,0.050400,0.052056,1432549398,73649430.148238,200248
1614988800000,2021-03-06 00:00:00,DOGE/USDT,0.049524,0.052759,0.049037,0.050930,2964704101,151468602.065482,404549
1614902400000,2021-03-05 00:00:00,DOGE/USDT,0.049999,0.051122,0.048000,0.049530,1708055244,84446200.255058,255803
1614816000000,2021-03-04 00:00:00,DOGE/USDT,0.050429,0.051227,0.047520,0.049999,1800644009,89877033.207227,263459
1614729600000,2021-03-03 00:00:00,DOGE/USDT,0.050225,0.052298,0.049778,0.050425,1764127924,90175011.143020,258432
1614643200000,2021-03-02 00:00:00,DOGE/USDT,0.050615,0.052463,0.049104,0.050227,1925846828,97645582.473921,272633
1614556800000,2021-03-01 00:00:00,DOGE/USDT,0.048147,0.052958,0.047883,0.050613,2657735387,133204545.016582,351704
1614470400000,2021-02-28 00:00:00,DOGE/USDT,0.050099,0.050286,0.044600,0.048171,2600455626,124145328.164719,394954
1614384000000,2021-02-27 00:00:00,DOGE/USDT,0.050444,0.052263,0.049067,0.050115,2262252639,114484144.469875,314448
1614297600000,2021-02-26 00:00:00,DOGE/USDT,0.049880,0.052550,0.048416,0.050426,3493416615,175892509.365420,531611
1614211200000,2021-02-25 00:00:00,DOGE/USDT,0.056747,0.058097,0.049294,0.049879,4729276638,255428776.518794,679720
1614124800000,2021-02-24 00:00:00,DOGE/USDT,0.047680,0.060384,0.045925,0.056731,9787125409,541928941.113274,1352264
1614038400000,2021-02-23 00:00:00,DOGE/USDT,0.053635,0.053913,0.041390,0.047680,6429794100,303359536.733159,1109427
1613952000000,2021-02-22 00:00:00,DOGE/USDT,0.056090,0.061123,0.045000,0.053657,7875401899,436078635.494503,1279722
1613865600000,2021-02-21 00:00:00,DOGE/USDT,0.054154,0.059850,0.053250,0.056063,5256189523,296092279.062476,827883
1613779200000,2021-02-20 00:00:00,DOGE/USDT,0.055172,0.061578,0.050264,0.054153,7603284797,428385094.087772,1221377
1613692800000,2021-02-19 00:00:00,DOGE/USDT,0.058828,0.059839,0.054000,0.055190,5525192213,311776289.047040,885692
1613606400000,2021-02-18 00:00:00,DOGE/USDT,0.049527,0.064735,0.049046,0.058838,12738875400,716000516.862115,1874489
1613520000000,2021-02-17 00:00:00,DOGE/USDT,0.053598,0.055280,0.047825,0.049527,5461403619,284474001.281136,917175
1613433600000,2021-02-16 00:00:00,DOGE/USDT,0.056514,0.059981,0.050653,0.053591,6549110308,365936735.225089,1238571
1613347200000,2021-02-15 00:00:00,DOGE/USDT,0.062711,0.064400,0.046005,0.056511,12758593350,722909754.747756,2062692
1613260800000,2021-02-14 00:00:00,DOGE/USDT,0.066363,0.066764,0.055600,0.062711,9205733242,565821919.357306,1612791
1613174400000,2021-02-13 00:00:00,DOGE/USDT,0.069935,0.072183,0.065748,0.066373,3817971230,262484823.758558,773693
1613088000000,2021-02-12 00:00:00,DOGE/USDT,0.069740,0.073498,0.061374,0.069928,7224823899,487344613.771201,1336110
1613001600000,2021-02-11 00:00:00,DOGE/USDT,0.072645,0.075900,0.068133,0.069763,6060839531,436430616.197035,1071744
1612915200000,2021-02-10 00:00:00,DOGE/USDT,0.070194,0.082722,0.065000,0.072645,14042973932,1043057988.474400,2883513
1612828800000,2021-02-09 00:00:00,DOGE/USDT,0.079053,0.084614,0.063647,0.070186,16841386224,1250812955.478011,2864151
1612742400000,2021-02-08 00:00:00,DOGE/USDT,0.078030,0.086134,0.063154,0.079054,28236424803,2136033168.372039,4977685
1612656000000,2021-02-07 00:00:00,DOGE/USDT,0.057716,0.087810,0.052740,0.078030,39258351272,2663381745.746014,5761583
1612569600000,2021-02-06 00:00:00,DOGE/USDT,0.046857,0.059119,0.043959,0.057716,17119105089,878181604.716270,2425118
1612483200000,2021-02-05 00:00:00,DOGE/USDT,0.052781,0.054279,0.043200,0.046830,15972015450,751309780.722023,2293487
1612396800000,2021-02-04 00:00:00,DOGE/USDT,0.037360,0.061316,0.035955,0.052782,52499797204,2583071107.453231,6638102
1612310400000,2021-02-03 00:00:00,DOGE/USDT,0.031366,0.039878,0.031065,0.037360,12354356352,429107676.919648,1461709
1612224000000,2021-02-02 00:00:00,DOGE/USDT,0.034837,0.035382,0.028768,0.031357,11457707755,368152255.670911,1448724
1612137600000,2021-02-01 00:00:00,DOGE/USDT,0.036868,0.043949,0.032650,0.034835,22740530552,876013760.296476,3084452
1612051200000,2021-01-31 00:00:00,DOGE/USDT,0.027990,0.047891,0.026516,0.036885,41815094949,1447946010.292546,4869814
1611964800000,2021-01-30 00:00:00,DOGE/USDT,0.045873,0.050646,0.022147,0.027990,62852216868,1999784448.624020,7206483
1611878400000,2021-01-29 00:00:00,DOGE/USDT,0.036367,0.088700,0.031500,0.045883,118303297172,6087730361.178434,13477454
1611792000000,2021-01-28 00:00:00,DOGE/USDT,0.007414,0.038000,0.007270,0.036324,171184215324,3118898156.708398,5301033
1611705600000,2021-01-27 00:00:00,DOGE/USDT,0.008228,0.008237,0.007235,0.007416,2291399287,17499197.098183,90647
1611619200000,2021-01-26 00:00:00,DOGE/USDT,0.008354,0.008472,0.007933,0.008234,1353054515,11139475.448659,67317
1611532800000,2021-01-25 00:00:00,DOGE/USDT,0.008722,0.008901,0.008178,0.008355,1784604947,15395659.113946,83506
1611446400000,2021-01-24 00:00:00,DOGE/USDT,0.008587,0.008982,0.008485,0.008724,1714852689,14922214.091510,82919
1611360000000,2021-01-23 00:00:00,DOGE/USDT,0.008511,0.008810,0.008351,0.008586,1547384028,13323707.053632,76128
1611273600000,2021-01-22 00:00:00,DOGE/USDT,0.008149,0.008765,0.007527,0.008520,2396122981,19755979.054788,103478
1611187200000,2021-01-21 00:00:00,DOGE/USDT,0.009079,0.009124,0.008000,0.008148,2241925996,19075129.597807,123133
1611100800000,2021-01-20 00:00:00,DOGE/USDT,0.009055,0.009179,0.008501,0.009070,2147914094,19136029.462089,117281
1611014400000,2021-01-19 00:00:00,DOGE/USDT,0.009196,0.009688,0.008926,0.009048,2680863591,24904262.297903,128372
1610928000000,2021-01-18 00:00:00,DOGE/USDT,0.009116,0.009366,0.008930,0.009197,1877829693,17191208.909995,105669
1610841600000,2021-01-17 00:00:00,DOGE/USDT,0.009241,0.009438,0.008764,0.009120,2475254242,22637381.905682,136323
1610755200000,2021-01-16 00:00:00,DOGE/USDT,0.009370,0.009600,0.009069,0.009245,2330401038,21711887.217541,129941
1610668800000,2021-01-15 00:00:00,DOGE/USDT,0.009421,0.009899,0.008308,0.009370,4811000772,44669938.881464,235604
1610582400000,2021-01-14 00:00:00,DOGE/USDT,0.008671,0.010109,0.008328,0.009419,5379574575,49897142.597267,228505
1610496000000,2021-01-13 00:00:00,DOGE/USDT,0.008063,0.008686,0.007729,0.008675,2595745235,21193161.204937,132489
1610409600000,2021-01-12 00:00:00,DOGE/USDT,0.008800,0.009154,0.007825,0.008067,3816093963,31968969.199271,185904
1610323200000,2021-01-11 00:00:00,DOGE/USDT,0.009842,0.009890,0.006660,0.008801,8037098845,66322227.675188,372247
1610236800000,2021-01-10 00:00:00,DOGE/USDT,0.010205,0.010981,0.009000,0.009841,5116967631,52015339.310729,252153
1610150400000,2021-01-09 00:00:00,DOGE/USDT,0.009758,0.010809,0.009660,0.010202,4922822551,50242413.630711,244389
1610064000000,2021-01-08 00:00:00,DOGE/USDT,0.009775,0.010353,0.008767,0.009755,4745569525,45219640.528681,247792
1609977600000,2021-01-07 00:00:00,DOGE/USDT,0.010468,0.010634,0.008908,0.009767,5072262793,50633857.364843,238234
1609891200000,2021-01-06 00:00:00,DOGE/USDT,0.009994,0.011077,0.009533,0.010468,9302684365,95398129.026560,377486
1609804800000,2021-01-05 00:00:00,DOGE/USDT,0.009796,0.010345,0.008848,0.010000,9898853432,94740845.877904,454700
1609718400000,2021-01-04 00:00:00,DOGE/USDT,0.009878,0.011554,0.007700,0.009796,26513693076,253660279.317062,1180473
1609632000000,2021-01-03 00:00:00,DOGE/USDT,0.010543,0.014000,0.009331,0.009877,58969892265,676762352.617866,2599936
1609545600000,2021-01-02 00:00:00,DOGE/USDT,0.005680,0.014076,0.005550,0.010542,98909809915,909020979.933275,3083681
1609459200000,2021-01-01 00:00:00,DOGE/USDT,0.004679,0.005690,0.004617,0.005680,4582399306,23460125.460313,120943
1609372800000,2020-12-31 00:00:00,DOGE/USDT,0.004638,0.004775,0.004522,0.004678,1791408661,8319117.943345,47221
1609286400000,2020-12-30 00:00:00,DOGE/USDT,0.004502,0.004752,0.004438,0.004635,2061932177,9464873.506321,50114
1609200000000,2020-12-29 00:00:00,DOGE/USDT,0.004608,0.004644,0.004240,0.004498,2431306696,10814294.452048,58532
1609113600000,2020-12-28 00:00:00,DOGE/USDT,0.004551,0.004744,0.004495,0.004609,2313272273,10710222.327888,58842
1609027200000,2020-12-27 00:00:00,DOGE/USDT,0.004519,0.004841,0.004387,0.004554,4044523113,18691269.214078,92311
1608940800000,2020-12-26 00:00:00,DOGE/USDT,0.004565,0.004673,0.004401,0.004519,3090781583,13973177.724547,67274
1608854400000,2020-12-25 00:00:00,DOGE/USDT,0.004579,0.004642,0.004367,0.004565,3819609004,17227654.256493,77629
1608768000000,2020-12-24 00:00:00,DOGE/USDT,0.003756,0.004599,0.003658,0.004575,4472929810,18715860.688418,101905
1608681600000,2020-12-23 00:00:00,DOGE/USDT,0.004525,0.004775,0.003581,0.003755,5772921591,24571234.957638,131156
1608595200000,2020-12-22 00:00:00,DOGE/USDT,0.004777,0.004846,0.004329,0.004521,6379411827,29287562.239190,142093
1608508800000,2020-12-21 00:00:00,DOGE/USDT,0.004641,0.005445,0.004300,0.004778,18755209024,91885962.574239,423478
1608422400000,2020-12-20 00:00:00,DOGE/USDT,0.003927,0.004756,0.003817,0.004642,16279135613,72395805.817818,293444
1608336000000,2020-12-19 00:00:00,DOGE/USDT,0.003867,0.004050,0.003798,0.003930,2551219594,10044054.478287,63267
1608249600000,2020-12-18 00:00:00,DOGE/USDT,0.003728,0.004006,0.003600,0.003866,3390531520,12882877.233833,67124
1608163200000,2020-12-17 00:00:00,DOGE/USDT,0.003422,0.004139,0.003403,0.003732,7844233058,29957454.103790,147550
1608076800000,2020-12-16 00:00:00,DOGE/USDT,0.003207,0.003434,0.003175,0.003422,1908833423,6334887.345785,29997
1607990400000,2020-12-15 00:00:00,DOGE/USDT,0.003225,0.003256,0.003166,0.003206,684980304,2195315.964283,16839
1607904000000,2020-12-14 00:00:00,DOGE/USDT,0.003260,0.003283,0.003190,0.003224,675069936,2181331.909351,16859
1607817600000,2020-12-13 00:00:00,DOGE/USDT,0.003154,0.003275,0.003142,0.003260,999837337,3217500.368997,20986
1607731200000,2020-12-12 00:00:00,DOGE/USDT,0.003070,0.003189,0.003066,0.003153,760549836,2388628.096620,22757
1607644800000,2020-12-11 00:00:00,DOGE/USDT,0.003100,0.003107,0.003000,0.003069,949285980,2907182.277914,21689
1607558400000,2020-12-10 00:00:00,DOGE/USDT,0.003151,0.003171,0.003057,0.003096,525283399,1634447.012618,13630
1607472000000,2020-12-09 00:00:00,DOGE/USDT,0.003176,0.003185,0.003003,0.003150,1020299434,3176526.591631,21540
1607385600000,2020-12-08 00:00:00,DOGE/USDT,0.003340,0.003364,0.003107,0.003176,1076869765,3501697.643574,22262
1607299200000,2020-12-07 00:00:00,DOGE/USDT,0.003391,0.003406,0.003303,0.003341,427527036,1438975.392329,13979
1607212800000,2020-12-06 00:00:00,DOGE/USDT,0.003398,0.003448,0.003343,0.003391,564809646,1919014.114325,20422
1607126400000,2020-12-05 00:00:00,DOGE/USDT,0.003286,0.003417,0.003245,0.003398,797785234,2679607.186300,20396
1607040000000,2020-12-04 00:00:00,DOGE/USDT,0.003423,0.003444,0.003265,0.003287,1288605108,4319028.344529,33911
1606953600000,2020-12-03 00:00:00,DOGE/USDT,0.003362,0.003523,0.003339,0.003424,1556133132,5336228.951839,38454
1606867200000,2020-12-02 00:00:00,DOGE/USDT,0.003324,0.003439,0.003267,0.003363,1183106222,3980273.692250,35873
1606780800000,2020-12-01 00:00:00,DOGE/USDT,0.003566,0.003593,0.003247,0.003325,2126879184,7285052.449714,60296
1606694400000,2020-11-30 00:00:00,DOGE/USDT,0.003444,0.003600,0.003387,0.003568,1826957026,6420175.655032,45214
1606608000000,2020-11-29 00:00:00,DOGE/USDT,0.003395,0.003530,0.003339,0.003443,1010505181,3463836.115402,27046
1606521600000,2020-11-28 00:00:00,DOGE/USDT,0.003277,0.003488,0.003235,0.003395,1936345289,6539402.283124,37626
1606435200000,2020-11-27 00:00:00,DOGE/USDT,0.003255,0.003362,0.003080,0.003278,2314045441,7469171.137264,49969
1606348800000,2020-11-26 00:00:00,DOGE/USDT,0.003723,0.003808,0.002943,0.003254,8265542377,27073613.464549,176701
1606262400000,2020-11-25 00:00:00,DOGE/USDT,0.004271,0.004319,0.003579,0.003722,7061733413,28263384.300752,160571
1606176000000,2020-11-24 00:00:00,DOGE/USDT,0.003689,0.004304,0.003533,0.004273,13561264187,52907033.496414,257242
1606089600000,2020-11-23 00:00:00,DOGE/USDT,0.003344,0.003706,0.003228,0.003690,5030942545,17204919.834132,87977
1606003200000,2020-11-22 00:00:00,DOGE/USDT,0.003523,0.003715,0.003147,0.003344,6592100020,22335524.450911,117399
1605916800000,2020-11-21 00:00:00,DOGE/USDT,0.002998,0.003620,0.002988,0.003522,9536649180,31959342.403124,148334
1605830400000,2020-11-20 00:00:00,DOGE/USDT,0.002915,0.003032,0.002906,0.002998,2342929512,6964886.745355,46024
1605744000000,2020-11-19 00:00:00,DOGE/USDT,0.002911,0.002982,0.002858,0.002916,1916570314,5599892.520863,41681
1605657600000,2020-11-18 00:00:00,DOGE/USDT,0.002948,0.003029,0.002813,0.002911,2999996640,8739287.411011,58960
1605571200000,2020-11-17 00:00:00,DOGE/USDT,0.002898,0.003023,0.002887,0.002947,2716080517,7977737.487782,46727
1605484800000,2020-11-16 00:00:00,DOGE/USDT,0.002775,0.003050,0.002756,0.002897,4169009009,12114992.977834,56798
1605398400000,2020-11-15 00:00:00,DOGE/USDT,0.002776,0.002821,0.002723,0.002776,1038738954,2888270.826729,25972
1605312000000,2020-11-14 00:00:00,DOGE/USDT,0.002818,0.002828,0.002708,0.002776,898263080,2487763.720293,23372
1605225600000,2020-11-13 00:00:00,DOGE/USDT,0.002779,0.002854,0.002769,0.002817,939887251,2645397.836577,25208
1605139200000,2020-11-12 00:00:00,DOGE/USDT,0.002756,0.002806,0.002718,0.002779,615593489,1702549.252957,22009
1605052800000,2020-11-11 00:00:00,DOGE/USDT,0.002762,0.002871,0.002740,0.002757,1306325787,3662919.449056,28666
1604966400000,2020-11-10 00:00:00,DOGE/USDT,0.002674,0.002894,0.002656,0.002761,1855574887,5179570.510217,43820
1604880000000,2020-11-09 00:00:00,DOGE/USDT,0.002705,0.002792,0.002661,0.002674,1183853398,3226300.024834,28885
1604793600000,2020-11-08 00:00:00,DOGE/USDT,0.002667,0.002742,0.002645,0.002705,992715002,2688183.943100,23484
1604707200000,2020-11-07 00:00:00,DOGE/USDT,0.002759,0.002833,0.002601,0.002666,2968056353,8154176.897670,45380
1604620800000,2020-11-06 00:00:00,DOGE/USDT,0.002635,0.002821,0.002630,0.002759,2816120885,7763395.893352,48389
1604534400000,2020-11-05 00:00:00,DOGE/USDT,0.002541,0.002673,0.002541,0.002635,1097362967,2858953.376625,39450
1604448000000,2020-11-04 00:00:00,DOGE/USDT,0.002518,0.002559,0.002484,0.002541,1331130484,3354781.424620,31152
1604361600000,2020-11-03 00:00:00,DOGE/USDT,0.002513,0.002526,0.002455,0.002519,755393101,1886737.884679,37636
1604275200000,2020-11-02 00:00:00,DOGE/USDT,0.002574,0.002590,0.002508,0.002514,1292758511,3286865.467062,34566
1604188800000,2020-11-01 00:00:00,DOGE/USDT,0.002568,0.002588,0.002552,0.002575,818024138,2102483.022080,33392
1604102400000,2020-10-31 00:00:00,DOGE/USDT,0.002584,0.002602,0.002551,0.002568,718914518,1849467.329773,31717
1604016000000,2020-10-30 00:00:00,DOGE/USDT,0.002576,0.002596,0.002503,0.002583,1430931398,3664705.959449,27753
1603929600000,2020-10-29 00:00:00,DOGE/USDT,0.002582,0.002613,0.002506,0.002576,815101818,2095501.097073,26092
1603843200000,2020-10-28 00:00:00,DOGE/USDT,0.002671,0.002695,0.002561,0.002582,1513797468,3965411.975520,32320
1603756800000,2020-10-27 00:00:00,DOGE/USDT,0.002669,0.002708,0.002612,0.002671,1130296817,3019599.593633,25440
1603670400000,2020-10-26 00:00:00,DOGE/USDT,0.002653,0.002912,0.002629,0.002669,4454836618,12416824.452288,67094
1603584000000,2020-10-25 00:00:00,DOGE/USDT,0.002639,0.002674,0.002619,0.002653,661190723,1750783.397345,19163
1603497600000,2020-10-24 00:00:00,DOGE/USDT,0.002645,0.002645,0.002609,0.002638,412487585,1084445.045036,18679
1603411200000,2020-10-23 00:00:00,DOGE/USDT,0.002649,0.002691,0.002623,0.002645,776781230,2066895.903225,19794
1603324800000,2020-10-22 00:00:00,DOGE/USDT,0.002626,0.002698,0.002624,0.002649,776563916,2069459.886613,20249
1603238400000,2020-10-21 00:00:00,DOGE/USDT,0.002594,0.002665,0.002594,0.002627,1112437851,2920249.065123,22017
1603152000000,2020-10-20 00:00:00,DOGE/USDT,0.002593,0.002622,0.002580,0.002594,791270865,2055338.512533,21137
1603065600000,2020-10-19 00:00:00,DOGE/USDT,0.002588,0.002621,0.002570,0.002593,2415786425,6259756.522185,29226
1602979200000,2020-10-18 00:00:00,DOGE/USDT,0.002587,0.002607,0.002581,0.002588,1903692683,4928388.627095,18178
1602892800000,2020-10-17 00:00:00,DOGE/USDT,0.002603,0.002605,0.002570,0.002587,645765705,1668072.183974,16406
1602806400000,2020-10-16 00:00:00,DOGE/USDT,0.002593,0.002618,0.002550,0.002603,1111594391,2867154.455818,20338
1602720000000,2020-10-15 00:00:00,DOGE/USDT,0.002636,0.002639,0.002566,0.002593,690276286,1796442.886266,20598
1602633600000,2020-10-14 00:00:00,DOGE/USDT,0.002640,0.002657,0.002612,0.002636,671409683,1767818.757960,20875
1602547200000,2020-10-13 00:00:00,DOGE/USDT,0.002664,0.002675,0.002630,0.002640,946985509,2511650.161450,20738
1602460800000,2020-10-12 00:00:00,DOGE/USDT,0.002672,0.002711,0.002626,0.002665,929857146,2484460.122041,20686
1602374400000,2020-10-11 00:00:00,DOGE/USDT,0.002660,0.002707,0.002647,0.002671,943145140,2524918.020157,17396
1602288000000,2020-10-10 00:00:00,DOGE/USDT,0.002651,0.002720,0.002645,0.002662,1065993494,2856512.894537,18551
1602201600000,2020-10-09 00:00:00,DOGE/USDT,0.002603,0.002672,0.002585,0.002651,1047459720,2763702.643228,18934
1602115200000,2020-10-08 00:00:00,DOGE/USDT,0.002590,0.002633,0.002538,0.002603,1557792922,4032500.339964,22267
1602028800000,2020-10-07 00:00:00,DOGE/USDT,0.002597,0.002609,0.002551,0.002590,1143917575,2958570.495149,20028
1601942400000,2020-10-06 00:00:00,DOGE/USDT,0.002612,0.002630,0.002560,0.002598,849199720,2204898.942557,20954
1601856000000,2020-10-05 00:00:00,DOGE/USDT,0.002635,0.002656,0.002597,0.002611,380915695,999541.465832,12213
1601769600000,2020-10-04 00:00:00,DOGE/USDT,0.002588,0.002678,0.002583,0.002635,534497872,1403714.537901,13529
1601683200000,2020-10-03 00:00:00,DOGE/USDT,0.002590,0.002629,0.002574,0.002589,378187650,984845.171138,11331
1601596800000,2020-10-02 00:00:00,DOGE/USDT,0.002626,0.002627,0.002525,0.002589,1182999535,3045221.483683,26087
1601510400000,2020-10-01 00:00:00,DOGE/USDT,0.002633,0.002683,0.002550,0.002627,871273702,2293031.209373,18124
1601424000000,2020-09-30 00:00:00,DOGE/USDT,0.002674,0.002678,0.002613,0.002633,580234140,1534666.300376,14398
1601337600000,2020-09-29 00:00:00,DOGE/USDT,0.002644,0.002706,0.002628,0.002673,704060178,1879309.140482,19045
1601251200000,2020-09-28 00:00:00,DOGE/USDT,0.002696,0.002737,0.002609,0.002645,648574910,1743503.474016,15230
1601164800000,2020-09-27 00:00:00,DOGE/USDT,0.002695,0.002730,0.002654,0.002696,509560487,1370946.561241,13449
1601078400000,2020-09-26 00:00:00,DOGE/USDT,0.002692,0.002761,0.002665,0.002696,608018941,1645586.226213,18573
1600992000000,2020-09-25 00:00:00,DOGE/USDT,0.002629,0.002709,0.002611,0.002689,1341974713,3575821.846046,30253
1600905600000,2020-09-24 00:00:00,DOGE/USDT,0.002539,0.002659,0.002520,0.002630,1225171183,3182983.816636,24587
1600819200000,2020-09-23 00:00:00,DOGE/USDT,0.002639,0.002646,0.002526,0.002540,974296157,2522142.505078,27031
1600732800000,2020-09-22 00:00:00,DOGE/USDT,0.002592,0.002660,0.002575,0.002641,710107241,1858994.678097,22441
1600646400000,2020-09-21 00:00:00,DOGE/USDT,0.002776,0.002800,0.002554,0.002593,1939239104,5172212.161887,40115
1600560000000,2020-09-20 00:00:00,DOGE/USDT,0.002791,0.002803,0.002720,0.002775,760394514,2104026.228432,18798
1600473600000,2020-09-19 00:00:00,DOGE/USDT,0.002788,0.002808,0.002765,0.002793,602365810,1679540.851711,13422
1600387200000,2020-09-18 00:00:00,DOGE/USDT,0.002804,0.002819,0.002744,0.002788,608368739,1693374.055240,17342
1600300800000,2020-09-17 00:00:00,DOGE/USDT,0.002808,0.002859,0.002762,0.002805,898176923,2519033.456602,23358
1600214400000,2020-09-16 00:00:00,DOGE/USDT,0.002828,0.002854,0.002766,0.002809,1180482418,3325788.774742,25951
1600128000000,2020-09-15 00:00:00,DOGE/USDT,0.002787,0.002872,0.002756,0.002829,1339001858,3772620.815426,30253
1600041600000,2020-09-14 00:00:00,DOGE/USDT,0.002788,0.002811,0.002732,0.002788,874423681,2426181.035608,21855
1599955200000,2020-09-13 00:00:00,DOGE/USDT,0.002815,0.002818,0.002733,0.002787,841981215,2338698.201932,23057
1599868800000,2020-09-12 00:00:00,DOGE/USDT,0.002795,0.002830,0.002755,0.002815,652617518,1820208.016775,16898
1599782400000,2020-09-11 00:00:00,DOGE/USDT,0.002804,0.002814,0.002731,0.002796,940669101,2607465.663158,23601
1599696000000,2020-09-10 00:00:00,DOGE/USDT,0.002779,0.002845,0.002750,0.002802,854280172,2386721.985829,21803
1599609600000,2020-09-09 00:00:00,DOGE/USDT,0.002745,0.002805,0.002687,0.002778,610998890,1684097.244098,17222
1599523200000,2020-09-08 00:00:00,DOGE/USDT,0.002816,0.002838,0.002662,0.002745,1184173492,3245126.239330,31171
1599436800000,2020-09-07 00:00:00,DOGE/USDT,0.002779,0.002835,0.002685,0.002816,1362343584,3757856.832787,36391
1599350400000,2020-09-06 00:00:00,DOGE/USDT,0.002760,0.002804,0.002670,0.002779,1527135103,4199283.874449,38202
1599264000000,2020-09-05 00:00:00,DOGE/USDT,0.002877,0.002921,0.002682,0.002760,1936238165,5404317.695810,54060
1599177600000,2020-09-04 00:00:00,DOGE/USDT,0.002757,0.002960,0.002691,0.002877,1899751423,5335815.619947,47480
1599091200000,2020-09-03 00:00:00,DOGE/USDT,0.003117,0.003126,0.002693,0.002760,1769023124,5177014.206844,52392
1599004800000,2020-09-02 00:00:00,DOGE/USDT,0.003242,0.003267,0.002978,0.003117,1203122794,3764441.427565,37445
1598918400000,2020-09-01 00:00:00,DOGE/USDT,0.003210,0.003280,0.003166,0.003242,1007053845,3261128.408051,22593
1598832000000,2020-08-31 00:00:00,DOGE/USDT,0.003298,0.003306,0.003184,0.003210,798332941,2595412.062760,17768
1598745600000,2020-08-30 00:00:00,DOGE/USDT,0.003272,0.003348,0.003262,0.003298,730114289,2406666.798432,26311
1598659200000,2020-08-29 00:00:00,DOGE/USDT,0.003258,0.003291,0.003228,0.003273,423529652,1384218.135812,12436
1598572800000,2020-08-28 00:00:00,DOGE/USDT,0.003196,0.003266,0.003163,0.003255,413077106,1331728.764067,12612
1598486400000,2020-08-27 00:00:00,DOGE/USDT,0.003285,0.003306,0.003127,0.003195,1276766420,4106217.837548,38776
1598400000000,2020-08-26 00:00:00,DOGE/USDT,0.003289,0.003380,0.003225,0.003285,1669395394,5488422.561386,33166
1598313600000,2020-08-25 00:00:00,DOGE/USDT,0.003410,0.003423,0.003206,0.003289,2064895290,6862073.940921,46450
1598227200000,2020-08-24 00:00:00,DOGE/USDT,0.003398,0.003478,0.003372,0.003410,1546024218,5284956.011753,33212
1598140800000,2020-08-23 00:00:00,DOGE/USDT,0.003433,0.003462,0.003362,0.003398,1169334775,3993826.621551,23979
1598054400000,2020-08-22 00:00:00,DOGE/USDT,0.003380,0.003457,0.003319,0.003434,1228543980,4172044.430038,27759
1597968000000,2020-08-21 00:00:00,DOGE/USDT,0.003447,0.003577,0.003346,0.003379,2132572606,7389939.087736,38565
1597881600000,2020-08-20 00:00:00,DOGE/USDT,0.003419,0.003509,0.003370,0.003447,948698816,3268076.569335,26975
1597795200000,2020-08-19 00:00:00,DOGE/USDT,0.003474,0.003543,0.003325,0.003418,1997968591,6830507.292352,49589
1597708800000,2020-08-18 00:00:00,DOGE/USDT,0.003590,0.003730,0.003442,0.003476,2074922672,7417696.260614,45482
1597622400000,2020-08-17 00:00:00,DOGE/USDT,0.003534,0.003740,0.003500,0.003589,2841739942,10284808.371257,56825
1597536000000,2020-08-16 00:00:00,DOGE/USDT,0.003540,0.003567,0.003437,0.003535,1278782845,4490847.829102,24893
1597449600000,2020-08-15 00:00:00,DOGE/USDT,0.003576,0.003637,0.003478,0.003541,2457133321,8752214.289325,45565
1597363200000,2020-08-14 00:00:00,DOGE/USDT,0.003492,0.003606,0.003434,0.003579,1981401261,6961788.878596,43798
1597276800000,2020-08-13 00:00:00,DOGE/USDT,0.003467,0.003526,0.003333,0.003491,1887102282,6505751.243293,40462
1597190400000,2020-08-12 00:00:00,DOGE/USDT,0.003396,0.003506,0.003311,0.003468,1532632558,5266088.796788,36076
1597104000000,2020-08-11 00:00:00,DOGE/USDT,0.003503,0.003588,0.003318,0.003397,2194380541,7571935.439534,50279
1597017600000,2020-08-10 00:00:00,DOGE/USDT,0.003471,0.003565,0.003382,0.003505,1971519264,6881578.284530,39259
1596931200000,2020-08-09 00:00:00,DOGE/USDT,0.003523,0.003538,0.003411,0.003471,1056863867,3671236.819017,24675
1596844800000,2020-08-08 00:00:00,DOGE/USDT,0.003495,0.003524,0.003392,0.003524,1076365750,3748655.406265,28798
1596758400000,2020-08-07 00:00:00,DOGE/USDT,0.003562,0.003621,0.003347,0.003496,2178416173,7669864.353271,49623
1596672000000,2020-08-06 00:00:00,DOGE/USDT,0.003506,0.003656,0.003450,0.003562,2805190546,9935964.144303,47603
1596585600000,2020-08-05 00:00:00,DOGE/USDT,0.003553,0.003595,0.003443,0.003506,2312327069,8150926.455789,41088
1596499200000,2020-08-04 00:00:00,DOGE/USDT,0.003384,0.003581,0.003363,0.003552,4816227415,16678623.016552,74618
1596412800000,2020-08-03 00:00:00,DOGE/USDT,0.003340,0.003446,0.003311,0.003384,2209764359,7491071.282724,40324
1596326400000,2020-08-02 00:00:00,DOGE/USDT,0.003717,0.003798,0.003061,0.003340,5243937296,18146307.064724,131856
1596240000000,2020-08-01 00:00:00,DOGE/USDT,0.003230,0.003872,0.003207,0.003715,10216943773,37170612.133866,163647
1596153600000,2020-07-31 00:00:00,DOGE/USDT,0.003228,0.003242,0.003175,0.003230,1099731013,3529025.017237,19655
1596067200000,2020-07-30 00:00:00,DOGE/USDT,0.003172,0.003245,0.003135,0.003228,1390413974,4435378.988175,22210
1595980800000,2020-07-29 00:00:00,DOGE/USDT,0.003190,0.003306,0.003165,0.003173,1909850957,6155296.820160,32130
1595894400000,2020-07-28 00:00:00,DOGE/USDT,0.003163,0.003233,0.003125,0.003189,1303272965,4132661.652034,25591
1595808000000,2020-07-27 00:00:00,DOGE/USDT,0.003240,0.003253,0.002999,0.003162,2747068881,8648116.894403,53742
1595721600000,2020-07-26 00:00:00,DOGE/USDT,0.003260,0.003297,0.003186,0.003239,1706816092,5516807.064219,32367
1595635200000,2020-07-25 00:00:00,DOGE/USDT,0.003213,0.003330,0.003180,0.003261,1830671869,5930589.909477,42960
1595548800000,2020-07-24 00:00:00,DOGE/USDT,0.003307,0.003314,0.003131,0.003213,1958265733,6290572.085254,38850
1595462400000,2020-07-23 00:00:00,DOGE/USDT,0.003294,0.003349,0.003265,0.003307,1674318643,5526691.788143,30871
1595376000000,2020-07-22 00:00:00,DOGE/USDT,0.003303,0.003314,0.003203,0.003292,1421543633,4615803.028801,29654
1595289600000,2020-07-21 00:00:00,DOGE/USDT,0.003215,0.003321,0.003180,0.003302,2619443411,8529437.698051,51739
1595203200000,2020-07-20 00:00:00,DOGE/USDT,0.003386,0.003432,0.003125,0.003216,3363031243,10948310.958460,61976
1595116800000,2020-07-19 00:00:00,DOGE/USDT,0.003437,0.003779,0.003301,0.003385,7212773014,25311733.439749,133049
1595030400000,2020-07-18 00:00:00,DOGE/USDT,0.003058,0.003678,0.003013,0.003436,13483791081,46528269.762695,222084
1594944000000,2020-07-17 00:00:00,DOGE/USDT,0.002985,0.003095,0.002912,0.003057,3227239839,9744076.336817,55995
1594857600000,2020-07-16 00:00:00,DOGE/USDT,0.003089,0.003093,0.002870,0.002985,3211986224,9535187.348905,60053
1594771200000,2020-07-15 00:00:00,DOGE/USDT,0.003293,0.003293,0.003046,0.003088,3104188124,9759906.154239,65899
1594684800000,2020-07-14 00:00:00,DOGE/USDT,0.003159,0.003401,0.003014,0.003293,4978543051,15959890.234220,110355
1594598400000,2020-07-13 00:00:00,DOGE/USDT,0.003647,0.003660,0.002942,0.003159,7754495522,25473364.711217,141223
1594512000000,2020-07-12 00:00:00,DOGE/USDT,0.003810,0.003861,0.003573,0.003648,2832682740,10502299.177602,60981
1594425600000,2020-07-11 00:00:00,DOGE/USDT,0.003535,0.003960,0.003411,0.003812,6154154959,22740437.240251,109150
1594339200000,2020-07-10 00:00:00,DOGE/USDT,0.003989,0.003989,0.003340,0.003535,7578204800,27852027.907311,168920
