unix,date,symbol,open,high,low,close,Volume SOL,Volume USDT,tradecount
1658275200000,2022-07-20 00:00:00,SOL/USDT,44.87000000,45.01000000,44.30000000,44.51000000,104507.39000000,4667851.76700000,7913
1658188800000,2022-07-19 00:00:00,SOL/USDT,43.52000000,47.36000000,42.54000000,44.87000000,7876651.82000000,355431156.76720000,674599
1658102400000,2022-07-18 00:00:00,SOL/USDT,38.61000000,44.07000000,38.55000000,43.52000000,6300282.95000000,261136738.34400000,446880
1658016000000,2022-07-17 00:00:00,SOL/USDT,39.59000000,41.09000000,38.29000000,38.62000000,3795951.41000000,150590859.71780000,253441
1657929600000,2022-07-16 00:00:00,SOL/USDT,37.36000000,40.41000000,36.35000000,39.58000000,3945225.20000000,152184601.37860000,259342
1657843200000,2022-07-15 00:00:00,SOL/USDT,37.14000000,39.10000000,36.49000000,37.36000000,4440629.04000000,167467008.23130000,281361
1657756800000,2022-07-14 00:00:00,SOL/USDT,34.94000000,37.31000000,33.58000000,37.15000000,5214767.02000000,183611446.56670000,275359
1657670400000,2022-07-13 00:00:00,SOL/USDT,32.69000000,35.08000000,31.82000000,34.94000000,4798032.13000000,159907054.00990000,275893
1657584000000,2022-07-12 00:00:00,SOL/USDT,33.42000000,34.61000000,32.60000000,32.68000000,3202970.40000000,107886665.71600000,204957
1657497600000,2022-07-11 00:00:00,SOL/USDT,36.71000000,36.73000000,33.24000000,33.42000000,2927967.37000000,102666563.30430000,204049
1657411200000,2022-07-10 00:00:00,SOL/USDT,38.06000000,38.14000000,36.26000000,36.71000000,2181587.60000000,80772185.72840000,148125
1657324800000,2022-07-09 00:00:00,SOL/USDT,38.12000000,38.95000000,37.77000000,38.06000000,2088073.86000000,80090467.88860000,145253
1657238400000,2022-07-08 00:00:00,SOL/USDT,38.46000000,39.72000000,36.46000000,38.12000000,5277992.76000000,200786736.77890000,354548
1657152000000,2022-07-07 00:00:00,SOL/USDT,37.04000000,39.29000000,36.39000000,38.46000000,4091777.28000000,154787628.75830000,262606
1657065600000,2022-07-06 00:00:00,SOL/USDT,35.41000000,37.65000000,34.80000000,37.04000000,5298552.90000000,190911989.17680000,333851
1656979200000,2022-07-05 00:00:00,SOL/USDT,36.71000000,36.99000000,33.03000000,35.40000000,6098472.04000000,213296068.66330000,352757
1656892800000,2022-07-04 00:00:00,SOL/USDT,33.40000000,36.94000000,32.45000000,36.71000000,4064615.13000000,140036013.56780000,246563
1656806400000,2022-07-03 00:00:00,SOL/USDT,33.36000000,33.77000000,32.14000000,33.39000000,2394572.39000000,78904888.13080000,154731
1656720000000,2022-07-02 00:00:00,SOL/USDT,32.85000000,34.14000000,31.87000000,33.36000000,2740500.19000000,90108872.26280000,183520
1656633600000,2022-07-01 00:00:00,SOL/USDT,33.76000000,35.40000000,31.82000000,32.84000000,6155756.76000000,204979216.49370000,368256
1656547200000,2022-06-30 00:00:00,SOL/USDT,34.06000000,34.20000000,30.92000000,33.76000000,5337105.46000000,171919474.35340000,344452
1656460800000,2022-06-29 00:00:00,SOL/USDT,35.34000000,36.12000000,33.10000000,34.05000000,5755278.44000000,199587272.30070000,362853
1656374400000,2022-06-28 00:00:00,SOL/USDT,38.50000000,39.90000000,35.02000000,35.35000000,5581335.85000000,209748465.29870000,361164
1656288000000,2022-06-27 00:00:00,SOL/USDT,39.39000000,41.25000000,37.90000000,38.52000000,4172937.40000000,164427982.22660000,289594
1656201600000,2022-06-26 00:00:00,SOL/USDT,42.22000000,42.49000000,39.14000000,39.39000000,4024143.84000000,164663443.91170000,308030
1656115200000,2022-06-25 00:00:00,SOL/USDT,41.91000000,42.64000000,39.73000000,42.22000000,4294211.07000000,177460350.60680000,334804
1656028800000,2022-06-24 00:00:00,SOL/USDT,38.15000000,42.92000000,37.67000000,41.91000000,6583046.23000000,263461013.46660000,463015
1655942400000,2022-06-23 00:00:00,SOL/USDT,34.13000000,38.65000000,33.91000000,38.15000000,7002610.45000000,257121431.15570000,443012
1655856000000,2022-06-22 00:00:00,SOL/USDT,36.42000000,36.87000000,33.65000000,34.12000000,6494707.01000000,227729988.51660000,407107
1655769600000,2022-06-21 00:00:00,SOL/USDT,35.25000000,39.19000000,34.20000000,36.42000000,7429098.76000000,275003273.08880000,524268
1655683200000,2022-06-20 00:00:00,SOL/USDT,34.19000000,36.90000000,31.73000000,35.24000000,8218146.80000000,281820809.89790000,564975
1655596800000,2022-06-19 00:00:00,SOL/USDT,32.01000000,35.40000000,28.68000000,34.19000000,9253122.78000000,294048592.26790000,592879
1655510400000,2022-06-18 00:00:00,SOL/USDT,30.72000000,32.06000000,27.15000000,32.02000000,9330644.34000000,275582397.12530000,555711
1655424000000,2022-06-17 00:00:00,SOL/USDT,30.12000000,32.19000000,29.26000000,30.71000000,6274370.50000000,195306060.25210000,359804
1655337600000,2022-06-16 00:00:00,SOL/USDT,34.75000000,36.00000000,29.52000000,30.12000000,10418712.66000000,335024040.42100000,605517
1655251200000,2022-06-15 00:00:00,SOL/USDT,29.59000000,34.86000000,26.79000000,34.76000000,12673444.09000000,376046180.33090000,806141
1655164800000,2022-06-14 00:00:00,SOL/USDT,28.59000000,32.32000000,25.86000000,29.59000000,11437619.27000000,335148563.73442000,671181
1655078400000,2022-06-13 00:00:00,SOL/USDT,30.60000000,31.11000000,26.05000000,28.60000000,13336972.46600000,372532264.64512500,802782
1654992000000,2022-06-12 00:00:00,SOL/USDT,33.94000000,34.50000000,30.56000000,30.61000000,6810748.10400000,222245784.90582500,400837
1654905600000,2022-06-11 00:00:00,SOL/USDT,37.17000000,37.93000000,33.17000000,33.93000000,4638154.31700000,164203312.63408200,300132
1654819200000,2022-06-10 00:00:00,SOL/USDT,39.96000000,40.90000000,36.80000000,37.17000000,4364643.34000000,168826417.91570000,313613
1654732800000,2022-06-09 00:00:00,SOL/USDT,38.83000000,41.97000000,38.44000000,39.96000000,4587327.75000000,185342283.84840000,285547
1654646400000,2022-06-08 00:00:00,SOL/USDT,39.32000000,40.96000000,38.28000000,38.83000000,3988154.30000000,156635684.26980000,283280
1654560000000,2022-06-07 00:00:00,SOL/USDT,42.39000000,42.80000000,37.12000000,39.31000000,7677286.83000000,302649368.60220000,523590
1654473600000,2022-06-06 00:00:00,SOL/USDT,38.53000000,44.87000000,38.33000000,42.39000000,6823258.30000000,290291015.63260000,488023
1654387200000,2022-06-05 00:00:00,SOL/USDT,39.02000000,40.22000000,37.85000000,38.52000000,3618511.38000000,141881168.63100000,243413
1654300800000,2022-06-04 00:00:00,SOL/USDT,38.28000000,39.50000000,35.71000000,39.00000000,3736176.79000000,139577288.67150000,265233
1654214400000,2022-06-03 00:00:00,SOL/USDT,40.86000000,41.54000000,37.63000000,38.28000000,4437324.64000000,172766731.58070000,344798
1654128000000,2022-06-02 00:00:00,SOL/USDT,40.11000000,41.65000000,38.13000000,40.85000000,5153870.27000000,206604815.91310000,360847
1654041600000,2022-06-01 00:00:00,SOL/USDT,45.78000000,46.12000000,39.51000000,40.11000000,4778696.94000000,205803279.55370000,336469
1653955200000,2022-05-31 00:00:00,SOL/USDT,47.22000000,48.24000000,44.56000000,45.77000000,4479536.73000000,207640573.68380000,309278
1653868800000,2022-05-30 00:00:00,SOL/USDT,44.98000000,48.39000000,44.27000000,47.22000000,5476313.14000000,253574633.26470000,349733
1653782400000,2022-05-29 00:00:00,SOL/USDT,44.24000000,45.67000000,41.79000000,44.98000000,4628871.10000000,202572097.58850000,299730
1653696000000,2022-05-28 00:00:00,SOL/USDT,41.18000000,45.08000000,40.33000000,44.25000000,4317517.06000000,183339589.40900000,307558
1653609600000,2022-05-27 00:00:00,SOL/USDT,43.44000000,43.95000000,39.93000000,41.17000000,7547814.80000000,315086453.00780000,510421
1653523200000,2022-05-26 00:00:00,SOL/USDT,47.97000000,48.66000000,41.69000000,43.44000000,7025986.74000000,314922743.59190000,474015
1653436800000,2022-05-25 00:00:00,SOL/USDT,49.67000000,50.55000000,47.57000000,47.98000000,3294918.76000000,160613552.13880000,248168
1653350400000,2022-05-24 00:00:00,SOL/USDT,49.17000000,50.85000000,47.10000000,49.67000000,3645448.65000000,179621230.71280000,303032
1653264000000,2022-05-23 00:00:00,SOL/USDT,52.48000000,54.68000000,48.61000000,49.17000000,4201654.88000000,219973233.88600000,434398
1653177600000,2022-05-22 00:00:00,SOL/USDT,50.30000000,53.20000000,49.69000000,52.48000000,2723718.45000000,140435263.81160000,254086
1653091200000,2022-05-21 00:00:00,SOL/USDT,49.42000000,51.21000000,48.43000000,50.31000000,1969104.94000000,98299753.25900000,222550
1653004800000,2022-05-20 00:00:00,SOL/USDT,52.20000000,53.62000000,47.81000000,49.43000000,4811635.67000000,245429377.98780000,499246
1652918400000,2022-05-19 00:00:00,SOL/USDT,49.93000000,54.09000000,48.20000000,52.20000000,4794335.94000000,246302390.73660000,513106
1652832000000,2022-05-18 00:00:00,SOL/USDT,57.01000000,57.85000000,49.38000000,49.93000000,4470848.03000000,235605712.66010000,517406
1652745600000,2022-05-17 00:00:00,SOL/USDT,53.80000000,58.22000000,53.04000000,57.02000000,4346066.59000000,242391527.49770000,531717
1652659200000,2022-05-16 00:00:00,SOL/USDT,58.83000000,58.83000000,51.89000000,53.79000000,5418221.63000000,295070394.33470000,627274
1652572800000,2022-05-15 00:00:00,SOL/USDT,52.43000000,59.31000000,49.63000000,58.83000000,3885558.77000000,208778706.77020000,477977
1652486400000,2022-05-14 00:00:00,SOL/USDT,48.93000000,53.91000000,45.81000000,52.43000000,5099487.21000000,253571501.88000000,618557
1652400000000,2022-05-13 00:00:00,SOL/USDT,44.64000000,56.99000000,43.83000000,48.92000000,8718594.50000000,445956256.04850000,892190
1652313600000,2022-05-12 00:00:00,SOL/USDT,50.90000000,54.29000000,37.37000000,44.64000000,13635820.46500000,615675880.93754000,1539677
1652227200000,2022-05-11 00:00:00,SOL/USDT,66.90000000,68.44000000,43.17000000,50.90000000,11626123.02100000,655895713.54258900,1460193
1652140800000,2022-05-10 00:00:00,SOL/USDT,62.16000000,74.03000000,60.13000000,66.90000000,7855041.33100000,533633557.19989800,994845
1652054400000,2022-05-09 00:00:00,SOL/USDT,75.39000000,77.21000000,61.70000000,62.16000000,5846036.68200000,404836586.30833100,714133
1651968000000,2022-05-08 00:00:00,SOL/USDT,78.86000000,79.41000000,73.69000000,75.38000000,2736836.40000000,210452506.82990000,310522
1651881600000,2022-05-07 00:00:00,SOL/USDT,81.67000000,82.33000000,77.03000000,78.86000000,1906773.25000000,153609731.66190000,220157
1651795200000,2022-05-06 00:00:00,SOL/USDT,84.52000000,84.84000000,79.98000000,81.68000000,2607225.81000000,213954688.34000000,343170
1651708800000,2022-05-05 00:00:00,SOL/USDT,92.77000000,95.25000000,81.32000000,84.52000000,3311421.92000000,290368666.46920000,434945
1651622400000,2022-05-04 00:00:00,SOL/USDT,85.86000000,93.06000000,85.47000000,92.77000000,2246070.16000000,198783148.93050000,282723
1651536000000,2022-05-03 00:00:00,SOL/USDT,87.49000000,88.81000000,84.66000000,85.86000000,1562366.45000000,135931235.12970000,200047
1651449600000,2022-05-02 00:00:00,SOL/USDT,89.67000000,90.89000000,85.10000000,87.50000000,1915805.97000000,168665929.55050000,283822
1651363200000,2022-05-01 00:00:00,SOL/USDT,84.63000000,93.12000000,84.15000000,89.68000000,2353897.93000000,207825708.07760000,366730
1651276800000,2022-04-30 00:00:00,SOL/USDT,93.96000000,94.95000000,81.91000000,84.63000000,1829537.27000000,164168373.57930000,275849
1651190400000,2022-04-29 00:00:00,SOL/USDT,98.23000000,98.68000000,92.35000000,93.96000000,1736234.87000000,166246202.32750000,255409
1651104000000,2022-04-28 00:00:00,SOL/USDT,98.35000000,100.55000000,96.33000000,98.24000000,1849394.04000000,182594839.53160000,300097
1651017600000,2022-04-27 00:00:00,SOL/USDT,95.70000000,100.79000000,94.89000000,98.36000000,1833742.63000000,180105223.65540000,282775
1650931200000,2022-04-26 00:00:00,SOL/USDT,100.98000000,101.98000000,94.61000000,95.70000000,1897735.14000000,187010168.60560000,291464
1650844800000,2022-04-25 00:00:00,SOL/USDT,99.22000000,101.59000000,94.32000000,100.99000000,2317293.80000000,226174939.47070000,373292
1650758400000,2022-04-24 00:00:00,SOL/USDT,100.63000000,102.31000000,98.55000000,99.23000000,1064136.15000000,106954414.42130000,192110
1650672000000,2022-04-23 00:00:00,SOL/USDT,100.55000000,102.90000000,98.31000000,100.63000000,1081628.14000000,109466876.36680000,196300
1650585600000,2022-04-22 00:00:00,SOL/USDT,101.78000000,103.55000000,99.19000000,100.55000000,1777613.85000000,180380786.86590000,279122
1650499200000,2022-04-21 00:00:00,SOL/USDT,105.58000000,110.00000000,99.86000000,101.78000000,2671646.36000000,284134458.72730000,369724
1650412800000,2022-04-20 00:00:00,SOL/USDT,108.51000000,110.90000000,104.25000000,105.59000000,2768156.81000000,297974331.00060000,403021
1650326400000,2022-04-19 00:00:00,SOL/USDT,102.37000000,109.00000000,101.02000000,108.51000000,2675360.43000000,280654686.05730000,372804
1650240000000,2022-04-18 00:00:00,SOL/USDT,100.15000000,102.65000000,94.62000000,102.33000000,2751434.83000000,271730806.75180000,416771
1650153600000,2022-04-17 00:00:00,SOL/USDT,102.06000000,105.44000000,99.62000000,100.15000000,1509800.04000000,155271562.74640000,236697
1650067200000,2022-04-16 00:00:00,SOL/USDT,101.38000000,103.50000000,100.71000000,102.06000000,1006216.36000000,102584953.53360000,135628
1649980800000,2022-04-15 00:00:00,SOL/USDT,100.77000000,102.91000000,99.55000000,101.31000000,1384490.37000000,140391145.66650000,216894
1649894400000,2022-04-14 00:00:00,SOL/USDT,104.92000000,107.72000000,98.77000000,100.77000000,2711073.76000000,279743555.62110000,359790
1649808000000,2022-04-13 00:00:00,SOL/USDT,103.21000000,106.04000000,100.09000000,104.94000000,2204306.40000000,228562636.82470000,352611
1649721600000,2022-04-12 00:00:00,SOL/USDT,99.64000000,109.36000000,98.31000000,103.22000000,3527634.19000000,366259936.41940000,526763
1649635200000,2022-04-11 00:00:00,SOL/USDT,111.06000000,111.94000000,98.10000000,99.67000000,3332133.13000000,348238454.50940000,491379
1649548800000,2022-04-10 00:00:00,SOL/USDT,112.97000000,116.09000000,109.71000000,111.07000000,1560720.04000000,175614158.75590000,282125
1649462400000,2022-04-09 00:00:00,SOL/USDT,109.92000000,113.69000000,108.28000000,112.96000000,1376896.77000000,152114680.89220000,246823
1649376000000,2022-04-08 00:00:00,SOL/USDT,118.47000000,122.42000000,108.10000000,109.92000000,3328966.49000000,387721449.44750000,550158
1649289600000,2022-04-07 00:00:00,SOL/USDT,112.94000000,120.00000000,110.88000000,118.48000000,3326346.75000000,383156868.67510000,581932
1649203200000,2022-04-06 00:00:00,SOL/USDT,126.88000000,127.40000000,112.10000000,112.95000000,4266870.20000000,512273613.69530000,740311
1649116800000,2022-04-05 00:00:00,SOL/USDT,132.14000000,136.63000000,126.07000000,126.87000000,2833885.54000000,374058737.72250000,542422
1649030400000,2022-04-04 00:00:00,SOL/USDT,136.90000000,138.29000000,125.82000000,132.14000000,3456901.43000000,457752604.04450000,582791
1648944000000,2022-04-03 00:00:00,SOL/USDT,132.48000000,141.11000000,130.52000000,136.90000000,2964507.05000000,405018764.78330000,540376
1648857600000,2022-04-02 00:00:00,SOL/USDT,134.53000000,143.51000000,131.47000000,132.49000000,4193984.20000000,575683426.38680000,758063
1648771200000,2022-04-01 00:00:00,SOL/USDT,122.79000000,138.40000000,117.39000000,134.52000000,5505077.63000000,704191459.02150000,995872
1648684800000,2022-03-31 00:00:00,SOL/USDT,120.82000000,129.50000000,119.95000000,122.77000000,5143974.90000000,640563903.87990000,858853
1648598400000,2022-03-30 00:00:00,SOL/USDT,111.62000000,125.26000000,107.11000000,120.82000000,5250424.16000000,615094936.70570000,827629
1648512000000,2022-03-29 00:00:00,SOL/USDT,105.75000000,115.70000000,105.49000000,111.62000000,3727259.92000000,416037180.64630000,590421
1648425600000,2022-03-28 00:00:00,SOL/USDT,107.04000000,113.87000000,105.22000000,105.75000000,4146023.22000000,454984710.52190000,653182
1648339200000,2022-03-27 00:00:00,SOL/USDT,101.73000000,107.46000000,98.77000000,107.04000000,2351080.64000000,242015312.59720000,345634
1648252800000,2022-03-26 00:00:00,SOL/USDT,98.60000000,103.40000000,97.63000000,101.73000000,1906343.44000000,192503281.43750000,259494
1648166400000,2022-03-25 00:00:00,SOL/USDT,102.32000000,104.86000000,96.95000000,98.60000000,3360440.57000000,341404558.23870000,437293
1648080000000,2022-03-24 00:00:00,SOL/USDT,94.88000000,103.70000000,93.26000000,102.32000000,4777008.51000000,474517921.12920000,577470
1647993600000,2022-03-23 00:00:00,SOL/USDT,90.44000000,96.36000000,89.19000000,94.89000000,2854825.20000000,265825349.01200000,297282
1647907200000,2022-03-22 00:00:00,SOL/USDT,88.58000000,93.98000000,88.00000000,90.43000000,2611345.56000000,239094582.93730000,271852
1647820800000,2022-03-21 00:00:00,SOL/USDT,88.62000000,91.28000000,86.74000000,88.59000000,1985082.57000000,176751354.78680000,203260
1647734400000,2022-03-20 00:00:00,SOL/USDT,92.31000000,92.55000000,87.82000000,88.62000000,1500458.29000000,135160820.53560000,169914
1647648000000,2022-03-19 00:00:00,SOL/USDT,89.81000000,94.55000000,89.25000000,92.31000000,2058348.96000000,189155993.91810000,262632
1647561600000,2022-03-18 00:00:00,SOL/USDT,87.80000000,92.28000000,84.41000000,89.80000000,2935949.01000000,257737465.02370000,283557
1647475200000,2022-03-17 00:00:00,SOL/USDT,87.77000000,91.00000000,86.58000000,87.80000000,2616451.80000000,232117458.58860000,286766
1647388800000,2022-03-16 00:00:00,SOL/USDT,82.84000000,87.98000000,81.53000000,87.77000000,2638790.33000000,222116241.77320000,313840
1647302400000,2022-03-15 00:00:00,SOL/USDT,81.23000000,85.99000000,78.72000000,82.84000000,2123603.37000000,173536935.31860000,249623
1647216000000,2022-03-14 00:00:00,SOL/USDT,78.72000000,82.29000000,78.00000000,81.22000000,2079919.39000000,167010301.55190000,209032
1647129600000,2022-03-13 00:00:00,SOL/USDT,81.40000000,83.34000000,77.65000000,78.73000000,2009434.97000000,162105572.65830000,198659
1647043200000,2022-03-12 00:00:00,SOL/USDT,80.67000000,82.75000000,80.57000000,81.38000000,1362268.13000000,111234273.65440000,128794
1646956800000,2022-03-11 00:00:00,SOL/USDT,82.86000000,84.29000000,80.07000000,80.67000000,2528334.85000000,206921492.64020000,232541
1646870400000,2022-03-10 00:00:00,SOL/USDT,88.06000000,88.57000000,80.63000000,82.87000000,2828339.70000000,235294840.24610000,288680
1646784000000,2022-03-09 00:00:00,SOL/USDT,82.32000000,89.92000000,81.90000000,88.06000000,3355218.73000000,293276442.50090000,336022
1646697600000,2022-03-08 00:00:00,SOL/USDT,81.65000000,85.04000000,81.30000000,82.32000000,2603816.31000000,216580078.45200000,268883
1646611200000,2022-03-07 00:00:00,SOL/USDT,84.58000000,86.71000000,79.92000000,81.66000000,3228273.76000000,268138949.59670000,363299
1646524800000,2022-03-06 00:00:00,SOL/USDT,89.61000000,89.96000000,84.09000000,84.57000000,1828270.57000000,158938647.38890000,212997
1646438400000,2022-03-05 00:00:00,SOL/USDT,88.33000000,91.22000000,86.00000000,89.63000000,1495553.50000000,132577728.33570000,202202
1646352000000,2022-03-04 00:00:00,SOL/USDT,95.63000000,95.94000000,87.00000000,88.32000000,2854970.19000000,260751773.12970000,364380
1646265600000,2022-03-03 00:00:00,SOL/USDT,100.69000000,101.70000000,94.00000000,95.62000000,2595560.67000000,253940370.88100000,374852
1646179200000,2022-03-02 00:00:00,SOL/USDT,98.65000000,106.43000000,96.76000000,100.68000000,4306326.64000000,441097205.65310000,689840
1646092800000,2022-03-01 00:00:00,SOL/USDT,99.67000000,102.03000000,94.21000000,98.66000000,3665336.76000000,359368373.97610000,572030
1646006400000,2022-02-28 00:00:00,SOL/USDT,85.61000000,103.00000000,84.17000000,99.68000000,4212075.57000000,392961670.09730000,666863
1645920000000,2022-02-27 00:00:00,SOL/USDT,90.25000000,92.19000000,84.08000000,85.63000000,2593533.97000000,228781062.13150000,396197
1645833600000,2022-02-26 00:00:00,SOL/USDT,92.73000000,95.49000000,89.23000000,90.23000000,2279602.17000000,209017446.49430000,347752
1645747200000,2022-02-25 00:00:00,SOL/USDT,89.35000000,95.00000000,86.86000000,92.71000000,3691896.58000000,332795301.06720000,532273
1645660800000,2022-02-24 00:00:00,SOL/USDT,84.58000000,93.90000000,75.35000000,89.36000000,7497540.08000000,625458651.95770000,1032742
1645574400000,2022-02-23 00:00:00,SOL/USDT,86.39000000,93.40000000,84.38000000,84.59000000,3193694.10000000,284825279.11370000,446087
1645488000000,2022-02-22 00:00:00,SOL/USDT,82.95000000,87.56000000,81.06000000,86.38000000,2835554.36000000,238850054.32760000,361422
1645401600000,2022-02-21 00:00:00,SOL/USDT,90.70000000,96.14000000,82.62000000,82.96000000,4063082.80000000,365437826.78670000,573189
1645315200000,2022-02-20 00:00:00,SOL/USDT,91.27000000,94.50000000,85.56000000,90.72000000,2559473.54000000,229568085.46210000,403374
1645228800000,2022-02-19 00:00:00,SOL/USDT,89.86000000,92.75000000,88.60000000,91.27000000,1285578.14000000,116505357.57010000,205722
1645142400000,2022-02-18 00:00:00,SOL/USDT,93.55000000,96.37000000,89.31000000,89.86000000,2010076.65000000,186100175.10810000,299519
1645056000000,2022-02-17 00:00:00,SOL/USDT,101.85000000,102.82000000,92.33000000,93.52000000,2001081.30000000,194565671.92560000,307937
1644969600000,2022-02-16 00:00:00,SOL/USDT,105.52000000,105.60000000,98.27000000,101.86000000,2123159.11000000,215708905.36560000,326351
1644883200000,2022-02-15 00:00:00,SOL/USDT,96.39000000,105.77000000,96.38000000,105.52000000,2362223.45000000,240632353.71540000,372791
1644796800000,2022-02-14 00:00:00,SOL/USDT,92.85000000,97.99000000,90.72000000,96.37000000,1792721.30000000,169748618.50190000,307476
1644710400000,2022-02-13 00:00:00,SOL/USDT,95.98000000,97.36000000,91.35000000,92.85000000,1216083.38000000,115326539.35910000,209303
1644624000000,2022-02-12 00:00:00,SOL/USDT,96.53000000,99.79000000,92.80000000,95.96000000,1803930.67000000,173107556.45310000,316001
1644537600000,2022-02-11 00:00:00,SOL/USDT,106.18000000,108.14000000,95.14000000,96.53000000,2537227.68000000,261118404.06180000,450793
1644451200000,2022-02-10 00:00:00,SOL/USDT,113.96000000,115.38000000,105.68000000,106.17000000,2781581.77000000,308218719.27830000,502177
1644364800000,2022-02-09 00:00:00,SOL/USDT,113.44000000,117.08000000,109.40000000,113.93000000,2114411.38000000,240051448.33350000,366554
1644278400000,2022-02-08 00:00:00,SOL/USDT,117.57000000,120.36000000,109.66000000,113.45000000,2811497.50000000,321854907.03260000,525305
1644192000000,2022-02-07 00:00:00,SOL/USDT,115.26000000,121.93000000,112.69000000,117.55000000,2730695.80000000,323264554.64530000,547477
1644105600000,2022-02-06 00:00:00,SOL/USDT,113.74000000,116.06000000,111.09000000,115.28000000,1561795.12000000,177818919.26750000,299806
1644019200000,2022-02-05 00:00:00,SOL/USDT,112.63000000,118.60000000,110.22000000,113.75000000,2649019.14000000,302738096.09850000,507784
1643932800000,2022-02-04 00:00:00,SOL/USDT,101.83000000,112.81000000,100.28000000,112.62000000,4186388.28000000,446505812.57730000,668682
1643846400000,2022-02-03 00:00:00,SOL/USDT,101.91000000,103.13000000,94.00000000,101.77000000,3886563.56000000,380416658.21750000,597409
1643760000000,2022-02-02 00:00:00,SOL/USDT,109.99000000,112.35000000,96.99000000,101.88000000,4863358.10000000,514972931.54110000,757019
1643673600000,2022-02-01 00:00:00,SOL/USDT,99.50000000,113.66000000,99.02000000,110.02000000,4190507.65000000,451677238.58920000,732735
1643587200000,2022-01-31 00:00:00,SOL/USDT,93.26000000,101.40000000,89.18000000,99.49000000,2414101.55000000,229303857.83700000,373958
1643500800000,2022-01-30 00:00:00,SOL/USDT,96.15000000,97.60000000,91.38000000,93.29000000,1258037.51000000,118979094.23970000,221424
1643414400000,2022-01-29 00:00:00,SOL/USDT,91.35000000,98.93000000,90.50000000,96.13000000,2050891.76000000,194994553.82940000,331238
1643328000000,2022-01-28 00:00:00,SOL/USDT,89.51000000,93.55000000,87.21000000,91.34000000,2647317.17000000,240233251.68560000,388770
1643241600000,2022-01-27 00:00:00,SOL/USDT,92.11000000,94.60000000,85.71000000,89.51000000,3530017.76000000,317470432.09290000,538274
1643155200000,2022-01-26 00:00:00,SOL/USDT,94.65000000,104.43000000,89.19000000,92.12000000,4501340.69000000,434996978.69070000,713943
1643068800000,2022-01-25 00:00:00,SOL/USDT,91.94000000,99.95000000,87.41000000,94.67000000,3482711.32000000,324014683.73600000,566575
1642982400000,2022-01-24 00:00:00,SOL/USDT,99.74000000,99.83000000,80.83000000,91.93000000,6990036.71000000,615205074.60800000,1012868
1642896000000,2022-01-23 00:00:00,SOL/USDT,94.57000000,104.82000000,93.25000000,99.78000000,3561751.04000000,351997642.88360000,592647
1642809600000,2022-01-22 00:00:00,SOL/USDT,112.24000000,114.89000000,87.73000000,94.54000000,6455608.98000000,635108263.42860000,1002353
1642723200000,2022-01-21 00:00:00,SOL/USDT,127.54000000,128.73000000,106.11000000,112.27000000,4523020.69000000,544063534.41050000,939567
1642636800000,2022-01-20 00:00:00,SOL/USDT,135.23000000,143.83000000,126.01000000,127.54000000,1464593.98000000,200702305.01300000,345417
1642550400000,2022-01-19 00:00:00,SOL/USDT,141.32000000,142.70000000,132.77000000,135.25000000,1175171.39000000,160857229.20320000,264765
1642464000000,2022-01-18 00:00:00,SOL/USDT,139.81000000,142.77000000,134.39000000,141.22000000,1254337.17000000,173470525.68410000,264708
1642377600000,2022-01-17 00:00:00,SOL/USDT,147.98000000,148.29000000,137.02000000,139.80000000,1297654.14000000,184551841.50540000,283258
1642291200000,2022-01-16 00:00:00,SOL/USDT,147.61000000,151.96000000,146.09000000,147.98000000,964270.14000000,143408413.91330000,236998
1642204800000,2022-01-15 00:00:00,SOL/USDT,146.18000000,149.49000000,143.90000000,147.64000000,865014.75000000,126821898.96230000,205770
1642118400000,2022-01-14 00:00:00,SOL/USDT,146.13000000,150.56000000,141.84000000,146.17000000,1428145.30000000,209190212.32340000,339770
1642032000000,2022-01-13 00:00:00,SOL/USDT,151.50000000,157.80000000,145.41000000,146.14000000,1984121.59000000,300358586.19740000,471549
1641945600000,2022-01-12 00:00:00,SOL/USDT,140.19000000,153.39000000,138.22000000,151.51000000,1946788.76000000,284704608.14150000,453450
1641859200000,2022-01-11 00:00:00,SOL/USDT,135.84000000,143.50000000,133.58000000,140.20000000,1328579.57000000,184178762.88540000,294874
1641772800000,2022-01-10 00:00:00,SOL/USDT,140.82000000,143.86000000,130.00000000,135.86000000,1894512.51000000,257484771.76580000,419461
1641686400000,2022-01-09 00:00:00,SOL/USDT,142.10000000,145.71000000,137.83000000,140.82000000,1435153.15000000,203808588.25020000,314235
1641600000000,2022-01-08 00:00:00,SOL/USDT,136.43000000,148.11000000,133.00000000,142.14000000,2695415.51000000,380841698.63520000,596637
1641513600000,2022-01-07 00:00:00,SOL/USDT,150.28000000,150.72000000,133.08000000,136.45000000,2719397.30000000,380212392.35150000,624203
1641427200000,2022-01-06 00:00:00,SOL/USDT,154.48000000,154.80000000,145.98000000,150.26000000,1575071.30000000,236312050.38370000,400706
1641340800000,2022-01-05 00:00:00,SOL/USDT,167.74000000,171.32000000,144.92000000,154.52000000,1659848.17000000,266979906.63840000,460130
1641254400000,2022-01-04 00:00:00,SOL/USDT,170.14000000,173.93000000,166.47000000,167.72000000,1041332.63000000,176538222.72980000,264666
1641168000000,2022-01-03 00:00:00,SOL/USDT,176.34000000,176.49000000,166.59000000,170.15000000,1031316.43000000,177240351.97020000,250131
1641081600000,2022-01-02 00:00:00,SOL/USDT,179.06000000,179.53000000,174.31000000,176.35000000,620087.38000000,109509310.71340000,176256
1640995200000,2022-01-01 00:00:00,SOL/USDT,170.01000000,179.20000000,169.93000000,179.06000000,634599.39000000,110585214.91650000,179793
1640908800000,2021-12-31 00:00:00,SOL/USDT,172.53000000,177.65000000,167.67000000,169.99000000,1026603.34000000,177345239.61250000,269799
1640822400000,2021-12-30 00:00:00,SOL/USDT,170.65000000,175.74000000,168.17000000,172.52000000,1022709.31000000,176482572.09280000,267354
1640736000000,2021-12-29 00:00:00,SOL/USDT,177.28000000,180.62000000,170.01000000,170.63000000,1540603.75000000,269857955.55620000,395718
1640649600000,2021-12-28 00:00:00,SOL/USDT,195.68000000,195.68000000,176.20000000,177.32000000,1997243.20000000,371876481.57180000,537797
1640563200000,2021-12-27 00:00:00,SOL/USDT,197.85000000,204.75000000,194.71000000,195.67000000,1218339.79000000,243809505.92150000,411472
1640476800000,2021-12-26 00:00:00,SOL/USDT,193.03000000,200.59000000,190.22000000,197.81000000,1539530.03000000,301973673.35800000,452500
1640390400000,2021-12-25 00:00:00,SOL/USDT,190.37000000,195.00000000,189.08000000,193.10000000,1047151.86000000,201292809.22360000,318427
1640304000000,2021-12-24 00:00:00,SOL/USDT,190.08000000,197.55000000,184.14000000,190.36000000,1657041.94000000,316537547.91020000,513996
1640217600000,2021-12-23 00:00:00,SOL/USDT,178.38000000,193.50000000,175.64000000,190.03000000,1726907.30000000,318109249.53940000,529807
1640131200000,2021-12-22 00:00:00,SOL/USDT,179.62000000,187.55000000,177.05000000,178.40000000,1379639.45000000,252282579.75560000,397883
1640044800000,2021-12-21 00:00:00,SOL/USDT,173.90000000,182.54000000,170.27000000,179.63000000,1302766.60000000,232062935.98670000,368859
1639958400000,2021-12-20 00:00:00,SOL/USDT,179.90000000,181.18000000,168.49000000,173.90000000,1448185.80000000,252805360.69040000,366776
1639872000000,2021-12-19 00:00:00,SOL/USDT,182.78000000,189.43000000,177.99000000,179.93000000,1217882.60000000,224029422.54450000,389005
1639785600000,2021-12-18 00:00:00,SOL/USDT,175.48000000,184.24000000,170.96000000,182.78000000,1218448.99000000,217402537.35820000,351212
1639699200000,2021-12-17 00:00:00,SOL/USDT,176.89000000,182.50000000,167.88000000,175.51000000,2308612.94000000,406619554.34410000,593797
1639612800000,2021-12-16 00:00:00,SOL/USDT,178.53000000,189.00000000,174.37000000,176.86000000,2482901.38000000,452932181.20150000,650522
1639526400000,2021-12-15 00:00:00,SOL/USDT,161.25000000,182.64000000,156.81000000,178.52000000,3328550.89000000,563215533.52040000,838776
1639440000000,2021-12-14 00:00:00,SOL/USDT,155.20000000,163.35000000,149.60000000,161.26000000,2151408.98000000,336483180.63140000,482948
1639353600000,2021-12-13 00:00:00,SOL/USDT,172.83000000,172.83000000,148.04000000,155.21000000,2470231.82000000,394239559.08180000,557560
1639267200000,2021-12-12 00:00:00,SOL/USDT,172.15000000,176.85000000,167.64000000,172.80000000,976615.96000000,167631329.58360000,265874
1639180800000,2021-12-11 00:00:00,SOL/USDT,167.39000000,173.80000000,161.33000000,172.15000000,1541656.11000000,260637632.29710000,399298
1639094400000,2021-12-10 00:00:00,SOL/USDT,181.08000000,184.60000000,167.00000000,167.39000000,1862906.90000000,328445622.44080000,480714
1639008000000,2021-12-09 00:00:00,SOL/USDT,194.61000000,196.60000000,178.64000000,181.11000000,1664934.25000000,310244140.71390000,431652
1638921600000,2021-12-08 00:00:00,SOL/USDT,190.24000000,196.27000000,183.50000000,194.61000000,1670677.66000000,317713289.13290000,452538
1638835200000,2021-12-07 00:00:00,SOL/USDT,193.57000000,204.10000000,187.26000000,190.19000000,1939707.91000000,381921839.61130000,534598
1638748800000,2021-12-06 00:00:00,SOL/USDT,196.49000000,197.71000000,176.17000000,193.56000000,2815245.83000000,527018793.72630000,768624
1638662400000,2021-12-05 00:00:00,SOL/USDT,200.68000000,204.51000000,181.44000000,196.43000000,2482292.26000000,478706797.83060000,770294
1638576000000,2021-12-04 00:00:00,SOL/USDT,211.65000000,212.62000000,169.00000000,200.67000000,4895759.09000000,954137663.05290000,1532975
1638489600000,2021-12-03 00:00:00,SOL/USDT,233.59000000,239.37000000,204.68000000,211.65000000,2867134.41000000,641504675.38060000,1049117
1638403200000,2021-12-02 00:00:00,SOL/USDT,229.81000000,243.12000000,220.00000000,233.60000000,3042712.67000000,700072045.58430000,1248113
1638316800000,2021-12-01 00:00:00,SOL/USDT,208.52000000,232.63000000,207.89000000,229.81000000,2589478.23000000,577828638.85610000,1057522
1638230400000,2021-11-30 00:00:00,SOL/USDT,204.10000000,218.28000000,199.55000000,208.53000000,2176734.39000000,457195214.44790000,733363
1638144000000,2021-11-29 00:00:00,SOL/USDT,200.71000000,212.75000000,199.63000000,204.09000000,1458763.57000000,299901553.19010000,545238
1638057600000,2021-11-28 00:00:00,SOL/USDT,192.74000000,202.10000000,180.93000000,200.69000000,1560980.85000000,297730465.47870000,474798
1637971200000,2021-11-27 00:00:00,SOL/USDT,192.37000000,199.39000000,190.61000000,192.74000000,1028955.27000000,201451693.22640000,367238
1637884800000,2021-11-26 00:00:00,SOL/USDT,209.94000000,210.53000000,182.70000000,192.42000000,2776105.44000000,540229501.11970000,810627
1637798400000,2021-11-25 00:00:00,SOL/USDT,205.76000000,216.35000000,201.93000000,209.97000000,1764837.19000000,370397490.60100000,577000
1637712000000,2021-11-24 00:00:00,SOL/USDT,221.76000000,222.47000000,200.14000000,205.70000000,1878172.55000000,396608869.98660000,578989
1637625600000,2021-11-23 00:00:00,SOL/USDT,215.58000000,226.08000000,210.91000000,221.75000000,1654017.24000000,360287368.56680000,579396
1637539200000,2021-11-22 00:00:00,SOL/USDT,230.56000000,231.99000000,211.60000000,215.59000000,2456703.81000000,541317085.39090000,956575
1637452800000,2021-11-21 00:00:00,SOL/USDT,217.64000000,240.00000000,210.53000000,230.51000000,1888280.05000000,420452594.56840000,728927
1637366400000,2021-11-20 00:00:00,SOL/USDT,215.25000000,221.17000000,205.84000000,217.63000000,1560552.25000000,334473495.72750000,549721
1637280000000,2021-11-19 00:00:00,SOL/USDT,195.19000000,219.59000000,188.99000000,215.25000000,2712585.78000000,559175543.82700000,854484
1637193600000,2021-11-18 00:00:00,SOL/USDT,218.90000000,222.78000000,186.50000000,195.01000000,3077799.94000000,624208055.02070000,855574
1637107200000,2021-11-17 00:00:00,SOL/USDT,219.09000000,222.44000000,209.53000000,218.94000000,2094790.54000000,451229368.13120000,714591
1637020800000,2021-11-16 00:00:00,SOL/USDT,238.18000000,238.21000000,213.81000000,219.04000000,2557623.67000000,576884837.30030000,922036
1636934400000,2021-11-15 00:00:00,SOL/USDT,238.63000000,246.36000000,234.49000000,238.20000000,1921128.24000000,463075752.69910000,818787
1636848000000,2021-11-14 00:00:00,SOL/USDT,241.58000000,242.00000000,230.40000000,238.64000000,1075144.87000000,253873402.65490000,591553
1636761600000,2021-11-13 00:00:00,SOL/USDT,228.46000000,241.97000000,224.79000000,241.59000000,1458387.39000000,339685082.78870000,769225
1636675200000,2021-11-12 00:00:00,SOL/USDT,233.34000000,239.09000000,220.83000000,228.48000000,2114721.23000000,484150570.23290000,892715
1636588800000,2021-11-11 00:00:00,SOL/USDT,233.06000000,246.50000000,229.40000000,233.37000000,1997993.90000000,478333948.47900000,945124
1636502400000,2021-11-10 00:00:00,SOL/USDT,239.06000000,248.00000000,217.50000000,233.09000000,3092477.23000000,731537386.82700000,1103380
1636416000000,2021-11-09 00:00:00,SOL/USDT,248.27000000,253.22000000,237.62000000,239.04000000,2217088.06000000,541627505.47560000,800356
1636329600000,2021-11-08 00:00:00,SOL/USDT,249.62000000,253.30000000,240.68000000,248.26000000,2301351.76000000,566280886.19950000,823230
1636243200000,2021-11-07 00:00:00,SOL/USDT,258.41000000,258.66000000,245.65000000,249.68000000,1923092.87000000,484918560.74540000,744519
1636156800000,2021-11-06 00:00:00,SOL/USDT,236.04000000,259.90000000,234.79000000,258.44000000,3046062.46000000,753428880.69400000,1587133
1636070400000,2021-11-05 00:00:00,SOL/USDT,247.06000000,248.84000000,230.34000000,236.06000000,2233800.23000000,532866847.47350000,900681
1635984000000,2021-11-04 00:00:00,SOL/USDT,243.37000000,250.50000000,234.00000000,247.07000000,3552648.58000000,859506826.42668000,1645008
1635897600000,2021-11-03 00:00:00,SOL/USDT,220.81000000,247.00000000,215.69000000,243.37000000,5253716.35200000,1212857714.67852800,2883050
1635811200000,2021-11-02 00:00:00,SOL/USDT,203.91000000,222.22000000,200.97000000,220.82000000,2876704.54200000,605529841.35930000,1341741
1635724800000,2021-11-01 00:00:00,SOL/USDT,202.53000000,211.66000000,197.70000000,203.90000000,3150076.28000000,645166048.77650000,1314713
1635638400000,2021-10-31 00:00:00,SOL/USDT,195.69000000,205.00000000,185.31000000,202.49000000,2375757.35000000,463132484.49580000,938513
1635552000000,2021-10-30 00:00:00,SOL/USDT,200.36000000,200.62000000,187.30000000,195.70000000,1609573.37000000,313557872.68710000,543081
1635465600000,2021-10-29 00:00:00,SOL/USDT,195.37000000,205.22000000,194.45000000,200.41000000,2484214.02000000,497606675.46850000,812602
1635379200000,2021-10-28 00:00:00,SOL/USDT,184.45000000,201.38000000,181.64000000,195.42000000,3503774.60000000,678298772.12980000,1180034
1635292800000,2021-10-27 00:00:00,SOL/USDT,199.87000000,205.49000000,176.94000000,184.49000000,5003626.21000000,956618126.27040000,1484329
1635206400000,2021-10-26 00:00:00,SOL/USDT,209.73000000,214.20000000,196.36000000,199.85000000,3168707.16000000,654485744.34560000,948990
1635120000000,2021-10-25 00:00:00,SOL/USDT,202.15000000,218.93000000,198.00000000,209.70000000,4914479.29000000,1030729845.09320000,1799874
1635033600000,2021-10-24 00:00:00,SOL/USDT,197.75000000,204.86000000,185.22000000,202.14000000,3573960.26000000,693230334.26140000,1095862
1634947200000,2021-10-23 00:00:00,SOL/USDT,196.29000000,205.78000000,191.86000000,197.75000000,3274703.05000000,651763689.78380000,994023
1634860800000,2021-10-22 00:00:00,SOL/USDT,190.46000000,215.10000000,187.96000000,196.29000000,8364239.42000000,1702782574.06820000,3250483
1634774400000,2021-10-21 00:00:00,SOL/USDT,176.72000000,194.21000000,176.70000000,190.50000000,7853710.77000000,1457539718.58780000,2985763
1634688000000,2021-10-20 00:00:00,SOL/USDT,155.77000000,176.87000000,155.00000000,176.72000000,3884374.70000000,648992235.63950000,1345427
1634601600000,2021-10-19 00:00:00,SOL/USDT,157.12000000,159.45000000,153.06000000,155.78000000,1821550.17000000,285106689.83500000,385961
1634515200000,2021-10-18 00:00:00,SOL/USDT,160.11000000,162.98000000,154.91000000,157.12000000,2240606.17000000,354661694.78360000,602010
1634428800000,2021-10-17 00:00:00,SOL/USDT,157.54000000,167.65000000,153.13000000,160.12000000,3070422.13000000,496800526.51930000,1047710
1634342400000,2021-10-16 00:00:00,SOL/USDT,163.15000000,164.80000000,156.36000000,157.54000000,1985241.59000000,317763749.06490000,682954
1634256000000,2021-10-15 00:00:00,SOL/USDT,150.01000000,165.75000000,146.68000000,163.18000000,5388612.07000000,857073350.24630000,1688936
1634169600000,2021-10-14 00:00:00,SOL/USDT,148.05000000,155.65000000,147.27000000,150.02000000,2654600.61000000,401621913.40860000,630301
1634083200000,2021-10-13 00:00:00,SOL/USDT,152.35000000,155.56000000,144.28000000,148.04000000,2760546.00000000,407781874.70290000,752431
1633996800000,2021-10-12 00:00:00,SOL/USDT,144.79000000,153.50000000,137.61000000,152.32000000,3377483.32000000,492107861.12090000,898270
1633910400000,2021-10-11 00:00:00,SOL/USDT,147.56000000,154.00000000,140.24000000,144.77000000,2211323.14000000,326311439.88050000,530372
1633824000000,2021-10-10 00:00:00,SOL/USDT,156.80000000,158.50000000,145.55000000,147.55000000,2037895.69000000,312056345.86870000,553853
1633737600000,2021-10-09 00:00:00,SOL/USDT,158.88000000,161.54000000,154.18000000,156.84000000,1833309.02000000,290322350.98630000,478254
1633651200000,2021-10-08 00:00:00,SOL/USDT,154.26000000,168.97000000,152.39000000,158.86000000,3735085.38000000,603926551.16550000,1114726
1633564800000,2021-10-07 00:00:00,SOL/USDT,153.90000000,161.42000000,150.34000000,154.26000000,3251376.58000000,507033126.61410000,865347
1633478400000,2021-10-06 00:00:00,SOL/USDT,164.64000000,165.42000000,150.10000000,153.87000000,4499161.76000000,707202511.64440000,1048622
1633392000000,2021-10-05 00:00:00,SOL/USDT,167.13000000,170.18000000,159.68000000,164.62000000,3378441.71000000,559005861.27850000,745324
1633305600000,2021-10-04 00:00:00,SOL/USDT,172.99000000,173.34000000,162.00000000,167.13000000,4312499.92000000,725561361.65540000,954028
1633219200000,2021-10-03 00:00:00,SOL/USDT,169.00000000,177.79000000,165.58000000,172.98000000,4233767.25000000,730363770.83630000,1189557
1633132800000,2021-10-02 00:00:00,SOL/USDT,161.62000000,175.00000000,156.06000000,168.98000000,5059987.02000000,839389841.28700000,1403494
1633046400000,2021-10-01 00:00:00,SOL/USDT,141.38000000,164.95000000,138.25000000,161.56000000,6742166.88000000,1029107048.85420000,1664714
1632960000000,2021-09-30 00:00:00,SOL/USDT,135.24000000,142.95000000,134.02000000,141.37000000,3361454.58000000,465705307.71850000,626977
1632873600000,2021-09-29 00:00:00,SOL/USDT,132.22000000,140.17000000,131.12000000,135.25000000,3685498.28000000,502380517.69170000,658913
1632787200000,2021-09-28 00:00:00,SOL/USDT,136.34000000,139.40000000,128.17000000,132.20000000,3899945.58000000,521861056.39980000,701465
1632700800000,2021-09-27 00:00:00,SOL/USDT,135.70000000,148.92000000,133.72000000,136.35000000,5195624.27000000,740686665.92620000,1044176
1632614400000,2021-09-26 00:00:00,SOL/USDT,136.05000000,140.81000000,124.80000000,135.64000000,4342156.13000000,579686581.99650000,833314
1632528000000,2021-09-25 00:00:00,SOL/USDT,139.11000000,144.18000000,133.54000000,136.06000000,3212733.31000000,446899248.13870000,617634
1632441600000,2021-09-24 00:00:00,SOL/USDT,149.90000000,151.20000000,128.15000000,139.13000000,6710404.45000000,928759366.07540000,1174391
1632355200000,2021-09-23 00:00:00,SOL/USDT,148.02000000,152.50000000,142.92000000,149.91000000,5188932.77000000,767818469.59080000,1103664
1632268800000,2021-09-22 00:00:00,SOL/USDT,124.30000000,151.36000000,122.10000000,148.02000000,7460596.34000000,1022897106.39830000,1378922
1632182400000,2021-09-21 00:00:00,SOL/USDT,132.77000000,144.64000000,116.00000000,124.29000000,9608867.72000000,1275393492.81970000,1534105
1632096000000,2021-09-20 00:00:00,SOL/USDT,152.78000000,153.43000000,130.26000000,132.77000000,10153368.71000000,1432110844.58920000,1676303
1632009600000,2021-09-19 00:00:00,SOL/USDT,169.22000000,170.96000000,150.60000000,152.76000000,4945800.10000000,794443935.44820000,1012728
1631923200000,2021-09-18 00:00:00,SOL/USDT,147.59000000,171.47000000,144.10000000,169.22000000,8229799.94000000,1302873557.48840000,1801539
1631836800000,2021-09-17 00:00:00,SOL/USDT,152.30000000,153.55000000,134.00000000,147.58000000,7629925.55000000,1088492757.85380000,1405718
1631750400000,2021-09-16 00:00:00,SOL/USDT,158.77000000,163.50000000,147.35000000,152.29000000,4739595.73000000,738871246.78920000,973309
1631664000000,2021-09-15 00:00:00,SOL/USDT,158.72000000,166.50000000,153.69000000,158.79000000,6107319.60000000,976500292.03180000,1219649
1631577600000,2021-09-14 00:00:00,SOL/USDT,169.54000000,171.83000000,142.60000000,158.88000000,7981396.52000000,1261689247.39870000,1750566
1631491200000,2021-09-13 00:00:00,SOL/USDT,174.31000000,175.00000000,150.30000000,169.53000000,8423839.46000000,1356943603.35820000,1867633
1631404800000,2021-09-12 00:00:00,SOL/USDT,179.05000000,181.75000000,170.15000000,174.29000000,3661211.64000000,647992867.37940000,866622
1631318400000,2021-09-11 00:00:00,SOL/USDT,179.60000000,193.51000000,175.14000000,179.04000000,6794663.25000000,1248193831.14120000,1863814
1631232000000,2021-09-10 00:00:00,SOL/USDT,187.89000000,197.41000000,167.82000000,179.60000000,9055410.70000000,1634482755.53350000,2133353
1631145600000,2021-09-09 00:00:00,SOL/USDT,191.02000000,216.00000000,180.70000000,187.90000000,16349677.82000000,3302106193.71885400,4246781
1631059200000,2021-09-08 00:00:00,SOL/USDT,173.49000000,198.00000000,146.50000000,191.02000000,16666845.80000000,2877007646.00300000,3889956
1630972800000,2021-09-07 00:00:00,SOL/USDT,164.19000000,195.48000000,128.01000000,173.46000000,24376489.01100000,4280553283.79562900,5674167
1630886400000,2021-09-06 00:00:00,SOL/USDT,141.98000000,166.13000000,136.92000000,164.22000000,8435542.35300000,1281375300.43910700,2114286
1630800000000,2021-09-05 00:00:00,SOL/USDT,138.88000000,144.99000000,134.74000000,142.00000000,4619885.42000000,646117252.62240000,998792
1630713600000,2021-09-04 00:00:00,SOL/USDT,146.36000000,150.60000000,135.73000000,138.88000000,6134062.52600000,882463269.73380800,1297714
1630627200000,2021-09-03 00:00:00,SOL/USDT,128.20000000,148.99000000,128.12000000,146.40000000,11927061.37000000,1668352305.55914100,2827164
1630540800000,2021-09-02 00:00:00,SOL/USDT,110.71000000,131.96000000,109.18000000,128.23000000,9206853.47200000,1113846856.86710600,1937937
1630454400000,2021-09-01 00:00:00,SOL/USDT,108.27000000,119.72000000,105.89000000,110.71000000,8028303.79000000,908134889.90090000,1369493
1630368000000,2021-08-31 00:00:00,SOL/USDT,110.26000000,130.11000000,103.06000000,108.27000000,16509565.59200000,1927599440.25778500,2871556
1630281600000,2021-08-30 00:00:00,SOL/USDT,94.23000000,116.84000000,93.58000000,110.25000000,11109542.61500000,1163838842.93738000,2224836
1630195200000,2021-08-29 00:00:00,SOL/USDT,96.17000000,97.82000000,90.30000000,94.23000000,4171861.65000000,390634983.94990000,989890
1630108800000,2021-08-28 00:00:00,SOL/USDT,87.98000000,97.82000000,85.59000000,96.22000000,5774371.25800000,531913395.78106300,1001622
1630022400000,2021-08-27 00:00:00,SOL/USDT,74.92000000,88.92000000,72.55000000,87.98000000,8785637.09300000,721830146.03496100,1577400
1629936000000,2021-08-26 00:00:00,SOL/USDT,71.98200000,78.30000000,66.20000000,74.92000000,6563670.74700000,480323043.29954800,1271220
1629849600000,2021-08-25 00:00:00,SOL/USDT,70.51900000,72.83000000,66.03000000,71.97300000,5069064.80400000,351840973.57207300,784266
1629763200000,2021-08-24 00:00:00,SOL/USDT,75.64700000,79.45000000,68.50000000,70.52700000,6792636.13700000,508984577.41288400,1023089
1629676800000,2021-08-23 00:00:00,SOL/USDT,72.75100000,76.81000000,71.54500000,75.62300000,4150780.59500000,306079632.54325100,562013
1629590400000,2021-08-22 00:00:00,SOL/USDT,73.85200000,77.60000000,71.24400000,72.77500000,2862187.05300000,213468963.74250000,487572
1629504000000,2021-08-21 00:00:00,SOL/USDT,78.68400000,82.00000000,72.60000000,73.80100000,5131799.36200000,396408173.08846900,1226816
1629417600000,2021-08-20 00:00:00,SOL/USDT,72.80000000,80.00000000,70.87300000,78.64300000,5705076.72200000,424719084.85465300,779153
1629331200000,2021-08-19 00:00:00,SOL/USDT,72.65900000,75.43600000,68.24000000,72.76400000,7819221.59800000,562302367.60800200,1229491
1629244800000,2021-08-18 00:00:00,SOL/USDT,64.13500000,80.50000000,59.72200000,72.66300000,15022132.45300000,1093260830.15136900,2024408
1629158400000,2021-08-17 00:00:00,SOL/USDT,62.04200000,75.15500000,58.82200000,64.12300000,14953825.95000000,1024581216.55407800,1623203
1629072000000,2021-08-16 00:00:00,SOL/USDT,53.51500000,69.13200000,52.26900000,62.01600000,15014364.92800000,947671575.12645600,1780255
1628985600000,2021-08-15 00:00:00,SOL/USDT,44.12400000,54.80000000,43.36100000,53.53100000,6264283.56500000,309850774.82974400,762990
1628899200000,2021-08-14 00:00:00,SOL/USDT,44.85900000,44.87400000,42.72700000,44.14000000,1548818.72200000,67926559.94351200,169775
1628812800000,2021-08-13 00:00:00,SOL/USDT,41.10500000,44.91100000,40.66800000,44.83000000,2281339.99000000,99544516.41165500,262966
1628726400000,2021-08-12 00:00:00,SOL/USDT,41.61900000,43.40100000,39.31600000,41.10200000,2413664.41200000,98924676.67647700,247558
1628640000000,2021-08-11 00:00:00,SOL/USDT,40.63900000,43.72900000,40.60500000,41.62100000,2512250.55500000,106505944.93968800,297388
1628553600000,2021-08-10 00:00:00,SOL/USDT,38.64600000,41.67800000,38.18300000,40.64000000,2603195.66500000,104631605.02389300,287480
1628467200000,2021-08-09 00:00:00,SOL/USDT,37.65300000,39.99900000,36.35100000,38.64600000,2128198.74100000,82127593.88690100,194058
1628380800000,2021-08-08 00:00:00,SOL/USDT,39.45400000,39.54900000,36.89600000,37.65000000,2030535.72300000,77745568.46312100,166083
1628294400000,2021-08-07 00:00:00,SOL/USDT,39.50200000,40.50000000,37.50200000,39.46900000,3561767.70100000,139249910.94109800,281258
1628208000000,2021-08-06 00:00:00,SOL/USDT,37.35400000,40.40000000,35.61100000,39.52500000,3951317.57400000,151446524.69511500,314800
1628121600000,2021-08-05 00:00:00,SOL/USDT,35.75700000,38.26700000,35.50000000,37.35300000,4059371.08300000,150224471.70171400,344784
1628035200000,2021-08-04 00:00:00,SOL/USDT,34.09400000,36.65800000,33.23600000,35.76000000,2847838.66900000,99340895.75076900,228451
1627948800000,2021-08-03 00:00:00,SOL/USDT,33.17700000,35.90000000,32.32700000,34.10500000,3490191.63800000,119580010.52975700,258744
1627862400000,2021-08-02 00:00:00,SOL/USDT,34.17800000,35.95000000,33.00000000,33.16700000,3105881.29400000,106104314.16751800,231008
1627776000000,2021-08-01 00:00:00,SOL/USDT,36.74200000,36.82200000,33.16500000,34.16500000,3490975.15800000,123483357.25269200,263547
1627689600000,2021-07-31 00:00:00,SOL/USDT,32.35400000,37.00400000,31.65300000,36.74400000,4320145.53700000,146906971.50286200,344714
1627603200000,2021-07-30 00:00:00,SOL/USDT,31.23800000,33.08400000,29.91000000,32.35400000,4970660.00900000,156365971.26795900,330552
1627516800000,2021-07-29 00:00:00,SOL/USDT,27.89100000,31.88800000,27.31900000,31.23500000,3692050.44500000,110419263.54677000,252230
1627430400000,2021-07-28 00:00:00,SOL/USDT,28.11900000,28.76000000,27.35400000,27.87500000,2329901.55900000,65388598.78105000,146025
1627344000000,2021-07-27 00:00:00,SOL/USDT,28.18300000,28.95000000,26.89300000,28.10300000,3008374.75700000,83973834.08994800,163548
1627257600000,2021-07-26 00:00:00,SOL/USDT,28.24700000,31.11500000,27.83000000,28.18400000,6221691.89700000,185071260.84348300,372668
1627171200000,2021-07-25 00:00:00,SOL/USDT,28.62600000,28.89800000,26.50000000,28.24800000,2350991.53400000,65090395.54698900,149087
1627084800000,2021-07-24 00:00:00,SOL/USDT,28.53000000,29.54800000,28.01300000,28.61600000,2678108.81000000,77044282.90337300,177805
1626998400000,2021-07-23 00:00:00,SOL/USDT,27.70000000,28.71300000,26.38500000,28.51600000,3040520.32100000,83834585.17688400,173337
1626912000000,2021-07-22 00:00:00,SOL/USDT,26.70600000,28.17000000,25.91000000,27.69900000,2643783.14400000,71691184.16164500,161799
1626825600000,2021-07-21 00:00:00,SOL/USDT,23.48400000,27.46100000,22.80000000,26.70000000,4561993.00700000,116862935.66849300,243848
1626739200000,2021-07-20 00:00:00,SOL/USDT,24.52400000,24.98200000,22.10000000,23.47400000,3555428.54200000,82758691.73108800,160712
1626652800000,2021-07-19 00:00:00,SOL/USDT,26.67900000,26.71000000,23.97500000,24.50900000,3131177.97700000,78158738.80273400,147156
1626566400000,2021-07-18 00:00:00,SOL/USDT,26.78900000,27.75600000,26.23300000,26.67300000,1727601.78800000,46674422.65856100,88722
1626480000000,2021-07-17 00:00:00,SOL/USDT,26.26900000,27.83600000,25.97900000,26.80200000,2122389.10100000,56460667.13103900,111395
1626393600000,2021-07-16 00:00:00,SOL/USDT,28.56200000,29.47800000,26.19600000,26.27100000,2923575.79200000,81405823.76096200,163500
1626307200000,2021-07-15 00:00:00,SOL/USDT,31.36500000,31.48500000,27.97500000,28.54500000,3643011.52900000,107745442.66806500,277654
1626220800000,2021-07-14 00:00:00,SOL/USDT,29.15400000,31.50000000,27.36300000,31.36500000,3434185.17800000,101600599.92145000,189105
1626134400000,2021-07-13 00:00:00,SOL/USDT,30.77000000,31.09600000,28.81000000,29.13600000,1837132.43600000,54860385.06509400,113493
1626048000000,2021-07-12 00:00:00,SOL/USDT,32.17300000,32.69600000,30.01100000,30.77000000,2251239.26900000,70408687.92831700,131789
1625961600000,2021-07-11 00:00:00,SOL/USDT,31.71600000,32.56800000,31.30000000,32.18200000,1944815.80400000,62238927.03928200,104563
1625875200000,2021-07-10 00:00:00,SOL/USDT,33.31500000,34.21500000,31.02500000,31.69300000,2838074.58600000,92460631.92128000,153306
1625788800000,2021-07-09 00:00:00,SOL/USDT,33.13400000,34.46000000,31.97600000,33.31500000,2810263.60200000,93430690.97587500,153484
1625702400000,2021-07-08 00:00:00,SOL/USDT,36.66700000,36.93400000,32.65400000,33.14200000,4495022.54000000,156944971.45018200,248044
1625616000000,2021-07-07 00:00:00,SOL/USDT,34.22100000,38.10000000,33.82000000,36.67300000,4609258.55300000,167269030.35701700,315663
1625529600000,2021-07-06 00:00:00,SOL/USDT,32.90800000,35.04100000,32.88300000,34.22600000,3289698.06100000,111418811.56315700,184809
1625443200000,2021-07-05 00:00:00,SOL/USDT,34.27800000,34.49000000,32.37000000,32.90800000,3008984.08200000,100655425.27353000,162015
1625356800000,2021-07-04 00:00:00,SOL/USDT,34.49700000,35.53100000,33.53300000,34.28000000,2972213.41800000,103428667.55931700,175443
1625270400000,2021-07-03 00:00:00,SOL/USDT,34.00100000,35.40600000,33.21700000,34.49800000,3063406.14100000,105690439.31206400,177709
1625184000000,2021-07-02 00:00:00,SOL/USDT,33.27000000,34.21700000,31.36700000,34.00000000,4324198.27600000,140908038.30215300,220159
1625097600000,2021-07-01 00:00:00,SOL/USDT,35.51000000,35.56700000,32.17000000,33.27100000,4488924.89900000,151028766.44245900,263111
1625011200000,2021-06-30 00:00:00,SOL/USDT,33.97400000,36.00000000,31.55500000,35.51000000,5361423.66500000,178975642.02105400,310774
1624924800000,2021-06-29 00:00:00,SOL/USDT,33.01800000,35.83700000,32.66500000,33.97000000,4476285.79200000,154213056.69328600,276281
1624838400000,2021-06-28 00:00:00,SOL/USDT,31.88300000,34.34000000,30.96100000,33.00100000,4996728.01300000,162522646.59498800,280145
1624752000000,2021-06-27 00:00:00,SOL/USDT,29.69100000,31.95000000,29.18600000,31.89700000,5851211.91400000,178035416.40387100,286416
1624665600000,2021-06-26 00:00:00,SOL/USDT,28.61900000,30.18100000,26.65900000,29.69800000,6492984.23400000,183566327.29761900,285933
1624579200000,2021-06-25 00:00:00,SOL/USDT,31.14400000,32.98900000,27.94900000,28.64100000,7293143.17600000,219888857.85697500,363124
1624492800000,2021-06-24 00:00:00,SOL/USDT,30.83500000,33.00000000,28.48100000,31.14100000,7214092.91200000,221085666.76110700,347281
1624406400000,2021-06-23 00:00:00,SOL/USDT,26.95700000,32.90000000,25.62600000,30.83700000,11966311.25300000,360070228.23570800,581052
1624320000000,2021-06-22 00:00:00,SOL/USDT,26.59700000,28.81300000,20.18700000,26.95800000,15788825.95600000,393752740.68636800,745380
1624233600000,2021-06-21 00:00:00,SOL/USDT,35.24800000,35.49900000,25.92500000,26.59000000,8213916.62700000,246501068.91690900,471372
1624147200000,2021-06-20 00:00:00,SOL/USDT,35.19500000,35.94900000,31.30000000,35.25700000,3938821.53000000,133260490.89425600,272007
1624060800000,2021-06-19 00:00:00,SOL/USDT,36.80200000,37.31800000,34.90100000,35.19000000,2216638.02800000,79787571.60204000,144081
1623974400000,2021-06-18 00:00:00,SOL/USDT,39.25900000,39.50200000,34.89800000,36.82000000,3777138.80600000,139854390.71725300,220838
1623888000000,2021-06-17 00:00:00,SOL/USDT,39.73000000,41.26400000,38.21100000,39.26500000,3274621.97800000,130590317.81237400,240293
1623801600000,2021-06-16 00:00:00,SOL/USDT,39.51300000,41.75000000,37.45500000,39.72800000,5055331.86800000,199446618.36372100,370363
1623715200000,2021-06-15 00:00:00,SOL/USDT,39.70000000,41.74100000,39.15400000,39.53600000,3725999.56100000,150827423.61863700,278396
1623628800000,2021-06-14 00:00:00,SOL/USDT,38.71300000,40.56100000,36.62700000,39.69400000,4590144.27900000,177057758.58813200,322569
1623542400000,2021-06-13 00:00:00,SOL/USDT,36.49200000,39.44200000,34.72000000,38.70600000,4063329.11200000,150202838.21765500,266808
1623456000000,2021-06-12 00:00:00,SOL/USDT,36.13100000,37.64000000,34.10000000,36.47600000,5196242.99800000,187288052.40672900,312291
1623369600000,2021-06-11 00:00:00,SOL/USDT,41.09100000,41.37600000,35.07400000,36.15700000,4760990.07800000,182293620.08125600,311982
1623283200000,2021-06-10 00:00:00,SOL/USDT,42.03200000,43.09700000,39.45900000,41.10500000,5155108.07100000,213330357.21994600,354655
1623196800000,2021-06-09 00:00:00,SOL/USDT,41.24500000,44.00000000,39.29100000,42.03200000,10764252.93600000,454086698.18965800,731919
1623110400000,2021-06-08 00:00:00,SOL/USDT,38.20000000,42.59600000,33.60000000,41.24500000,16902544.67500000,635390288.37388400,963195
1623024000000,2021-06-07 00:00:00,SOL/USDT,42.20000000,44.20000000,37.80000000,38.23500000,8050031.33500000,337872362.54691900,532459
1622937600000,2021-06-06 00:00:00,SOL/USDT,39.66300000,43.40000000,38.91200000,42.20500000,6151664.29400000,254022477.41097700,396217
1622851200000,2021-06-05 00:00:00,SOL/USDT,37.35600000,42.78700000,36.98200000,39.63300000,8654823.19500000,349869352.64052500,626772
1622764800000,2021-06-04 00:00:00,SOL/USDT,39.59900000,39.73700000,34.18700000,37.33800000,8825815.93800000,328450531.48109600,583340
1622678400000,2021-06-03 00:00:00,SOL/USDT,33.99400000,41.52300000,33.73600000,39.60200000,7862225.09400000,299415873.03283300,502187
1622592000000,2021-06-02 00:00:00,SOL/USDT,30.93100000,35.12900000,30.40200000,33.99400000,4549289.13300000,150880106.23441400,257770
1622505600000,2021-06-01 00:00:00,SOL/USDT,32.75900000,33.28500000,29.85200000,30.93800000,4046865.20200000,127601407.34258000,244478
1622419200000,2021-05-31 00:00:00,SOL/USDT,28.57300000,33.01400000,27.48900000,32.75000000,5173286.47100000,160794249.93276100,301346
1622332800000,2021-05-30 00:00:00,SOL/USDT,27.40700000,29.78100000,25.58600000,28.58800000,3964240.91900000,111975244.53899500,204751
1622246400000,2021-05-29 00:00:00,SOL/USDT,28.99300000,30.06600000,25.70000000,27.38800000,3911549.60000000,109362582.78609000,213125
1622160000000,2021-05-28 00:00:00,SOL/USDT,33.7790,34.5610,27.9650,28.9930,10942059,335577637.8540,463724
1622073600000,2021-05-27 00:00:00,SOL/USDT,35.4190,35.6280,31.0100,33.7790,9777355,329198544.4580,426643
1621987200000,2021-05-26 00:00:00,SOL/USDT,30.0030,37.2900,28.7870,35.4200,13273303,450166426.9150,575396
1621900800000,2021-05-25 00:00:00,SOL/USDT,31.4330,33.2000,25.9390,30.0070,16986371,492379286.0490,652869
1621814400000,2021-05-24 00:00:00,SOL/USDT,24.5000,32.1990,24.4990,31.4170,20445803,589967014.6450,869458
1621728000000,2021-05-23 00:00:00,SOL/USDT,31.2230,32.3930,19.1270,24.5170,39076209,951575381.5482,1667812
1621641600000,2021-05-22 00:00:00,SOL/USDT,38.9310,40.0000,31.1230,31.2250,12345674,436337694.6870,668504
1621555200000,2021-05-21 00:00:00,SOL/USDT,44.4260,47.7550,33.6910,38.9210,15997951,647911378.5060,938762
1621468800000,2021-05-20 00:00:00,SOL/USDT,34.9590,52.2160,32.1590,44.4310,20738815,889502520.0250,1248573
1621382400000,2021-05-19 00:00:00,SOL/USDT,55.9680,57.6150,25.2280,34.9520,22469448,1009801965.2313,1554440
1621296000000,2021-05-18 00:00:00,SOL/USDT,46.7520,58.5830,46.0410,55.9500,16401065,868390348.4036,1086920
1621209600000,2021-05-17 00:00:00,SOL/USDT,46.8700,52.0260,43.1000,46.7400,19506277,944017700.6579,1305517
1621123200000,2021-05-16 00:00:00,SOL/USDT,43.5170,52.5830,41.8590,46.8660,17511515,823757077.4065,1111652
1621036800000,2021-05-15 00:00:00,SOL/USDT,42.7350,45.5890,39.3980,43.5300,6765236,283038138.1964,356927
1620950400000,2021-05-14 00:00:00,SOL/USDT,41.0530,44.9690,39.8560,42.7410,6663570,281372242.9377,340144
1620864000000,2021-05-13 00:00:00,SOL/USDT,43.5640,45.4900,37.4310,41.0520,11761987,492391692.7314,700300
1620777600000,2021-05-12 00:00:00,SOL/USDT,44.6160,49.2010,42.0000,43.4840,12350550,566810869.8677,756230
1620691200000,2021-05-11 00:00:00,SOL/USDT,42.8901,45.1840,39.7320,44.6240,6247896,262051443.8542,323659
1620604800000,2021-05-10 00:00:00,SOL/USDT,44.3585,45.9866,38.2509,42.8909,6748573,294783007.8326,354974
1620518400000,2021-05-09 00:00:00,SOL/USDT,45.7108,47.1986,42.6106,44.3591,6989241,313508986.2728,350123
1620432000000,2021-05-08 00:00:00,SOL/USDT,43.2335,46.7000,42.3702,45.7022,6582638,292068974.4754,331336
1620345600000,2021-05-07 00:00:00,SOL/USDT,43.5628,46.2986,41.4650,43.2345,7708426,335408576.7770,402353
1620259200000,2021-05-06 00:00:00,SOL/USDT,45.0381,45.0731,42.5475,43.5641,5484122,240359213.0120,262769
1620172800000,2021-05-05 00:00:00,SOL/USDT,42.6666,46.0824,42.3507,45.0381,6524530,291148135.4151,310020
1620086400000,2021-05-04 00:00:00,SOL/USDT,46.0226,47.8893,42.2502,42.6551,9323174,420804026.1042,454497
1620000000000,2021-05-03 00:00:00,SOL/USDT,46.9537,49.1178,44.8000,46.0232,7884670,374053575.4250,394315
1619913600000,2021-05-02 00:00:00,SOL/USDT,49.7126,50.1542,46.0047,46.9593,8864773,420337060.3657,432709
1619827200000,2021-05-01 00:00:00,SOL/USDT,42.8771,50.0000,42.1103,49.7035,10657005,488896683.0126,551906
1619740800000,2021-04-30 00:00:00,SOL/USDT,42.4925,44.3370,41.2731,42.8771,6450482,277647723.3713,323328
1619654400000,2021-04-29 00:00:00,SOL/USDT,44.9065,46.1999,40.8900,42.4925,9494837,411845356.0399,487932
1619568000000,2021-04-28 00:00:00,SOL/USDT,43.2311,46.9880,40.6500,44.8884,12220284,541611553.1418,644090
1619481600000,2021-04-27 00:00:00,SOL/USDT,43.9778,46.6309,42.5670,43.2296,10375537,461661484.1165,560101
1619395200000,2021-04-26 00:00:00,SOL/USDT,47.3740,48.5420,43.3079,43.9698,13833593,639982835.1589,807205
1619308800000,2021-04-25 00:00:00,SOL/USDT,40.8604,48.5600,40.4248,47.3823,19686960,866788798.4930,1116009
1619222400000,2021-04-24 00:00:00,SOL/USDT,37.3417,43.6400,34.6447,40.8663,16754195,649590695.2330,869452
1619136000000,2021-04-23 00:00:00,SOL/USDT,38.9302,41.5553,31.4618,37.3702,22844271,813628931.7804,1090428
1619049600000,2021-04-22 00:00:00,SOL/USDT,32.6453,40.8878,31.5540,38.9341,21522070,805864204.1444,1079108
1618963200000,2021-04-21 00:00:00,SOL/USDT,31.7328,35.1789,30.1356,32.6637,12459087,408399257.1870,542058
1618876800000,2021-04-20 00:00:00,SOL/USDT,31.6106,32.7206,28.8000,31.7022,13350389,409363627.1015,559158
1618790400000,2021-04-19 00:00:00,SOL/USDT,32.3739,36.0711,29.9007,31.5856,19779493,647408899.2780,895744
1618704000000,2021-04-18 00:00:00,SOL/USDT,24.8590,32.9957,18.8868,32.3492,22782222,621814875.8379,889314
1618617600000,2021-04-17 00:00:00,SOL/USDT,25.3440,26.8387,24.8000,24.8423,6771477,175374670.2729,248919
1618531200000,2021-04-16 00:00:00,SOL/USDT,27.7881,28.2903,24.9098,25.3449,7217962,190708819.3671,267476
1618444800000,2021-04-15 00:00:00,SOL/USDT,26.4313,28.2938,25.5516,27.7857,6805634,183061030.6699,248174
1618358400000,2021-04-14 00:00:00,SOL/USDT,27.5073,27.6151,24.5888,26.4194,8359229,218834727.6145,328476
1618272000000,2021-04-13 00:00:00,SOL/USDT,28.5847,28.8639,26.4022,27.5083,6326847,173983625.5152,220143
1618185600000,2021-04-12 00:00:00,SOL/USDT,27.9538,29.9394,26.8510,28.5850,7548934,214048996.5575,268734
1618099200000,2021-04-11 00:00:00,SOL/USDT,26.8371,28.6872,25.5402,27.9493,6392971,172676736.0649,225881
1618012800000,2021-04-10 00:00:00,SOL/USDT,27.6620,28.2954,26.0016,26.8349,6482835,177090339.3679,238443
1617926400000,2021-04-09 00:00:00,SOL/USDT,26.9531,29.1026,26.7555,27.6623,8043738,226216676.8532,269590
1617840000000,2021-04-08 00:00:00,SOL/USDT,26.5629,28.0273,25.6202,26.9589,9886841,264429296.6240,344736
1617753600000,2021-04-07 00:00:00,SOL/USDT,25.1125,27.5648,22.8753,26.5699,16231781,417606328.2596,527633
1617667200000,2021-04-06 00:00:00,SOL/USDT,23.0191,25.3590,21.6509,25.0987,8941838,209637629.7549,294113
1617580800000,2021-04-05 00:00:00,SOL/USDT,23.7908,24.7662,22.8012,23.0180,7207157,170954770.0748,245987
1617494400000,2021-04-04 00:00:00,SOL/USDT,22.4916,25.5801,21.9685,23.7879,10647138,255593470.2103,374576
1617408000000,2021-04-03 00:00:00,SOL/USDT,19.8292,23.8660,19.8025,22.4904,13481119,294937617.2307,430978
1617321600000,2021-04-02 00:00:00,SOL/USDT,19.0497,19.8812,18.5557,19.8353,4648128,89345828.5018,154770
1617235200000,2021-04-01 00:00:00,SOL/USDT,19.4048,20.4105,18.7493,19.0497,5780647,112743840.6303,190251
1617148800000,2021-03-31 00:00:00,SOL/USDT,19.0923,19.8747,18.0105,19.4044,8685490,166000155.8636,272068
1617062400000,2021-03-30 00:00:00,SOL/USDT,18.9847,20.9191,18.9662,19.0933,10133956,201729373.1928,326093
1616976000000,2021-03-29 00:00:00,SOL/USDT,18.1022,19.0470,17.6614,18.9811,9607545,176922817.5646,303268
1616889600000,2021-03-28 00:00:00,SOL/USDT,16.4774,19.4130,16.3408,18.1022,15997022,291046668.1286,490775
1616803200000,2021-03-27 00:00:00,SOL/USDT,14.7724,16.8346,14.7201,16.4803,11072721,174502835.6369,314519
1616716800000,2021-03-26 00:00:00,SOL/USDT,12.9801,14.7999,12.3500,14.7725,9559593,131666738.8021,270077
1616630400000,2021-03-25 00:00:00,SOL/USDT,13.5827,13.7016,12.5356,12.9776,8414030,110422085.7114,230109
1616544000000,2021-03-24 00:00:00,SOL/USDT,14.1468,15.3607,13.5712,13.5875,7704282,111615635.6307,223506
1616457600000,2021-03-23 00:00:00,SOL/USDT,14.8014,15.2136,14.0464,14.1420,7638553,111196018.6148,224930
1616371200000,2021-03-22 00:00:00,SOL/USDT,14.3346,16.6120,14.1739,14.7957,13944627,218893523.1707,403094
1616284800000,2021-03-21 00:00:00,SOL/USDT,14.1859,14.3876,13.6340,14.3395,5895698,82648893.1078,172377
1616198400000,2021-03-20 00:00:00,SOL/USDT,14.1579,14.9722,14.0978,14.1892,5604771,81582431.3448,168996
1616112000000,2021-03-19 00:00:00,SOL/USDT,14.2142,14.4937,13.8400,14.1535,5306402,75337571.4455,160294
1616025600000,2021-03-18 00:00:00,SOL/USDT,14.2327,14.7800,13.9803,14.2183,6142480,87815906.8268,176385
1615939200000,2021-03-17 00:00:00,SOL/USDT,13.6656,14.3129,13.0263,14.2288,6940124,95036756.0090,196040
1615852800000,2021-03-16 00:00:00,SOL/USDT,14.1823,14.3216,13.2504,13.6639,6764146,92577066.2364,189353
1615766400000,2021-03-15 00:00:00,SOL/USDT,14.4680,14.8548,13.6121,14.1840,6842673,97222432.3590,192150
1615680000000,2021-03-14 00:00:00,SOL/USDT,15.3267,15.4014,14.3662,14.4642,6264959,92408969.3880,175138
1615593600000,2021-03-13 00:00:00,SOL/USDT,14.5796,15.4449,13.9093,15.3216,7560873,111388656.4938,204793
1615507200000,2021-03-12 00:00:00,SOL/USDT,16.0798,16.5288,14.0713,14.5742,9227235,142443028.8062,256935
1615420800000,2021-03-11 00:00:00,SOL/USDT,14.2371,16.3334,13.6708,16.0763,10042978,149744985.0954,257097
1615334400000,2021-03-10 00:00:00,SOL/USDT,14.9155,15.2490,14.0550,14.2333,7702664,112393298.8952,196245
1615248000000,2021-03-09 00:00:00,SOL/USDT,13.6346,15.0332,13.3359,14.9102,7237374,103748671.3918,192428
1615161600000,2021-03-08 00:00:00,SOL/USDT,13.8493,13.9463,13.1000,13.6344,6024217,81441660.3973,151072
1615075200000,2021-03-07 00:00:00,SOL/USDT,13.0586,14.0407,12.7300,13.8450,6983603,94024256.2636,176612
1614988800000,2021-03-06 00:00:00,SOL/USDT,12.5576,13.3026,11.8944,13.0512,6367349,79739854.7966,155020
1614902400000,2021-03-05 00:00:00,SOL/USDT,13.0804,13.1057,12.1419,12.5659,6246948,78365258.9930,137003
1614816000000,2021-03-04 00:00:00,SOL/USDT,14.0915,14.2854,12.7583,13.0784,7098703,95732600.3544,162101
1614729600000,2021-03-03 00:00:00,SOL/USDT,13.9628,14.7641,13.7627,14.0941,8283702,118241063.2760,194244
1614643200000,2021-03-02 00:00:00,SOL/USDT,15.0005,15.2846,13.4200,13.9565,8405922,120709456.7155,212713
1614556800000,2021-03-01 00:00:00,SOL/USDT,13.0973,15.5512,13.0287,15.0036,10624143,154966760.4960,287297
1614470400000,2021-02-28 00:00:00,SOL/USDT,13.1862,13.7800,11.4245,13.1072,13172276,164743881.4361,331548
1614384000000,2021-02-27 00:00:00,SOL/USDT,13.5990,14.8596,12.9893,13.1900,11015216,152757534.6192,260457
1614297600000,2021-02-26 00:00:00,SOL/USDT,13.8489,15.5453,13.1035,13.5941,14325250,202066752.8803,324308
1614211200000,2021-02-25 00:00:00,SOL/USDT,17.2343,17.7942,13.7180,13.8484,13553123,214689548.2196,336461
1614124800000,2021-02-24 00:00:00,SOL/USDT,15.2513,18.1794,14.8462,17.2227,17533006,288377071.1670,438498
1614038400000,2021-02-23 00:00:00,SOL/USDT,14.3421,15.8026,11.3999,15.2413,35375505,499084811.8413,907108
1613952000000,2021-02-22 00:00:00,SOL/USDT,11.0805,14.5550,8.8800,14.3413,23095577,268161272.8975,507662
1613865600000,2021-02-21 00:00:00,SOL/USDT,9.9957,11.6436,9.8439,11.0851,9997068,107217506.7520,198089
1613779200000,2021-02-20 00:00:00,SOL/USDT,11.5140,11.7940,9.8169,9.9965,10415260,111777411.4462,199035
1613692800000,2021-02-19 00:00:00,SOL/USDT,8.9976,11.8291,8.5499,11.5096,14030591,144021226.8033,280798
1613606400000,2021-02-18 00:00:00,SOL/USDT,8.2552,9.3339,8.2552,8.9956,7757334,68347331.3244,125263
1613520000000,2021-02-17 00:00:00,SOL/USDT,8.3050,8.4721,7.5269,8.2533,8141648,65771249.7314,131535
1613433600000,2021-02-16 00:00:00,SOL/USDT,8.8762,9.0065,7.9613,8.3036,7326365,62361410.3364,119928
1613347200000,2021-02-15 00:00:00,SOL/USDT,8.7303,9.3467,7.5870,8.8695,9052035,77531975.1808,152882
1613260800000,2021-02-14 00:00:00,SOL/USDT,8.7649,9.2621,8.5616,8.7306,7992002,70573355.3629,131417
1613174400000,2021-02-13 00:00:00,SOL/USDT,9.2368,9.5429,8.6801,8.7627,8675628,78714696.8564,138970
1613088000000,2021-02-12 00:00:00,SOL/USDT,9.2197,9.9378,9.0606,9.2344,8241627,78100042.7849,138593
1613001600000,2021-02-11 00:00:00,SOL/USDT,9.1098,9.7175,8.7443,9.2215,10532781,97104778.9704,189812
1612915200000,2021-02-10 00:00:00,SOL/USDT,7.8412,9.1231,7.2879,9.1102,11384565,93712222.3255,195961
1612828800000,2021-02-09 00:00:00,SOL/USDT,7.8934,8.5344,7.5675,7.8335,9061306,72422591.0310,150182
1612742400000,2021-02-08 00:00:00,SOL/USDT,6.7028,8.1208,6.4777,7.8917,12187065,90981834.4070,203721
1612656000000,2021-02-07 00:00:00,SOL/USDT,6.1320,6.8786,5.7500,6.7037,11675131,74565383.6927,180310
1612569600000,2021-02-06 00:00:00,SOL/USDT,6.7116,6.8360,5.7099,6.1325,10613182,65061679.5271,159881
1612483200000,2021-02-05 00:00:00,SOL/USDT,6.4360,7.1800,6.4272,6.7101,10453016,71054161.2480,153606
1612396800000,2021-02-04 00:00:00,SOL/USDT,5.7373,6.5750,5.5813,6.4358,10586958,63102696.7086,150812
1612310400000,2021-02-03 00:00:00,SOL/USDT,5.2539,5.8225,5.0671,5.7373,9346987,50514591.2804,122894
1612224000000,2021-02-02 00:00:00,SOL/USDT,4.6200,5.4668,4.4649,5.2529,13922582,70574879.2988,170294
1612137600000,2021-02-01 00:00:00,SOL/USDT,4.2644,4.6234,4.0986,4.6234,7266915,31231312.9089,89181
1612051200000,2021-01-31 00:00:00,SOL/USDT,4.2440,4.8252,4.1620,4.2628,12918581,57171630.1076,147040
1611964800000,2021-01-30 00:00:00,SOL/USDT,3.8429,4.3318,3.7673,4.2462,10740707,43239380.9122,120558
1611878400000,2021-01-29 00:00:00,SOL/USDT,3.8115,3.9314,3.6340,3.8409,7962280,30062932.8760,92925
1611792000000,2021-01-28 00:00:00,SOL/USDT,3.6726,3.9681,3.5930,3.8139,7597138,29010792.7687,86203
1611705600000,2021-01-27 00:00:00,SOL/USDT,4.0430,4.0447,3.5183,3.6727,9791075,36648062.0129,109838
1611619200000,2021-01-26 00:00:00,SOL/USDT,3.7024,4.1073,3.6623,4.0447,19930228,77480070.3350,188664
1611532800000,2021-01-25 00:00:00,SOL/USDT,3.6353,3.9867,3.4400,3.7044,14159404,52209407.1815,139406
1611446400000,2021-01-24 00:00:00,SOL/USDT,3.5082,3.7928,3.4802,3.6369,8471238,30767405.2685,93439
1611360000000,2021-01-23 00:00:00,SOL/USDT,3.3282,3.6038,3.3000,3.5094,9414060,32819117.0787,100165
1611273600000,2021-01-22 00:00:00,SOL/USDT,2.9813,3.4972,2.5122,3.3286,20353781,62879078.9580,185300
1611187200000,2021-01-21 00:00:00,SOL/USDT,3.7153,3.7397,2.9451,2.9793,13284877,44429041.4631,142984
1611100800000,2021-01-20 00:00:00,SOL/USDT,3.6279,3.7353,3.3240,3.7133,12201173,43544751.2818,141998
1611014400000,2021-01-19 00:00:00,SOL/USDT,3.7944,4.0443,3.5953,3.6276,12280022,46939878.3768,127283
1610928000000,2021-01-18 00:00:00,SOL/USDT,3.8344,4.1747,3.5942,3.7933,19257223,75033255.2263,168434
1610841600000,2021-01-17 00:00:00,SOL/USDT,3.4249,4.0200,3.3001,3.8328,24880543,91103986.2365,214840
1610755200000,2021-01-16 00:00:00,SOL/USDT,3.2456,3.7157,3.1236,3.4259,20722357,71477803.7102,174914
1610668800000,2021-01-15 00:00:00,SOL/USDT,3.2949,3.4438,2.9739,3.2464,12931161,42376309.6136,130410
1610582400000,2021-01-14 00:00:00,SOL/USDT,3.5281,3.5674,3.1741,3.2949,16853114,56738134.2119,159164
1610496000000,2021-01-13 00:00:00,SOL/USDT,3.6290,3.6398,3.2472,3.5291,16335568,56372993.9867,160046
1610409600000,2021-01-12 00:00:00,SOL/USDT,3.0962,3.9040,3.0477,3.6276,22851398,79358568.5075,200172
1610323200000,2021-01-11 00:00:00,SOL/USDT,3.4453,3.5257,2.5833,3.0988,24846781,74321168.0438,237210
1610236800000,2021-01-10 00:00:00,SOL/USDT,3.3757,3.7640,3.1500,3.4460,21972369,75400641.2579,198672
1610150400000,2021-01-09 00:00:00,SOL/USDT,3.2220,3.7000,2.9100,3.3776,33590496,110367460.6290,312539
1610064000000,2021-01-08 00:00:00,SOL/USDT,2.3650,3.8480,2.1800,3.2220,70113587,214469464.5259,586481
1609977600000,2021-01-07 00:00:00,SOL/USDT,1.8722,2.7330,1.8123,2.3651,105584282,235658891.3554,690590
1609891200000,2021-01-06 00:00:00,SOL/USDT,2.1385,2.1578,1.6734,1.8753,52219666,101433608.5283,350332
1609804800000,2021-01-05 00:00:00,SOL/USDT,2.4803,2.5012,2.0527,2.1355,32981577,74122273.2818,254636
1609718400000,2021-01-04 00:00:00,SOL/USDT,2.1783,2.4900,1.8182,2.4832,35966844,79377997.8900,323343
1609632000000,2021-01-03 00:00:00,SOL/USDT,1.7978,2.3589,1.7956,2.1767,37747051,77823538.9488,317362
1609545600000,2021-01-02 00:00:00,SOL/USDT,1.8377,1.9951,1.7091,1.7976,22401546,40656021.7152,195073
1609459200000,2021-01-01 00:00:00,SOL/USDT,1.5043,1.8498,1.4890,1.8382,18813441,31449972.0102,150256
1609372800000,2020-12-31 00:00:00,SOL/USDT,1.5319,1.5445,1.4120,1.5040,10697724,15965402.7765,80102
1609286400000,2020-12-30 00:00:00,SOL/USDT,1.6661,1.6860,1.5152,1.5304,10523673,16681862.7611,83458
1609200000000,2020-12-29 00:00:00,SOL/USDT,1.5165,1.7293,1.4321,1.6660,24077341,37889641.9584,164781
1609113600000,2020-12-28 00:00:00,SOL/USDT,1.3027,1.5222,1.2857,1.5169,10974507,15426023.9918,84012
1609027200000,2020-12-27 00:00:00,SOL/USDT,1.3209,1.4148,1.2544,1.3023,11065395,14661912.6872,88389
1608940800000,2020-12-26 00:00:00,SOL/USDT,1.4447,1.4463,1.3069,1.3215,6201784,8498600.1158,53368
1608854400000,2020-12-25 00:00:00,SOL/USDT,1.3654,1.4514,1.3444,1.4448,8592846,12073535.1173,69957
1608768000000,2020-12-24 00:00:00,SOL/USDT,1.1975,1.3859,1.1574,1.3638,11726008,14867045.8763,90250
1608681600000,2020-12-23 00:00:00,SOL/USDT,1.4903,1.5133,1.0690,1.1975,14168317,18457980.0103,109825
1608595200000,2020-12-22 00:00:00,SOL/USDT,1.5353,1.5722,1.4696,1.4905,7486927,11405071.3109,66299
1608508800000,2020-12-21 00:00:00,SOL/USDT,1.5650,1.6198,1.4916,1.5347,5739528,8905255.4792,54088
1608422400000,2020-12-20 00:00:00,SOL/USDT,1.6673,1.6888,1.5178,1.5638,5851925,9490355.4189,57271
1608336000000,2020-12-19 00:00:00,SOL/USDT,1.7010,1.7695,1.6562,1.6683,7757307,13322112.0289,64847
1608249600000,2020-12-18 00:00:00,SOL/USDT,1.6800,1.7104,1.6317,1.7003,6732255,11258336.7374,64628
1608163200000,2020-12-17 00:00:00,SOL/USDT,1.7865,1.8167,1.6382,1.6808,11618488,20049920.1674,101441
1608076800000,2020-12-16 00:00:00,SOL/USDT,1.7534,1.7986,1.6000,1.7869,13742356,23258626.6486,105049
1607990400000,2020-12-15 00:00:00,SOL/USDT,1.5927,1.8012,1.5858,1.7534,15330195,26329955.8445,120743
1607904000000,2020-12-14 00:00:00,SOL/USDT,1.5640,1.6244,1.5198,1.5936,7690894,12073352.5151,64207
1607817600000,2020-12-13 00:00:00,SOL/USDT,1.4879,1.6500,1.4540,1.5636,9298357,14566108.4681,68190
1607731200000,2020-12-12 00:00:00,SOL/USDT,1.4394,1.5337,1.4362,1.4886,6893494,10327722.6780,60274
1607644800000,2020-12-11 00:00:00,SOL/USDT,1.5686,1.5778,1.4316,1.4406,6597970,9800482.1748,81299
1607558400000,2020-12-10 00:00:00,SOL/USDT,1.6552,1.6644,1.5409,1.5686,6532250,10428341.5934,111203
1607472000000,2020-12-09 00:00:00,SOL/USDT,1.6617,1.6724,1.4969,1.6553,7017013,11348550.5482,67604
1607385600000,2020-12-08 00:00:00,SOL/USDT,1.8287,1.8322,1.6271,1.6617,7473779,12913426.0564,68598
1607299200000,2020-12-07 00:00:00,SOL/USDT,1.8517,1.9006,1.8100,1.8299,4623318,8549182.8543,48233
1607212800000,2020-12-06 00:00:00,SOL/USDT,1.9776,1.9899,1.8097,1.8515,5088610,9532955.9613,54310
1607126400000,2020-12-05 00:00:00,SOL/USDT,1.8449,1.9816,1.8158,1.9776,5294952,10105219.8048,51565
1607040000000,2020-12-04 00:00:00,SOL/USDT,2.0985,2.1129,1.8256,1.8463,7048518,13973188.2356,67472
1606953600000,2020-12-03 00:00:00,SOL/USDT,2.1152,2.2223,2.0705,2.0989,8707406,18699713.3725,77276
1606867200000,2020-12-02 00:00:00,SOL/USDT,1.9681,2.2047,1.9252,2.1160,8791836,18316039.9035,87161
1606780800000,2020-12-01 00:00:00,SOL/USDT,1.9594,2.1334,1.9032,1.9695,9480633,19106266.8032,95014
1606694400000,2020-11-30 00:00:00,SOL/USDT,1.9101,2.0150,1.8979,1.9590,6712193,13162021.4123,66250
1606608000000,2020-11-29 00:00:00,SOL/USDT,1.8813,1.9418,1.8439,1.9093,5200776,9852462.9326,54695
1606521600000,2020-11-28 00:00:00,SOL/USDT,1.8551,1.9382,1.7912,1.8821,6099812,11409745.5245,62264
1606435200000,2020-11-27 00:00:00,SOL/USDT,1.9020,1.9621,1.7643,1.8558,8008055,14962518.8657,76290
1606348800000,2020-11-26 00:00:00,SOL/USDT,2.2651,2.3097,1.7120,1.9032,16134733,30659714.8995,145914
1606262400000,2020-11-25 00:00:00,SOL/USDT,2.2896,2.4856,2.1686,2.2673,16621443,38945721.5183,134305
1606176000000,2020-11-24 00:00:00,SOL/USDT,2.2839,2.4840,2.1323,2.2894,15447405,35462933.5794,133277
1606089600000,2020-11-23 00:00:00,SOL/USDT,2.1488,2.3611,2.1045,2.2826,10403310,23468968.9056,89669
1606003200000,2020-11-22 00:00:00,SOL/USDT,2.4013,2.4287,2.0302,2.1502,11135646,24421002.5472,94765
1605916800000,2020-11-21 00:00:00,SOL/USDT,2.1079,2.5204,2.0313,2.3991,14596123,33386562.0977,119642
1605830400000,2020-11-20 00:00:00,SOL/USDT,2.0802,2.2445,2.0515,2.1052,8621112,18530264.2909,80886
1605744000000,2020-11-19 00:00:00,SOL/USDT,2.1151,2.1883,2.0125,2.0797,8017468,16794637.9434,74369
1605657600000,2020-11-18 00:00:00,SOL/USDT,2.2041,2.2246,1.9977,2.1166,9500906,20027311.2763,99419
1605571200000,2020-11-17 00:00:00,SOL/USDT,2.2681,2.3431,2.1263,2.2070,10271223,22963026.0044,94241
1605484800000,2020-11-16 00:00:00,SOL/USDT,2.0421,2.3720,1.9859,2.2680,11366459,25528021.9190,105543
1605398400000,2020-11-15 00:00:00,SOL/USDT,1.9206,2.2252,1.9131,2.0431,11659509,24312129.5969,105212
1605312000000,2020-11-14 00:00:00,SOL/USDT,2.0182,2.0381,1.8749,1.9200,6352416,12345298.1356,62551
1605225600000,2020-11-13 00:00:00,SOL/USDT,1.9082,2.0821,1.9000,2.0191,6925383,13798623.5943,63123
1605139200000,2020-11-12 00:00:00,SOL/USDT,2.0012,2.0618,1.8265,1.9083,6848757,13370835.6548,60668
1605052800000,2020-11-11 00:00:00,SOL/USDT,2.2659,2.3041,1.9674,2.0030,7201587,15419449.7600,68708
1604966400000,2020-11-10 00:00:00,SOL/USDT,2.0417,2.3306,2.0088,2.2652,8961990,19639248.1932,78819
1604880000000,2020-11-09 00:00:00,SOL/USDT,2.1571,2.2024,1.9517,2.0393,13460103,27905080.0884,109741
1604793600000,2020-11-08 00:00:00,SOL/USDT,2.0304,2.2868,1.9650,2.1571,16913035,35772427.2032,141847
1604707200000,2020-11-07 00:00:00,SOL/USDT,1.8978,2.5000,1.8324,2.0283,36707735,78792044.1938,262607
1604620800000,2020-11-06 00:00:00,SOL/USDT,1.4015,1.9474,1.3954,1.8998,15848200,27313993.7046,123203
1604534400000,2020-11-05 00:00:00,SOL/USDT,1.3912,1.4890,1.3020,1.4011,7267156,10173397.6613,57867
1604448000000,2020-11-04 00:00:00,SOL/USDT,1.4149,1.4166,1.2737,1.3910,7471679,10157449.5608,61029
1604361600000,2020-11-03 00:00:00,SOL/USDT,1.4729,1.4857,1.4109,1.4131,5470217,7903839.1193,47126
1604275200000,2020-11-02 00:00:00,SOL/USDT,1.6062,1.6426,1.4644,1.4741,5293427,8073370.2685,44915
1604188800000,2020-11-01 00:00:00,SOL/USDT,1.5474,1.6465,1.5132,1.6076,5514776,8643933.2058,64385
1604102400000,2020-10-31 00:00:00,SOL/USDT,1.4367,1.5501,1.4269,1.5472,5962596,8932850.7264,74980
1604016000000,2020-10-30 00:00:00,SOL/USDT,1.4321,1.4677,1.3379,1.4378,7038014,9905406.7293,52871
1603929600000,2020-10-29 00:00:00,SOL/USDT,1.5195,1.5773,1.4146,1.4325,6341465,9497821.0462,49385
1603843200000,2020-10-28 00:00:00,SOL/USDT,1.7131,1.7287,1.4555,1.5196,10242140,15928645.1136,78062
1603756800000,2020-10-27 00:00:00,SOL/USDT,1.6777,1.7542,1.5928,1.7135,7047936,11909663.3027,71933
1603670400000,2020-10-26 00:00:00,SOL/USDT,1.7946,1.8723,1.6162,1.6786,6534261,11511279.0606,86117
1603584000000,2020-10-25 00:00:00,SOL/USDT,1.9179,1.9281,1.7628,1.7937,5740317,10680638.8896,70854
1603497600000,2020-10-24 00:00:00,SOL/USDT,1.9666,1.9734,1.8800,1.9196,4059055,7840448.7392,38673
1603411200000,2020-10-23 00:00:00,SOL/USDT,1.9620,1.9938,1.8502,1.9645,5454719,10579795.2804,57259
1603324800000,2020-10-22 00:00:00,SOL/USDT,1.8933,2.0905,1.8629,1.9619,6143069,12233363.1212,66991
1603238400000,2020-10-21 00:00:00,SOL/USDT,1.8885,2.1098,1.8474,1.8933,10108189,19667366.9314,99565
1603152000000,2020-10-20 00:00:00,SOL/USDT,2.0576,2.1083,1.8457,1.8905,6052367,11803851.5781,70779
1603065600000,2020-10-19 00:00:00,SOL/USDT,2.2167,2.2206,2.0510,2.0578,4834438,10151983.8221,44204
1602979200000,2020-10-18 00:00:00,SOL/USDT,2.2069,2.2649,2.1804,2.2186,3907591,8682494.9529,39678
1602892800000,2020-10-17 00:00:00,SOL/USDT,2.1401,2.2425,2.1100,2.2062,4136722,9074383.2442,41589
1602806400000,2020-10-16 00:00:00,SOL/USDT,2.2668,2.2708,2.1030,2.1404,5792357,12631855.5191,57307
1602720000000,2020-10-15 00:00:00,SOL/USDT,2.3102,2.3443,2.1928,2.2670,4524474,10272754.3248,44350
1602633600000,2020-10-14 00:00:00,SOL/USDT,2.4053,2.4464,2.2337,2.3087,4990767,11684296.8744,47878
1602547200000,2020-10-13 00:00:00,SOL/USDT,2.5820,2.5889,2.3355,2.4048,6883812,16898878.4417,62197
1602460800000,2020-10-12 00:00:00,SOL/USDT,2.4269,2.7096,2.4171,2.5825,6382872,16334052.6261,61354
1602374400000,2020-10-11 00:00:00,SOL/USDT,2.4065,2.4609,2.3378,2.4257,4904544,11809240.0500,46182
1602288000000,2020-10-10 00:00:00,SOL/USDT,2.5356,2.6110,2.3907,2.4070,5487486,13767446.7602,52274
1602201600000,2020-10-09 00:00:00,SOL/USDT,2.3717,2.6289,2.3101,2.5363,6662396,16532541.8150,64175
1602115200000,2020-10-08 00:00:00,SOL/USDT,2.3036,2.4629,2.0117,2.3716,8385420,18833682.9536,75485
1602028800000,2020-10-07 00:00:00,SOL/USDT,2.1725,2.4000,2.0854,2.3027,6627417,14907458.0004,62438
1601942400000,2020-10-06 00:00:00,SOL/USDT,2.6517,2.6610,2.1346,2.1732,5435007,13126402.5772,53388
1601856000000,2020-10-05 00:00:00,SOL/USDT,2.5244,2.6770,2.4561,2.6495,4421463,11373887.1838,47182
1601769600000,2020-10-04 00:00:00,SOL/USDT,2.5447,2.5909,2.4266,2.5236,4641666,11645814.1127,47810
1601683200000,2020-10-03 00:00:00,SOL/USDT,2.6271,2.6689,2.5326,2.5454,4150340,10903898.1881,42300
1601596800000,2020-10-02 00:00:00,SOL/USDT,2.8694,2.8851,2.4224,2.6236,5582857,14729447.9806,60303
1601510400000,2020-10-01 00:00:00,SOL/USDT,2.9008,2.9968,2.6546,2.8701,4852685,13926229.8674,51246
1601424000000,2020-09-30 00:00:00,SOL/USDT,2.9500,2.9890,2.8285,2.9004,3951833,11467953.0826,42623
1601337600000,2020-09-29 00:00:00,SOL/USDT,2.9560,3.0207,2.8740,2.9517,4430934,13108477.3965,46357
1601251200000,2020-09-28 00:00:00,SOL/USDT,3.1596,3.2116,2.8909,2.9564,4954686,15163873.4275,53898
1601164800000,2020-09-27 00:00:00,SOL/USDT,3.1275,3.1883,2.9770,3.1617,4684139,14540686.6560,49903
1601078400000,2020-09-26 00:00:00,SOL/USDT,3.1871,3.2490,3.0170,3.1262,5033808,15670182.4313,54253
1600992000000,2020-09-25 00:00:00,SOL/USDT,3.1314,3.2698,2.8980,3.1821,5925744,18205988.1209,69403
1600905600000,2020-09-24 00:00:00,SOL/USDT,2.8350,3.2538,2.7607,3.1392,6564611,19866295.7720,81955
1600819200000,2020-09-23 00:00:00,SOL/USDT,2.9196,3.0935,2.6863,2.8313,7291781,21084871.2389,84584
1600732800000,2020-09-22 00:00:00,SOL/USDT,2.7544,3.0100,2.6094,2.9183,8942906,25701864.7265,111300
1600646400000,2020-09-21 00:00:00,SOL/USDT,2.8567,3.0300,2.4576,2.7539,6299704,17301567.0659,81971
1600560000000,2020-09-20 00:00:00,SOL/USDT,3.0159,3.0173,2.6876,2.8635,4430783,12699290.7506,53547
1600473600000,2020-09-19 00:00:00,SOL/USDT,3.1080,3.2509,2.9550,3.0193,5004414,15371321.4183,65646
1600387200000,2020-09-18 00:00:00,SOL/USDT,2.8821,3.1500,2.7240,3.1080,6310796,18691804.3569,84568
1600300800000,2020-09-17 00:00:00,SOL/USDT,2.5400,2.9360,2.3569,2.8855,6499338,17030558.1609,85456
1600214400000,2020-09-16 00:00:00,SOL/USDT,2.9299,2.9299,2.4316,2.5395,5698128,14856831.7914,74645
1600128000000,2020-09-15 00:00:00,SOL/USDT,3.2629,3.3258,2.9001,2.9332,4318305,13621711.0385,52431
1600041600000,2020-09-14 00:00:00,SOL/USDT,3.2002,4.9100,3.2002,3.2661,4788171,16036784.4940,64892
1599955200000,2020-09-13,SOL/USDT,3.33860000,3.47000000,2.98380000,3.26030000,2024779.41000000,6528375.66092300,27152
1599868800000,2020-09-12,SOL/USDT,3.39670000,3.47000000,3.14940000,3.33160000,1161542.47000000,3845112.02572700,14476
1599782400000,2020-09-11,SOL/USDT,3.47070000,3.50360000,3.03160000,3.39650000,2227636.94000000,7208721.22424400,23696
1599696000000,2020-09-10,SOL/USDT,3.61070000,3.87500000,3.30400000,3.47610000,4356890.66000000,15482088.38192500,47297
1599609600000,2020-09-09,SOL/USDT,2.46800000,3.88380000,2.38210000,3.60010000,6691121.99000000,22147440.58973700,54509
1599523200000,2020-09-08,SOL/USDT,2.92370000,2.94990000,2.40000000,2.46800000,1626389.70000000,4163484.17494300,17527
1599436800000,2020-09-07,SOL/USDT,3.07850000,3.19830000,2.38000000,2.92370000,2680083.17000000,7269853.90869400,20763
1599350400000,2020-09-06,SOL/USDT,2.61190000,3.18000000,2.25750000,3.09410000,2898758.91000000,7940868.46326200,24763
1599264000000,2020-09-05,SOL/USDT,3.53010000,3.66370000,2.09260000,2.60520000,4426267.38000000,11872722.47996600,36221
1599177600000,2020-09-04,SOL/USDT,3.50620000,3.83460000,3.17390000,3.53010000,2052197.24000000,7262296.37115600,23918
1599091200000,2020-09-03,SOL/USDT,4.17000000,4.45900000,3.47720000,3.50510000,3275612.26000000,12941589.82447800,37166
1599004800000,2020-09-02,SOL/USDT,4.32130000,4.35060000,3.66000000,4.17000000,2002058.36000000,8136932.35262900,25545
1598918400000,2020-09-01,SOL/USDT,4.74320000,4.94750000,4.30000000,4.33970000,1267574.76000000,5871722.63744100,20174
1598832000000,2020-08-31,SOL/USDT,4.41270000,4.88650000,4.10000000,4.74350000,1497129.12000000,6664671.74724200,23396
1598745600000,2020-08-30,SOL/USDT,3.95310000,4.71170000,3.90000000,4.43090000,1815681.99000000,7967065.16831300,26712
1598659200000,2020-08-29,SOL/USDT,4.00700000,4.11210000,3.77480000,3.95350000,1342844.20000000,5290923.08962500,19319
1598572800000,2020-08-28,SOL/USDT,3.45030000,4.30910000,3.45030000,4.00630000,2581936.84000000,10089370.36535600,30430
1598486400000,2020-08-27,SOL/USDT,3.55570000,3.85750000,3.24340000,3.45010000,2412974.80000000,8578461.96452700,25784
1598400000000,2020-08-26,SOL/USDT,3.25760000,3.79990000,3.18090000,3.56840000,2290030.56000000,8065581.23932100,23980
1598313600000,2020-08-25,SOL/USDT,3.34060000,3.36540000,3.00010000,3.25000000,1149187.37000000,3629890.75795400,14226
1598227200000,2020-08-24,SOL/USDT,3.26580000,3.62000000,3.21000000,3.34050000,1315196.06000000,4504839.41721800,15317
1598140800000,2020-08-23,SOL/USDT,3.02240000,3.40000000,3.00140000,3.25000000,1198036.69000000,3846250.69637000,11455
1598054400000,2020-08-22,SOL/USDT,2.92130000,3.20000000,2.74310000,3.01260000,1169417.78000000,3433997.19373600,10427
1597968000000,2020-08-21,SOL/USDT,3.20380000,3.24000000,2.89000000,2.93170000,1131895.90000000,3480342.67494000,12957
1597881600000,2020-08-20,SOL/USDT,2.89620000,3.44500000,2.88710000,3.20380000,1277827.32000000,4078240.33148200,14169
1597795200000,2020-08-19,SOL/USDT,3.33400000,3.49000000,2.80000000,2.88680000,1433243.76000000,4380403.48882400,17076
1597708800000,2020-08-18,SOL/USDT,3.11000000,3.70920000,2.81050000,3.34070000,2713115.94000000,8885306.13322400,27415
1597622400000,2020-08-17,SOL/USDT,3.38850000,3.39520000,3.10000000,3.11000000,729413.64000000,2355329.78763000,8632
1597536000000,2020-08-16,SOL/USDT,3.17300000,3.49070000,3.12000000,3.38850000,668106.53000000,2227715.62781000,10659
1597449600000,2020-08-15,SOL/USDT,3.41810000,3.74000000,3.15000000,3.17300000,1070233.20000000,3658005.62220200,13903
1597363200000,2020-08-14,SOL/USDT,3.72070000,3.76760000,3.32100000,3.40990000,1474161.79000000,5205834.09597700,18581
1597276800000,2020-08-13,SOL/USDT,3.75000000,4.13870000,3.50030000,3.73000000,1685759.24000000,6446567.98049000,22922
1597190400000,2020-08-12,SOL/USDT,3.29850000,3.92890000,3.08000000,3.75580000,1737042.95000000,6176153.72463800,21118
1597104000000,2020-08-11,SOL/USDT,2.85000000,3.52080000,2.84330000,3.29850000,1552384.78000000,4939148.93810700,13490
