unix,date,symbol,open,high,low,close,Volume LRC,Volume USDT,tradecount
1658275200000,2022-07-20 00:00:00,LRC/USDT,0.45090000,0.45260000,0.44870000,0.44980000,464702.00000000,209226.70540000,1253
1658188800000,2022-07-19 00:00:00,LRC/USDT,0.43140000,0.47500000,0.42050000,0.45090000,57486888.00000000,25685465.82260000,128536
1658102400000,2022-07-18 00:00:00,LRC/USDT,0.37780000,0.45990000,0.37510000,0.43140000,69637789.00000000,29668876.68590000,140629
1658016000000,2022-07-17 00:00:00,LRC/USDT,0.38730000,0.39890000,0.37660000,0.37760000,12244672.00000000,4754000.95850000,25938
1657929600000,2022-07-16 00:00:00,LRC/USDT,0.37670000,0.39140000,0.36820000,0.38720000,11842806.00000000,4501947.68600000,23172
1657843200000,2022-07-15 00:00:00,LRC/USDT,0.38280000,0.39280000,0.37130000,0.37680000,20825017.00000000,7973616.62510000,43924
1657756800000,2022-07-14 00:00:00,LRC/USDT,0.37080000,0.38880000,0.35780000,0.38240000,23088544.00000000,8630465.72100000,38261
1657670400000,2022-07-13 00:00:00,LRC/USDT,0.36050000,0.37520000,0.34540000,0.37090000,21098346.00000000,7602971.52540000,40764
1657584000000,2022-07-12 00:00:00,LRC/USDT,0.39160000,0.39950000,0.35900000,0.36050000,24297853.00000000,9339700.01640000,53279
1657497600000,2022-07-11 00:00:00,LRC/USDT,0.39130000,0.41400000,0.37270000,0.39170000,35088687.00000000,13906048.73720000,76754
1657411200000,2022-07-10 00:00:00,LRC/USDT,0.40560000,0.40610000,0.38280000,0.39090000,12231501.00000000,4828743.21990000,21788
1657324800000,2022-07-09 00:00:00,LRC/USDT,0.40180000,0.41290000,0.39900000,0.40590000,8725020.00000000,3556982.34880000,18560
1657238400000,2022-07-08 00:00:00,LRC/USDT,0.41810000,0.42770000,0.39860000,0.40210000,15212575.00000000,6231743.95920000,34816
1657152000000,2022-07-07 00:00:00,LRC/USDT,0.40900000,0.42410000,0.40440000,0.41790000,14059503.00000000,5836494.15040000,31942
1657065600000,2022-07-06 00:00:00,LRC/USDT,0.40850000,0.41880000,0.40100000,0.40890000,13777432.00000000,5638034.58630000,31302
1656979200000,2022-07-05 00:00:00,LRC/USDT,0.40150000,0.44070000,0.39070000,0.40890000,33125222.00000000,13782116.70960000,72152
1656892800000,2022-07-04 00:00:00,LRC/USDT,0.38070000,0.40220000,0.37220000,0.40090000,9481311.00000000,3679205.36710000,25219
1656806400000,2022-07-03 00:00:00,LRC/USDT,0.37970000,0.38680000,0.36910000,0.38080000,6777063.00000000,2557849.87450000,16791
1656720000000,2022-07-02 00:00:00,LRC/USDT,0.37980000,0.38390000,0.36790000,0.37940000,7934714.00000000,2985068.96800000,21099
1656633600000,2022-07-01 00:00:00,LRC/USDT,0.38560000,0.39700000,0.36870000,0.37970000,15000343.00000000,5702973.10810000,40930
1656547200000,2022-06-30 00:00:00,LRC/USDT,0.39010000,0.39350000,0.35710000,0.38560000,16215554.00000000,6041535.48930000,45696
1656460800000,2022-06-29 00:00:00,LRC/USDT,0.38840000,0.40200000,0.37890000,0.38970000,15205330.00000000,5931469.54110000,43409
1656374400000,2022-06-28 00:00:00,LRC/USDT,0.40720000,0.42610000,0.38500000,0.38840000,13654941.00000000,5538168.06000000,39137
1656288000000,2022-06-27 00:00:00,LRC/USDT,0.40150000,0.42880000,0.39820000,0.40700000,13214231.00000000,5453358.74470000,36010
1656201600000,2022-06-26 00:00:00,LRC/USDT,0.44060000,0.45220000,0.39930000,0.40190000,20307380.00000000,8771642.38370000,48903
1656115200000,2022-06-25 00:00:00,LRC/USDT,0.42510000,0.44620000,0.41360000,0.44040000,22931836.00000000,9888110.95360000,50520
1656028800000,2022-06-24 00:00:00,LRC/USDT,0.40380000,0.43600000,0.40340000,0.42500000,20150279.00000000,8452433.29170000,52649
1655942400000,2022-06-23 00:00:00,LRC/USDT,0.37540000,0.40720000,0.37350000,0.40360000,14942243.00000000,5920314.19800000,41777
1655856000000,2022-06-22 00:00:00,LRC/USDT,0.39300000,0.40190000,0.36830000,0.37520000,18801911.00000000,7197847.46540000,48237
1655769600000,2022-06-21 00:00:00,LRC/USDT,0.37310000,0.42020000,0.36560000,0.39280000,27902965.00000000,11052697.88040000,57942
1655683200000,2022-06-20 00:00:00,LRC/USDT,0.36800000,0.38220000,0.35040000,0.37330000,17394586.00000000,6408569.81530000,37693
1655596800000,2022-06-19 00:00:00,LRC/USDT,0.34190000,0.37660000,0.32720000,0.36780000,24420332.00000000,8574671.43050000,56818
1655510400000,2022-06-18 00:00:00,LRC/USDT,0.37390000,0.38010000,0.31510000,0.34180000,28703885.00000000,9882747.47170000,64822
1655424000000,2022-06-17 00:00:00,LRC/USDT,0.36400000,0.38530000,0.36050000,0.37380000,15459715.00000000,5786523.06110000,38745
1655337600000,2022-06-16 00:00:00,LRC/USDT,0.41180000,0.41800000,0.35530000,0.36360000,31274414.00000000,11824654.11510000,76857
1655251200000,2022-06-15 00:00:00,LRC/USDT,0.37960000,0.41320000,0.33980000,0.41220000,51117483.00000000,18828286.64680000,128678
1655164800000,2022-06-14 00:00:00,LRC/USDT,0.37700000,0.38870000,0.33940000,0.37970000,51023720.00000000,18887313.88450000,125562
1655078400000,2022-06-13 00:00:00,LRC/USDT,0.40510000,0.40850000,0.33800000,0.37700000,56779507.00000000,20804017.80150000,135610
1654992000000,2022-06-12 00:00:00,LRC/USDT,0.44140000,0.44930000,0.40460000,0.40480000,30531391.00000000,12948122.94340000,73704
1654905600000,2022-06-11 00:00:00,LRC/USDT,0.48040000,0.49510000,0.43320000,0.44150000,17725628.00000000,8178585.74650000,50063
1654819200000,2022-06-10 00:00:00,LRC/USDT,0.51210000,0.51450000,0.47280000,0.48060000,17130047.00000000,8405855.72190000,49674
1654732800000,2022-06-09 00:00:00,LRC/USDT,0.51830000,0.53890000,0.50880000,0.51210000,10663769.00000000,5571941.01650000,32479
1654646400000,2022-06-08 00:00:00,LRC/USDT,0.52880000,0.54440000,0.51530000,0.51830000,14869305.00000000,7844090.44320000,43309
1654560000000,2022-06-07 00:00:00,LRC/USDT,0.55210000,0.55330000,0.50810000,0.52840000,28510354.00000000,14996039.87780000,82895
1654473600000,2022-06-06 00:00:00,LRC/USDT,0.50870000,0.59980000,0.50640000,0.55270000,44151483.00000000,24813758.70240000,125886
1654387200000,2022-06-05 00:00:00,LRC/USDT,0.51570000,0.52080000,0.50030000,0.50870000,9884384.00000000,5039141.37750000,29643
1654300800000,2022-06-04 00:00:00,LRC/USDT,0.51690000,0.52220000,0.49700000,0.51560000,14067133.00000000,7182428.64360000,43836
1654214400000,2022-06-03 00:00:00,LRC/USDT,0.55100000,0.55340000,0.50990000,0.51690000,19817010.00000000,10416271.48340000,66810
1654128000000,2022-06-02 00:00:00,LRC/USDT,0.52450000,0.55730000,0.51150000,0.55060000,27639466.00000000,14785443.61200000,95744
1654041600000,2022-06-01 00:00:00,LRC/USDT,0.56670000,0.60090000,0.50640000,0.52470000,51730743.00000000,28967826.09210000,146046
1653955200000,2022-05-31 00:00:00,LRC/USDT,0.57010000,0.57710000,0.52640000,0.56650000,39106579.00000000,21647845.20810000,121523
1653868800000,2022-05-30 00:00:00,LRC/USDT,0.49420000,0.57730000,0.48430000,0.56990000,46093112.00000000,24761644.22710000,142583
1653782400000,2022-05-29 00:00:00,LRC/USDT,0.48310000,0.50160000,0.46590000,0.49420000,24683994.00000000,11927709.40060000,82051
1653696000000,2022-05-28 00:00:00,LRC/USDT,0.47960000,0.49420000,0.46770000,0.48300000,28238191.00000000,13645746.54300000,88502
1653609600000,2022-05-27 00:00:00,LRC/USDT,0.51010000,0.51550000,0.46330000,0.47900000,65652507.00000000,31942957.69640000,199888
1653523200000,2022-05-26 00:00:00,LRC/USDT,0.61450000,0.62750000,0.50290000,0.51000000,79324670.00000000,43691148.18120000,223377
1653436800000,2022-05-25 00:00:00,LRC/USDT,0.55470000,0.63870000,0.55020000,0.61480000,75976324.00000000,44852524.17670000,236221
1653350400000,2022-05-24 00:00:00,LRC/USDT,0.55320000,0.58710000,0.51650000,0.55490000,64881042.00000000,36112630.38800000,189186
1653264000000,2022-05-23 00:00:00,LRC/USDT,0.51240000,0.66690000,0.49410000,0.55310000,125076177.00000000,74624534.00930000,332904
1653177600000,2022-05-22 00:00:00,LRC/USDT,0.49050000,0.51630000,0.48350000,0.51250000,25666046.00000000,12893764.30470000,62490
1653091200000,2022-05-21 00:00:00,LRC/USDT,0.48380000,0.50010000,0.46750000,0.49050000,19820481.00000000,9631693.62730000,56158
1653004800000,2022-05-20 00:00:00,LRC/USDT,0.48510000,0.50960000,0.46020000,0.48390000,30125899.00000000,14644206.71840000,76673
1652918400000,2022-05-19 00:00:00,LRC/USDT,0.45310000,0.48920000,0.44310000,0.48510000,24696923.00000000,11530148.48970000,67322
1652832000000,2022-05-18 00:00:00,LRC/USDT,0.50050000,0.51000000,0.44680000,0.45320000,25678539.00000000,12152507.20640000,72106
1652745600000,2022-05-17 00:00:00,LRC/USDT,0.46650000,0.51300000,0.46470000,0.50070000,24571395.00000000,12022262.18010000,69680
1652659200000,2022-05-16 00:00:00,LRC/USDT,0.51500000,0.51500000,0.45760000,0.46660000,31657103.00000000,15037938.45960000,88048
1652572800000,2022-05-15 00:00:00,LRC/USDT,0.47710000,0.51590000,0.45280000,0.51530000,27360269.00000000,13232840.86200000,68095
1652486400000,2022-05-14 00:00:00,LRC/USDT,0.46520000,0.48730000,0.43080000,0.47680000,31469842.00000000,14464862.13380000,90160
1652400000000,2022-05-13 00:00:00,LRC/USDT,0.39560000,0.53500000,0.38710000,0.46530000,58718247.00000000,28062972.74840000,151409
1652313600000,2022-05-12 00:00:00,LRC/USDT,0.42040000,0.45020000,0.32590000,0.39560000,66248126.00000000,25487380.53115200,152772
1652227200000,2022-05-11 00:00:00,LRC/USDT,0.57310000,0.58920000,0.37990000,0.42080000,83080453.00000000,40682282.25650000,224823
1652140800000,2022-05-10 00:00:00,LRC/USDT,0.54450000,0.63530000,0.52400000,0.57310000,66259475.00000000,38722283.13900000,199477
1652054400000,2022-05-09 00:00:00,LRC/USDT,0.66440000,0.67930000,0.54110000,0.54510000,49658458.00000000,29843401.44150000,149760
1651968000000,2022-05-08 00:00:00,LRC/USDT,0.69410000,0.69930000,0.65350000,0.66460000,23585977.00000000,15985550.33780000,83424
1651881600000,2022-05-07 00:00:00,LRC/USDT,0.72480000,0.72740000,0.67610000,0.69410000,14445523.00000000,10214847.98010000,58364
1651795200000,2022-05-06 00:00:00,LRC/USDT,0.74240000,0.75700000,0.70350000,0.72520000,24945172.00000000,18130374.62000000,101051
1651708800000,2022-05-05 00:00:00,LRC/USDT,0.81640000,0.85570000,0.71100000,0.74260000,43966962.00000000,34364455.07320000,157583
1651622400000,2022-05-04 00:00:00,LRC/USDT,0.72270000,0.82200000,0.71870000,0.81620000,25850827.00000000,19734638.38050000,90455
1651536000000,2022-05-03 00:00:00,LRC/USDT,0.74730000,0.78250000,0.70950000,0.72260000,25447802.00000000,18859112.83680000,84325
1651449600000,2022-05-02 00:00:00,LRC/USDT,0.74380000,0.78180000,0.70320000,0.74730000,28728268.00000000,21102881.21920000,94279
1651363200000,2022-05-01 00:00:00,LRC/USDT,0.68100000,0.76140000,0.67140000,0.74400000,26019726.00000000,18679660.37780000,82506
1651276800000,2022-04-30 00:00:00,LRC/USDT,0.78920000,0.79640000,0.64530000,0.68110000,29639139.00000000,21832979.59050000,92582
1651190400000,2022-04-29 00:00:00,LRC/USDT,0.84190000,0.84640000,0.76690000,0.78900000,17488593.00000000,14152588.76650000,64894
1651104000000,2022-04-28 00:00:00,LRC/USDT,0.85700000,0.86790000,0.82400000,0.84200000,20721496.00000000,17536236.44910000,68621
1651017600000,2022-04-27 00:00:00,LRC/USDT,0.82020000,0.87010000,0.81370000,0.85690000,14819024.00000000,12580006.15790000,58827
1650931200000,2022-04-26 00:00:00,LRC/USDT,0.89060000,0.90390000,0.80620000,0.82020000,18506455.00000000,15828997.35460000,74404
1650844800000,2022-04-25 00:00:00,LRC/USDT,0.89380000,0.89610000,0.83460000,0.89040000,23753201.00000000,20506874.49140000,93396
1650758400000,2022-04-24 00:00:00,LRC/USDT,0.92480000,0.94120000,0.88540000,0.89350000,15872621.00000000,14480844.28670000,63640
1650672000000,2022-04-23 00:00:00,LRC/USDT,0.95890000,0.98430000,0.91560000,0.92470000,17804347.00000000,16781271.18190000,78328
1650585600000,2022-04-22 00:00:00,LRC/USDT,0.92100000,0.98850000,0.91200000,0.95890000,36778530.00000000,35086418.35720000,148946
1650499200000,2022-04-21 00:00:00,LRC/USDT,0.95350000,0.98210000,0.89620000,0.92100000,28172628.00000000,26625516.71520000,109025
1650412800000,2022-04-20 00:00:00,LRC/USDT,0.95990000,1.04090000,0.92950000,0.95350000,52938693.00000000,52361729.10110000,179282
1650326400000,2022-04-19 00:00:00,LRC/USDT,0.93000000,0.97890000,0.92200000,0.95950000,28964137.00000000,27396856.03200000,111321
1650240000000,2022-04-18 00:00:00,LRC/USDT,0.85260000,0.96000000,0.82470000,0.93040000,44606963.00000000,40221221.51660000,139892
1650153600000,2022-04-17 00:00:00,LRC/USDT,0.90300000,0.90790000,0.84770000,0.85280000,10615116.00000000,9409321.20060000,34633
1650067200000,2022-04-16 00:00:00,LRC/USDT,0.89550000,0.91970000,0.88120000,0.90300000,10145712.00000000,9091879.98390000,35623
1649980800000,2022-04-15 00:00:00,LRC/USDT,0.88480000,0.90380000,0.87230000,0.89540000,9270872.00000000,8243060.59130000,30670
1649894400000,2022-04-14 00:00:00,LRC/USDT,0.92100000,0.94780000,0.86780000,0.88460000,17288653.00000000,15641168.83790000,56866
1649808000000,2022-04-13 00:00:00,LRC/USDT,0.91240000,0.92750000,0.88850000,0.92030000,16527216.00000000,15052929.26850000,54326
1649721600000,2022-04-12 00:00:00,LRC/USDT,0.85200000,0.92260000,0.83820000,0.91210000,25684412.00000000,22803346.09800000,89822
1649635200000,2022-04-11 00:00:00,LRC/USDT,0.96010000,0.96400000,0.83550000,0.85210000,30585919.00000000,27399896.02510000,103848
1649548800000,2022-04-10 00:00:00,LRC/USDT,1.00770000,1.01430000,0.95530000,0.96030000,14093354.00000000,13948488.02570000,50258
1649462400000,2022-04-09 00:00:00,LRC/USDT,0.96210000,1.02640000,0.96000000,1.00730000,14395543.00000000,14256160.20980000,55529
1649376000000,2022-04-08 00:00:00,LRC/USDT,1.01810000,1.04900000,0.95230000,0.96280000,22511324.00000000,22617133.77230000,80591
1649289600000,2022-04-07 00:00:00,LRC/USDT,0.96640000,1.03940000,0.95120000,1.01920000,27726834.00000000,27836022.82370000,98480
1649203200000,2022-04-06 00:00:00,LRC/USDT,1.10470000,1.10810000,0.96290000,0.96680000,41795340.00000000,43108680.97150000,158157
1649116800000,2022-04-05 00:00:00,LRC/USDT,1.14090000,1.19500000,1.10110000,1.10460000,34518344.00000000,39799797.66650000,112777
1649030400000,2022-04-04 00:00:00,LRC/USDT,1.18670000,1.18690000,1.07850000,1.14120000,29830880.00000000,33989125.23640000,109734
1648944000000,2022-04-03 00:00:00,LRC/USDT,1.13910000,1.20370000,1.11460000,1.18670000,29080672.00000000,33959304.16360000,95970
1648857600000,2022-04-02 00:00:00,LRC/USDT,1.18680000,1.22990000,1.13540000,1.13920000,38042991.00000000,45122893.13610000,128968
1648771200000,2022-04-01 00:00:00,LRC/USDT,1.16450000,1.22700000,1.09820000,1.18660000,64248330.00000000,74893350.94340000,196054
1648684800000,2022-03-31 00:00:00,LRC/USDT,1.26990000,1.34000000,1.13510000,1.16480000,96378309.00000000,119737927.22140000,325490
1648598400000,2022-03-30 00:00:00,LRC/USDT,1.28430000,1.32700000,1.21160000,1.26990000,84454679.00000000,106401575.08930000,296953
1648512000000,2022-03-29 00:00:00,LRC/USDT,1.12950000,1.36200000,1.12620000,1.28460000,187522327.00000000,237420993.61990000,586939
1648425600000,2022-03-28 00:00:00,LRC/USDT,1.10470000,1.27810000,1.07420000,1.12940000,182241160.00000000,216129395.64040000,538610
1648339200000,2022-03-27 00:00:00,LRC/USDT,1.06510000,1.14550000,1.04000000,1.10490000,89185931.00000000,97209525.24930000,250824
1648252800000,2022-03-26 00:00:00,LRC/USDT,1.05700000,1.17590000,1.04240000,1.06520000,90755089.00000000,100497658.69370000,257362
1648166400000,2022-03-25 00:00:00,LRC/USDT,1.08100000,1.18480000,1.02980000,1.05680000,92777829.00000000,102935132.83390000,255063
1648080000000,2022-03-24 00:00:00,LRC/USDT,1.16970000,1.20200000,1.03890000,1.08100000,151827886.00000000,166630650.64110000,441498
1647993600000,2022-03-23 00:00:00,LRC/USDT,0.80710000,1.23220000,0.80600000,1.16970000,405447129.00000000,447253789.11020000,1151007
1647907200000,2022-03-22 00:00:00,LRC/USDT,0.80680000,0.85220000,0.78500000,0.80710000,44828803.00000000,37097486.05780000,116586
1647820800000,2022-03-21 00:00:00,LRC/USDT,0.82240000,0.85530000,0.80010000,0.80660000,46133948.00000000,38020966.57260000,113101
1647734400000,2022-03-20 00:00:00,LRC/USDT,0.93390000,0.96110000,0.81400000,0.82230000,91429000.00000000,79705140.06190000,261415
1647648000000,2022-03-19 00:00:00,LRC/USDT,0.72750000,0.95900000,0.72570000,0.93370000,114275782.00000000,99304779.61890000,316020
1647561600000,2022-03-18 00:00:00,LRC/USDT,0.70670000,0.74410000,0.68670000,0.72750000,32046402.00000000,22804035.64680000,63723
1647475200000,2022-03-17 00:00:00,LRC/USDT,0.71520000,0.73980000,0.70540000,0.70670000,20737422.00000000,14905553.93260000,44905
1647388800000,2022-03-16 00:00:00,LRC/USDT,0.67560000,0.71740000,0.67100000,0.71520000,25698204.00000000,17802626.59860000,62558
1647302400000,2022-03-15 00:00:00,LRC/USDT,0.69770000,0.70250000,0.65170000,0.67530000,33257805.00000000,22317876.34150000,56407
1647216000000,2022-03-14 00:00:00,LRC/USDT,0.68020000,0.70190000,0.67110000,0.69780000,12125594.00000000,8343243.96420000,30984
1647129600000,2022-03-13 00:00:00,LRC/USDT,0.69040000,0.72050000,0.67130000,0.68030000,11996933.00000000,8379587.60100000,33126
1647043200000,2022-03-12 00:00:00,LRC/USDT,0.69750000,0.71140000,0.68880000,0.69010000,8344942.00000000,5874310.35340000,24836
1646956800000,2022-03-11 00:00:00,LRC/USDT,0.71790000,0.72370000,0.69350000,0.69770000,19257377.00000000,13639616.98200000,50244
1646870400000,2022-03-10 00:00:00,LRC/USDT,0.74080000,0.74340000,0.68810000,0.71790000,25441185.00000000,17991480.21350000,70005
1646784000000,2022-03-09 00:00:00,LRC/USDT,0.73370000,0.76510000,0.73090000,0.74050000,24073058.00000000,18086740.20480000,60834
1646697600000,2022-03-08 00:00:00,LRC/USDT,0.70450000,0.74570000,0.69690000,0.73380000,24805624.00000000,18038663.00640000,60874
1646611200000,2022-03-07 00:00:00,LRC/USDT,0.71640000,0.73890000,0.67520000,0.70470000,26337269.00000000,18547893.04730000,62516
1646524800000,2022-03-06 00:00:00,LRC/USDT,0.75990000,0.76790000,0.70970000,0.71620000,18233372.00000000,13490117.61510000,45328
1646438400000,2022-03-05 00:00:00,LRC/USDT,0.73420000,0.77620000,0.71360000,0.75990000,22640890.00000000,17050975.75980000,54241
1646352000000,2022-03-04 00:00:00,LRC/USDT,0.78170000,0.78590000,0.71990000,0.73430000,26726893.00000000,20205342.55810000,61769
1646265600000,2022-03-03 00:00:00,LRC/USDT,0.81040000,0.81690000,0.75970000,0.78220000,26856418.00000000,21226633.49920000,60869
1646179200000,2022-03-02 00:00:00,LRC/USDT,0.83570000,0.86850000,0.78890000,0.81050000,39255515.00000000,32285730.88750000,92443
1646092800000,2022-03-01 00:00:00,LRC/USDT,0.82450000,0.86370000,0.79040000,0.83560000,38686229.00000000,31914406.77650000,98065
1646006400000,2022-02-28 00:00:00,LRC/USDT,0.72780000,0.83040000,0.71530000,0.82480000,31196090.00000000,23888860.22790000,80772
1645920000000,2022-02-27 00:00:00,LRC/USDT,0.77000000,0.78680000,0.71000000,0.72760000,31185632.00000000,23516180.63300000,81285
1645833600000,2022-02-26 00:00:00,LRC/USDT,0.77770000,0.82250000,0.75860000,0.76990000,22832348.00000000,17859526.27000000,66454
1645747200000,2022-02-25 00:00:00,LRC/USDT,0.74100000,0.78500000,0.71770000,0.77760000,35050779.00000000,26360905.35040000,88934
1645660800000,2022-02-24 00:00:00,LRC/USDT,0.75270000,0.77720000,0.62680000,0.74050000,84221776.00000000,57888366.29190000,205623
1645574400000,2022-02-23 00:00:00,LRC/USDT,0.80180000,0.83120000,0.74920000,0.75270000,30200273.00000000,24004268.92720000,81997
1645488000000,2022-02-22 00:00:00,LRC/USDT,0.74210000,0.81160000,0.72490000,0.80200000,34204928.00000000,26398630.79520000,93287
1645401600000,2022-02-21 00:00:00,LRC/USDT,0.81130000,0.86580000,0.73840000,0.74190000,37270946.00000000,30222276.46420000,105482
1645315200000,2022-02-20 00:00:00,LRC/USDT,0.88760000,0.89010000,0.78790000,0.81140000,25490858.00000000,21139054.93610000,75069
1645228800000,2022-02-19 00:00:00,LRC/USDT,0.87270000,0.91400000,0.85740000,0.88740000,19827496.00000000,17558393.76600000,63731
1645142400000,2022-02-18 00:00:00,LRC/USDT,0.88550000,0.94030000,0.86200000,0.87230000,25993301.00000000,23305686.20950000,76417
1645056000000,2022-02-17 00:00:00,LRC/USDT,0.95950000,0.97480000,0.85910000,0.88520000,28214651.00000000,26031209.30620000,86069
1644969600000,2022-02-16 00:00:00,LRC/USDT,0.98770000,0.99090000,0.93260000,0.95990000,24645622.00000000,23797193.31290000,75115
1644883200000,2022-02-15 00:00:00,LRC/USDT,0.92130000,0.99650000,0.92110000,0.98720000,28585454.00000000,27767632.10110000,79905
1644796800000,2022-02-14 00:00:00,LRC/USDT,0.90770000,0.94370000,0.87820000,0.92120000,25835007.00000000,23291402.38530000,82082
1644710400000,2022-02-13 00:00:00,LRC/USDT,0.95170000,0.96780000,0.89020000,0.90760000,23377052.00000000,21860894.29270000,68379
1644624000000,2022-02-12 00:00:00,LRC/USDT,0.94290000,0.98200000,0.90410000,0.95220000,34467646.00000000,32546372.44040000,102024
1644537600000,2022-02-11 00:00:00,LRC/USDT,1.01210000,1.10210000,0.91550000,0.94290000,57021026.00000000,58324017.33230000,175682
1644451200000,2022-02-10 00:00:00,LRC/USDT,1.09920000,1.10640000,0.99390000,1.01150000,49136165.00000000,51853968.74300000,170703
1644364800000,2022-02-09 00:00:00,LRC/USDT,1.07620000,1.12740000,1.04200000,1.09960000,42063224.00000000,46049756.54530000,137985
1644278400000,2022-02-08 00:00:00,LRC/USDT,1.16730000,1.20780000,1.02210000,1.07660000,78548162.00000000,86537555.35060000,240608
1644192000000,2022-02-07 00:00:00,LRC/USDT,1.12180000,1.23000000,1.07330000,1.16700000,104034268.00000000,119016423.48140000,303095
1644105600000,2022-02-06 00:00:00,LRC/USDT,0.95910000,1.12290000,0.95260000,1.12210000,96223276.00000000,98823356.51270000,258322
1644019200000,2022-02-05 00:00:00,LRC/USDT,0.91400000,1.03300000,0.90900000,0.95970000,64676393.00000000,63281092.84480000,191883
1643932800000,2022-02-04 00:00:00,LRC/USDT,0.85050000,0.91920000,0.84100000,0.91410000,45475245.00000000,39921299.53490000,124282
1643846400000,2022-02-03 00:00:00,LRC/USDT,0.86820000,0.88990000,0.81000000,0.85060000,55529882.00000000,46807896.88940000,138913
1643760000000,2022-02-02 00:00:00,LRC/USDT,0.96340000,0.96570000,0.84990000,0.86790000,72889755.00000000,67054159.31990000,166348
1643673600000,2022-02-01 00:00:00,LRC/USDT,0.99880000,1.02400000,0.95520000,0.96340000,44075679.00000000,43289437.26220000,113280
1643587200000,2022-01-31 00:00:00,LRC/USDT,1.00240000,1.04140000,0.92350000,0.99880000,34724260.00000000,34105530.32620000,105586
1643500800000,2022-01-30 00:00:00,LRC/USDT,0.97450000,1.05890000,0.95360000,1.00250000,42520631.00000000,43131650.75890000,128926
1643414400000,2022-01-29 00:00:00,LRC/USDT,0.98890000,1.01540000,0.95840000,0.97470000,29085027.00000000,28648680.53440000,85329
1643328000000,2022-01-28 00:00:00,LRC/USDT,0.96240000,1.01030000,0.91250000,0.98860000,45201930.00000000,43374883.96290000,133777
1643241600000,2022-01-27 00:00:00,LRC/USDT,1.07680000,1.12830000,0.92370000,0.96290000,85471492.00000000,86628402.96990000,256097
1643155200000,2022-01-26 00:00:00,LRC/USDT,1.03140000,1.20930000,0.98130000,1.07650000,138542538.00000000,149286765.50720000,430842
1643068800000,2022-01-25 00:00:00,LRC/USDT,0.86130000,1.07200000,0.83780000,1.03070000,142720720.00000000,135273855.02490000,409239
1642982400000,2022-01-24 00:00:00,LRC/USDT,0.85850000,0.89460000,0.70610000,0.86140000,98640467.00000000,78033816.87910000,257694
1642896000000,2022-01-23 00:00:00,LRC/USDT,0.73770000,0.86900000,0.73220000,0.85880000,77736748.00000000,62439578.62780000,225368
1642809600000,2022-01-22 00:00:00,LRC/USDT,0.86730000,0.88920000,0.64680000,0.73830000,129371044.00000000,97457414.68060000,322120
1642723200000,2022-01-21 00:00:00,LRC/USDT,1.06260000,1.08310000,0.84000000,0.86700000,86673227.00000000,83620002.37930000,260545
1642636800000,2022-01-20 00:00:00,LRC/USDT,1.17500000,1.22420000,1.05290000,1.06340000,40766985.00000000,47208541.76680000,140496
1642550400000,2022-01-19 00:00:00,LRC/USDT,1.15920000,1.24570000,1.10580000,1.17510000,72785590.00000000,86667927.69420000,236490
1642464000000,2022-01-18 00:00:00,LRC/USDT,1.22890000,1.23760000,1.09460000,1.15890000,55384761.00000000,63637568.22630000,181310
1642377600000,2022-01-17 00:00:00,LRC/USDT,1.36230000,1.37480000,1.17000000,1.22870000,61576368.00000000,76198132.45630000,220452
1642291200000,2022-01-16 00:00:00,LRC/USDT,1.42040000,1.42300000,1.30430000,1.36280000,51864190.00000000,69842539.45940000,196482
1642204800000,2022-01-15 00:00:00,LRC/USDT,1.47540000,1.48610000,1.38380000,1.42010000,51320901.00000000,72884446.18700000,185214
1642118400000,2022-01-14 00:00:00,LRC/USDT,1.49960000,1.54750000,1.43950000,1.47500000,22716283.00000000,33691371.09680000,97418
1642032000000,2022-01-13 00:00:00,LRC/USDT,1.63410000,1.66920000,1.49140000,1.49920000,20647668.00000000,32614291.22760000,103588
1641945600000,2022-01-12 00:00:00,LRC/USDT,1.49580000,1.65340000,1.46320000,1.63480000,25534320.00000000,39946784.36190000,113691
1641859200000,2022-01-11 00:00:00,LRC/USDT,1.46760000,1.52890000,1.38610000,1.49570000,29346243.00000000,42653178.11730000,135194
1641772800000,2022-01-10 00:00:00,LRC/USDT,1.57220000,1.60560000,1.38030000,1.46780000,23204760.00000000,34126032.91150000,114975
1641686400000,2022-01-09 00:00:00,LRC/USDT,1.52070000,1.63020000,1.50660000,1.57310000,15214558.00000000,23733440.21070000,78908
1641600000000,2022-01-08 00:00:00,LRC/USDT,1.67500000,1.73350000,1.44370000,1.52100000,33976887.00000000,53622902.13670000,176587
1641513600000,2022-01-07 00:00:00,LRC/USDT,1.84020000,1.86750000,1.65000000,1.67500000,44944476.00000000,78420539.88910000,223639
1641427200000,2022-01-06 00:00:00,LRC/USDT,1.80440000,2.07820000,1.66350000,1.83990000,55259071.00000000,102884489.09130000,264472
1641340800000,2022-01-05 00:00:00,LRC/USDT,2.05470000,2.10780000,1.64170000,1.80440000,26150400.00000000,50159131.52950000,150850
1641254400000,2022-01-04 00:00:00,LRC/USDT,2.04620000,2.14890000,2.00090000,2.05420000,13746170.00000000,28420179.89170000,90587
1641168000000,2022-01-03 00:00:00,LRC/USDT,2.09510000,2.09760000,2.02000000,2.04630000,7864482.00000000,16238894.17690000,52992
1641081600000,2022-01-02 00:00:00,LRC/USDT,2.08850000,2.12000000,2.04670000,2.09550000,8649507.00000000,17978397.21540000,50676
1640995200000,2022-01-01 00:00:00,LRC/USDT,2.08700000,2.12140000,2.03720000,2.08860000,9139247.00000000,18930988.25460000,53105
1640908800000,2021-12-31 00:00:00,LRC/USDT,1.99450000,2.15060000,1.94500000,2.08490000,24127222.00000000,49641040.94930000,143923
1640822400000,2021-12-30 00:00:00,LRC/USDT,1.97320000,2.05210000,1.90080000,1.99390000,15659439.00000000,31243791.60820000,91104
1640736000000,2021-12-29 00:00:00,LRC/USDT,2.05860000,2.11760000,1.92600000,1.97270000,19963370.00000000,40609059.53720000,126432
1640649600000,2021-12-28 00:00:00,LRC/USDT,2.26140000,2.26140000,2.04270000,2.05860000,28604353.00000000,61411833.37210000,190958
1640563200000,2021-12-27 00:00:00,LRC/USDT,2.35090000,2.44500000,2.24630000,2.26150000,26148925.00000000,61937912.27750000,163225
1640476800000,2021-12-26 00:00:00,LRC/USDT,2.27240000,2.45790000,2.20110000,2.35080000,27269971.00000000,63597136.55780000,170748
1640390400000,2021-12-25 00:00:00,LRC/USDT,2.21490000,2.32400000,2.19850000,2.27300000,13456549.00000000,30482717.69780000,90200
1640304000000,2021-12-24 00:00:00,LRC/USDT,2.31860000,2.37710000,2.17320000,2.21570000,21195015.00000000,48762886.15720000,140025
1640217600000,2021-12-23 00:00:00,LRC/USDT,2.20310000,2.36210000,2.15370000,2.31840000,25489289.00000000,57393825.72500000,157926
1640131200000,2021-12-22 00:00:00,LRC/USDT,2.40000000,2.41150000,2.18880000,2.20290000,36541595.00000000,83741774.66510000,206149
1640044800000,2021-12-21 00:00:00,LRC/USDT,2.01460000,2.45000000,1.98640000,2.39990000,38708015.00000000,87371176.66650000,249439
1639958400000,2021-12-20 00:00:00,LRC/USDT,2.04410000,2.07890000,1.87670000,2.01440000,16820523.00000000,33255689.30470000,107641
1639872000000,2021-12-19 00:00:00,LRC/USDT,2.07220000,2.12240000,2.01950000,2.04320000,8284384.00000000,17109125.74540000,51211
1639785600000,2021-12-18 00:00:00,LRC/USDT,2.05340000,2.12190000,1.98800000,2.07230000,12504562.00000000,25811831.83880000,75667
1639699200000,2021-12-17 00:00:00,LRC/USDT,2.10630000,2.15800000,1.99180000,2.05300000,15278897.00000000,31764753.42100000,99823
1639612800000,2021-12-16 00:00:00,LRC/USDT,2.24410000,2.36300000,2.09520000,2.10590000,22208822.00000000,49618047.97360000,127656
1639526400000,2021-12-15 00:00:00,LRC/USDT,2.18510000,2.28150000,2.00440000,2.24410000,23494372.00000000,50559446.99980000,140933
1639440000000,2021-12-14 00:00:00,LRC/USDT,2.09710000,2.28390000,2.03640000,2.18550000,24985163.00000000,54088726.62360000,147058
1639353600000,2021-12-13 00:00:00,LRC/USDT,2.45330000,2.47220000,2.05880000,2.09760000,27203449.00000000,61137436.26120000,154984
1639267200000,2021-12-12 00:00:00,LRC/USDT,2.42290000,2.49200000,2.32390000,2.45410000,13650662.00000000,32856933.35870000,85322
1639180800000,2021-12-11 00:00:00,LRC/USDT,2.30100000,2.46240000,2.26080000,2.42410000,15681672.00000000,37072151.58880000,101905
1639094400000,2021-12-10 00:00:00,LRC/USDT,2.49240000,2.60500000,2.29250000,2.30050000,43766637.00000000,107302470.04570000,253877
1639008000000,2021-12-09 00:00:00,LRC/USDT,2.57300000,2.73630000,2.35310000,2.49230000,69354079.00000000,175154039.15630000,399175
1638921600000,2021-12-08 00:00:00,LRC/USDT,2.46260000,2.96160000,2.26900000,2.57220000,73456563.00000000,191471043.68270000,427017
1638835200000,2021-12-07 00:00:00,LRC/USDT,2.45540000,2.65500000,2.36660000,2.46060000,63732402.00000000,160639567.33000000,385818
1638748800000,2021-12-06 00:00:00,LRC/USDT,2.03570000,2.54010000,1.79730000,2.45390000,61612970.00000000,132461999.59700000,321113
1638662400000,2021-12-05 00:00:00,LRC/USDT,2.26790000,2.34680000,1.96490000,2.03570000,31405573.00000000,67656300.71770000,185310
1638576000000,2021-12-04 00:00:00,LRC/USDT,2.38000000,2.38630000,1.60000000,2.26700000,69013113.00000000,140538741.39050000,357602
1638489600000,2021-12-03 00:00:00,LRC/USDT,2.63080000,2.64590000,2.24370000,2.38040000,31488767.00000000,78112533.77680000,200975
1638403200000,2021-12-02 00:00:00,LRC/USDT,2.77800000,2.77970000,2.56300000,2.63110000,23351840.00000000,61889180.64420000,158025
1638316800000,2021-12-01 00:00:00,LRC/USDT,2.77250000,2.98570000,2.70190000,2.77900000,35508835.00000000,100260515.39500000,226281
1638230400000,2021-11-30 00:00:00,LRC/USDT,2.86460000,2.96000000,2.71110000,2.76820000,35032694.00000000,98850251.75240000,233936
1638144000000,2021-11-29 00:00:00,LRC/USDT,2.93100000,3.17160000,2.85290000,2.86260000,42550314.00000000,127398202.42080000,276111
1638057600000,2021-11-28 00:00:00,LRC/USDT,2.89420000,2.97790000,2.65290000,2.92770000,36118313.00000000,100776684.50570000,250416
1637971200000,2021-11-27 00:00:00,LRC/USDT,2.81830000,3.11650000,2.77370000,2.89160000,49254842.00000000,145615133.22670000,314481
1637884800000,2021-11-26 00:00:00,LRC/USDT,3.20220000,3.63850000,2.64220000,2.81750000,132463845.00000000,399854223.78840000,838579
1637798400000,2021-11-25 00:00:00,LRC/USDT,3.41260000,3.77770000,3.11630000,3.20020000,143717118.00000000,492788312.18880000,902872
1637712000000,2021-11-24 00:00:00,LRC/USDT,3.33700000,3.49500000,2.90000000,3.41290000,150667836.00000000,472532240.77770000,896810
1637625600000,2021-11-23 00:00:00,LRC/USDT,2.64740000,3.48000000,2.53170000,3.33480000,288060667.00000000,872273446.06440000,1533710
1637539200000,2021-11-22 00:00:00,LRC/USDT,2.37780000,2.85500000,2.31590000,2.64610000,95787473.00000000,251098547.22190000,571610
1637452800000,2021-11-21 00:00:00,LRC/USDT,2.58160000,2.63390000,2.35210000,2.37570000,36837216.00000000,91820456.65260000,205963
1637366400000,2021-11-20 00:00:00,LRC/USDT,2.65910000,2.74900000,2.49980000,2.58160000,54934511.00000000,143923467.99350000,326538
1637280000000,2021-11-19 00:00:00,LRC/USDT,2.21680000,2.89430000,2.17360000,2.65770000,135970564.00000000,354212850.78170000,735840
1637193600000,2021-11-18 00:00:00,LRC/USDT,2.52640000,2.59320000,2.16380000,2.21290000,79226411.00000000,187564165.33260000,354547
1637107200000,2021-11-17 00:00:00,LRC/USDT,2.63060000,2.88300000,2.47950000,2.52510000,79753519.00000000,214218646.67050000,408755
1637020800000,2021-11-16 00:00:00,LRC/USDT,2.90980000,2.91200000,2.35860000,2.63220000,86756251.00000000,228534528.73880000,450470
1636934400000,2021-11-15 00:00:00,LRC/USDT,3.05810000,3.11740000,2.85000000,2.90980000,63013313.00000000,186257341.81920000,392148
1636848000000,2021-11-14 00:00:00,LRC/USDT,2.67820000,3.36000000,2.65010000,3.05750000,174746828.00000000,543440104.16950000,1066417
1636761600000,2021-11-13 00:00:00,LRC/USDT,3.03760000,3.08830000,2.61740000,2.67810000,83795697.00000000,234243019.02080000,489562
1636675200000,2021-11-12 00:00:00,LRC/USDT,3.21240000,3.53550000,2.84700000,3.03620000,156757714.00000000,488938847.51090000,840923
1636588800000,2021-11-11 00:00:00,LRC/USDT,3.03180000,3.73860000,2.97010000,3.21370000,282335423.00000000,940970628.13390000,1818907
1636502400000,2021-11-10 00:00:00,LRC/USDT,2.92310000,3.85000000,2.66000000,3.03470000,609401595.40000000,1992135685.91084200,3883069
1636416000000,2021-11-09 00:00:00,LRC/USDT,2.04480000,3.04000000,2.00680000,2.92410000,624066752.60000000,1554293940.09310700,2461633
1636329600000,2021-11-08 00:00:00,LRC/USDT,1.48020000,2.50820000,1.40790000,2.04580000,490221917.10000000,928691633.13994800,1536607
1636243200000,2021-11-07 00:00:00,LRC/USDT,1.28360000,1.51680000,1.24320000,1.48050000,115050056.00000000,157233816.49500000,337657
1636156800000,2021-11-06 00:00:00,LRC/USDT,1.18290000,1.35600000,1.16610000,1.28410000,137738723.00000000,174836545.91310000,386114
1636070400000,2021-11-05 00:00:00,LRC/USDT,1.11490000,1.48500000,1.08220000,1.18300000,228152107.00000000,298025443.82080000,657879
1635984000000,2021-11-04 00:00:00,LRC/USDT,1.18440000,1.36830000,1.06000000,1.11500000,160482624.00000000,192617345.95350000,480051
1635897600000,2021-11-03 00:00:00,LRC/USDT,1.43410000,1.58000000,1.15730000,1.18440000,356326709.00000000,486490163.39810000,1008587
1635811200000,2021-11-02 00:00:00,LRC/USDT,1.01970000,1.71000000,0.92750000,1.43410000,887405732.20000000,1187759501.74948800,2296061
1635724800000,2021-11-01 00:00:00,LRC/USDT,0.63310000,1.14990000,0.61350000,1.01890000,859963803.70000000,749603101.42334100,1544155
1635638400000,2021-10-31 00:00:00,LRC/USDT,0.54940000,0.63720000,0.54090000,0.63210000,44116305.00000000,25315635.83080000,89359
1635552000000,2021-10-30 00:00:00,LRC/USDT,0.55000000,0.64620000,0.53540000,0.54960000,87981752.00000000,52276258.92790000,156194
1635465600000,2021-10-29 00:00:00,LRC/USDT,0.54080000,0.57740000,0.50030000,0.54930000,92502568.00000000,49368004.80380000,147162
1635379200000,2021-10-28 00:00:00,LRC/USDT,0.37360000,0.59170000,0.37000000,0.54090000,197782918.00000000,100170674.39870000,273988
1635292800000,2021-10-27 00:00:00,LRC/USDT,0.42970000,0.44660000,0.36350000,0.37280000,28174334.00000000,11190919.98980000,43446
1635206400000,2021-10-26 00:00:00,LRC/USDT,0.42790000,0.44100000,0.42300000,0.42960000,16324362.00000000,7055568.61350000,22052
1635120000000,2021-10-25 00:00:00,LRC/USDT,0.41550000,0.42930000,0.41310000,0.42760000,6896291.00000000,2911610.74540000,10249
1635033600000,2021-10-24 00:00:00,LRC/USDT,0.43320000,0.43610000,0.40600000,0.41510000,10202584.00000000,4282269.74250000,18928
1634947200000,2021-10-23 00:00:00,LRC/USDT,0.42620000,0.43800000,0.42000000,0.43320000,13731402.00000000,5899602.35820000,21108
1634860800000,2021-10-22 00:00:00,LRC/USDT,0.41460000,0.42900000,0.40560000,0.42620000,13510943.00000000,5653242.79710000,23585
1634774400000,2021-10-21 00:00:00,LRC/USDT,0.43630000,0.44390000,0.41070000,0.41410000,15912905.00000000,6836993.24480000,25361
1634688000000,2021-10-20 00:00:00,LRC/USDT,0.42970000,0.44210000,0.42260000,0.43600000,11306971.00000000,4893785.30750000,22402
1634601600000,2021-10-19 00:00:00,LRC/USDT,0.43120000,0.43780000,0.42010000,0.42860000,11766940.00000000,5055210.23840000,19286
1634515200000,2021-10-18 00:00:00,LRC/USDT,0.45120000,0.46180000,0.41830000,0.43140000,27869023.00000000,12245758.21010000,38170
1634428800000,2021-10-17 00:00:00,LRC/USDT,0.42090000,0.51700000,0.41320000,0.45120000,90861948.00000000,42262342.40840000,128728
1634342400000,2021-10-16 00:00:00,LRC/USDT,0.41400000,0.45840000,0.41090000,0.42070000,49588945.00000000,21397628.17750000,55271
1634256000000,2021-10-15 00:00:00,LRC/USDT,0.37960000,0.50000000,0.37000000,0.41450000,113554140.00000000,49487067.33710000,122759
1634169600000,2021-10-14 00:00:00,LRC/USDT,0.38220000,0.39550000,0.37540000,0.37940000,8709209.00000000,3353386.47080000,13371
1634083200000,2021-10-13 00:00:00,LRC/USDT,0.37240000,0.38250000,0.36370000,0.38180000,9877063.00000000,3690345.15840000,12578
1633996800000,2021-10-12 00:00:00,LRC/USDT,0.36910000,0.37690000,0.34830000,0.37270000,14124392.00000000,5133834.08320000,16982
1633910400000,2021-10-11 00:00:00,LRC/USDT,0.38300000,0.38940000,0.36000000,0.36940000,21517869.00000000,8087860.95220000,29566
1633824000000,2021-10-10 00:00:00,LRC/USDT,0.41060000,0.41760000,0.38030000,0.38320000,12975100.00000000,5222980.41760000,16403
1633737600000,2021-10-09 00:00:00,LRC/USDT,0.40190000,0.43000000,0.39560000,0.41040000,19236682.00000000,7959697.57210000,25037
1633651200000,2021-10-08 00:00:00,LRC/USDT,0.39550000,0.41910000,0.38840000,0.40170000,33938921.00000000,13756236.64130000,42618
1633564800000,2021-10-07 00:00:00,LRC/USDT,0.39290000,0.40100000,0.38340000,0.39480000,15750568.00000000,6181318.84220000,20308
1633478400000,2021-10-06 00:00:00,LRC/USDT,0.40890000,0.41280000,0.38030000,0.39260000,22592805.00000000,8933841.35680000,27019
1633392000000,2021-10-05 00:00:00,LRC/USDT,0.39970000,0.41500000,0.39580000,0.40910000,19967505.00000000,8112974.30660000,27497
1633305600000,2021-10-04 00:00:00,LRC/USDT,0.41170000,0.41170000,0.38260000,0.39950000,24196164.00000000,9655930.02760000,27690
1633219200000,2021-10-03 00:00:00,LRC/USDT,0.39710000,0.42990000,0.38850000,0.41150000,40816254.00000000,16855198.61280000,44112
1633132800000,2021-10-02 00:00:00,LRC/USDT,0.38850000,0.41100000,0.38410000,0.39720000,22363816.00000000,8911967.36260000,24736
1633046400000,2021-10-01 00:00:00,LRC/USDT,0.36560000,0.39070000,0.36380000,0.38820000,23549950.00000000,8982941.89250000,22801
1632960000000,2021-09-30 00:00:00,LRC/USDT,0.35490000,0.37220000,0.35370000,0.36550000,10679563.00000000,3877689.35210000,11828
1632873600000,2021-09-29 00:00:00,LRC/USDT,0.35130000,0.36710000,0.35000000,0.35480000,11644480.00000000,4172320.07150000,12119
1632787200000,2021-09-28 00:00:00,LRC/USDT,0.36560000,0.37310000,0.34810000,0.35140000,16274967.90000000,5877403.95648000,15660
1632700800000,2021-09-27 00:00:00,LRC/USDT,0.36920000,0.38370000,0.36490000,0.36570000,19875969.00000000,7484714.56240000,21886
1632614400000,2021-09-26 00:00:00,LRC/USDT,0.38470000,0.38630000,0.35270000,0.36940000,30677932.30000000,11309734.36554300,28373
1632528000000,2021-09-25 00:00:00,LRC/USDT,0.37990000,0.39240000,0.36960000,0.38470000,16257410.00000000,6200957.75360000,20610
1632441600000,2021-09-24 00:00:00,LRC/USDT,0.41060000,0.41210000,0.36780000,0.38000000,29765286.00000000,11423241.64630000,34070
1632355200000,2021-09-23 00:00:00,LRC/USDT,0.41040000,0.41600000,0.39640000,0.41090000,15116871.00000000,6178981.44820000,17254
1632268800000,2021-09-22 00:00:00,LRC/USDT,0.37700000,0.41120000,0.36900000,0.41040000,21425599.00000000,8424985.21860000,23344
1632182400000,2021-09-21 00:00:00,LRC/USDT,0.40130000,0.41530000,0.36730000,0.37670000,29822629.60000000,11833162.95782500,34898
1632096000000,2021-09-20 00:00:00,LRC/USDT,0.45050000,0.45210000,0.38830000,0.40170000,38906520.00000000,16260273.01190000,45950
1632009600000,2021-09-19 00:00:00,LRC/USDT,0.45940000,0.47160000,0.44540000,0.44990000,24084867.00000000,11086032.78070000,30127
1631923200000,2021-09-18 00:00:00,LRC/USDT,0.46430000,0.46800000,0.44870000,0.46000000,15588766.00000000,7142003.01830000,19074
1631836800000,2021-09-17 00:00:00,LRC/USDT,0.47210000,0.47570000,0.44720000,0.46320000,23936637.00000000,11013616.26310000,32187
1631750400000,2021-09-16 00:00:00,LRC/USDT,0.49870000,0.51400000,0.45740000,0.47200000,30582850.00000000,14889368.55980000,44525
1631664000000,2021-09-15 00:00:00,LRC/USDT,0.46870000,0.50960000,0.45960000,0.49900000,36228687.00000000,17547255.15230000,52542
1631577600000,2021-09-14 00:00:00,LRC/USDT,0.43420000,0.48600000,0.42570000,0.46890000,26205185.00000000,11886891.72510000,32907
1631491200000,2021-09-13 00:00:00,LRC/USDT,0.48300000,0.49000000,0.41110000,0.43380000,32500039.00000000,14405966.43510000,37777
1631404800000,2021-09-12 00:00:00,LRC/USDT,0.43880000,0.52900000,0.42090000,0.48390000,91495020.00000000,44810647.62130000,110451
1631318400000,2021-09-11 00:00:00,LRC/USDT,0.41590000,0.47000000,0.41230000,0.43910000,19737017.00000000,8710227.71820000,27719
1631232000000,2021-09-10 00:00:00,LRC/USDT,0.44900000,0.47140000,0.40370000,0.41580000,22127559.00000000,9651821.30660000,33232
1631145600000,2021-09-09 00:00:00,LRC/USDT,0.43670000,0.48000000,0.43000000,0.44820000,24940960.00000000,11158957.94470000,33150
1631059200000,2021-09-08 00:00:00,LRC/USDT,0.40570000,0.49000000,0.39290000,0.43600000,69049438.00000000,30140411.87970000,77600
1630972800000,2021-09-07 00:00:00,LRC/USDT,0.50500000,0.50750000,0.38030000,0.40480000,77684283.80000000,34279735.76372500,90100
1630886400000,2021-09-06 00:00:00,LRC/USDT,0.52360000,0.53330000,0.46500000,0.50500000,37380601.00000000,19019265.51870000,51837
1630800000000,2021-09-05 00:00:00,LRC/USDT,0.50870000,0.53520000,0.50240000,0.52340000,40899591.00000000,21234795.10750000,49693
1630713600000,2021-09-04 00:00:00,LRC/USDT,0.51390000,0.52340000,0.50250000,0.50860000,33185280.00000000,17023176.78760000,41487
1630627200000,2021-09-03 00:00:00,LRC/USDT,0.52880000,0.53130000,0.49340000,0.51380000,38983342.00000000,20287369.82340000,50082
1630540800000,2021-09-02 00:00:00,LRC/USDT,0.53560000,0.55000000,0.52570000,0.52880000,39252736.00000000,21023258.16470000,46591
1630454400000,2021-09-01 00:00:00,LRC/USDT,0.55600000,0.56690000,0.52020000,0.53550000,58981872.00000000,31833676.79970000,63263
1630368000000,2021-08-31 00:00:00,LRC/USDT,0.53540000,0.56670000,0.51510000,0.55590000,82740128.00000000,44544874.52550000,95173
1630281600000,2021-08-30 00:00:00,LRC/USDT,0.55390000,0.59890000,0.52770000,0.53570000,172551070.00000000,97213632.77260000,220895
1630195200000,2021-08-29 00:00:00,LRC/USDT,0.55280000,0.75450000,0.51770000,0.55420000,410115515.30000000,257836279.55178200,542452
1630108800000,2021-08-28 00:00:00,LRC/USDT,0.49650000,0.57120000,0.48590000,0.55320000,78956481.90000000,41826786.93169600,91124
1630022400000,2021-08-27 00:00:00,LRC/USDT,0.49420000,0.54050000,0.45000000,0.49650000,100702709.80000000,51471094.87668300,111764
1629936000000,2021-08-26 00:00:00,LRC/USDT,0.46428000,0.52020000,0.44590000,0.49430000,125633818.90000000,60768335.15472300,127504
1629849600000,2021-08-25 00:00:00,LRC/USDT,0.45855000,0.50011000,0.43862000,0.46482000,93745218.90000000,43730743.53693600,94842
1629763200000,2021-08-24 00:00:00,LRC/USDT,0.50644000,0.54666000,0.44020000,0.45830000,181441223.30000000,89538569.81209400,201368
1629676800000,2021-08-23 00:00:00,LRC/USDT,0.55001000,0.57513000,0.48211000,0.50689000,243747981.80000000,126228332.07399500,300500
1629590400000,2021-08-22 00:00:00,LRC/USDT,0.35102000,0.61000000,0.35029000,0.54985000,511000120.10000000,256023435.95545400,645331
1629504000000,2021-08-21 00:00:00,LRC/USDT,0.35327000,0.36612000,0.34181000,0.35098000,41083564.30000000,14593123.54354500,51850
1629417600000,2021-08-20 00:00:00,LRC/USDT,0.32828000,0.35890000,0.32512000,0.35282000,40003499.20000000,13861201.33868400,50365
1629331200000,2021-08-19 00:00:00,LRC/USDT,0.31451000,0.32899000,0.30544000,0.32822000,27553651.60000000,8748637.38047200,29280
1629244800000,2021-08-18 00:00:00,LRC/USDT,0.31409000,0.33548000,0.29574000,0.31451000,36230670.20000000,11430150.57492000,35267
1629158400000,2021-08-17 00:00:00,LRC/USDT,0.34447000,0.34897000,0.30716000,0.31449000,34638648.60000000,11579234.36266200,36960
1629072000000,2021-08-16 00:00:00,LRC/USDT,0.32598000,0.37023000,0.32284000,0.34428000,63107586.70000000,21847903.69897200,60973
1628985600000,2021-08-15 00:00:00,LRC/USDT,0.32738000,0.32958000,0.31094000,0.32585000,22120523.40000000,7049126.41765500,21400
1628899200000,2021-08-14 00:00:00,LRC/USDT,0.33750000,0.34098000,0.31332000,0.32734000,25964152.20000000,8458073.35930200,29747
1628812800000,2021-08-13 00:00:00,LRC/USDT,0.28543000,0.34285000,0.28283000,0.33750000,61643320.60000000,19881710.59623300,58330
1628726400000,2021-08-12 00:00:00,LRC/USDT,0.29612000,0.30464000,0.27585000,0.28548000,27136380.80000000,7844457.45200200,23614
1628640000000,2021-08-11 00:00:00,LRC/USDT,0.29168000,0.30948000,0.28778000,0.29612000,26561236.30000000,8001602.08051200,26797
1628553600000,2021-08-10 00:00:00,LRC/USDT,0.28637000,0.29678000,0.28000000,0.29200000,31674804.30000000,9134350.90328000,26507
1628467200000,2021-08-09 00:00:00,LRC/USDT,0.26079000,0.29670000,0.25321000,0.28608000,41593846.20000000,11563838.47688800,39138
1628380800000,2021-08-08 00:00:00,LRC/USDT,0.28131000,0.28666000,0.25918000,0.26061000,24025279.20000000,6557255.40192800,22880
1628294400000,2021-08-07 00:00:00,LRC/USDT,0.26534000,0.28822000,0.26184000,0.28126000,38071279.20000000,10545731.06991900,37012
1628208000000,2021-08-06 00:00:00,LRC/USDT,0.25673000,0.26997000,0.24810000,0.26507000,23653689.90000000,6137858.81013500,20352
1628121600000,2021-08-05 00:00:00,LRC/USDT,0.25251000,0.26200000,0.24514000,0.25653000,20410476.50000000,5204847.77203600,19017
1628035200000,2021-08-04 00:00:00,LRC/USDT,0.24130000,0.25920000,0.23796000,0.25202000,14288451.30000000,3552473.36050300,15729
1627948800000,2021-08-03 00:00:00,LRC/USDT,0.25259000,0.25600000,0.23845000,0.24108000,11272815.70000000,2759164.40241800,13069
1627862400000,2021-08-02 00:00:00,LRC/USDT,0.25003000,0.25959000,0.24266000,0.25257000,14738340.80000000,3697409.83505500,17020
1627776000000,2021-08-01 00:00:00,LRC/USDT,0.25171000,0.26990000,0.24828000,0.24988000,23023119.80000000,6007360.83177200,26327
1627689600000,2021-07-31 00:00:00,LRC/USDT,0.24733000,0.26500000,0.24406000,0.25173000,17502760.60000000,4455209.75056300,19562
1627603200000,2021-07-30 00:00:00,LRC/USDT,0.23993000,0.25000000,0.23206000,0.24729000,15173524.00000000,3673613.31009500,16447
1627516800000,2021-07-29 00:00:00,LRC/USDT,0.23334000,0.24249000,0.22713000,0.23980000,11631400.10000000,2753976.72230300,13984
1627430400000,2021-07-28 00:00:00,LRC/USDT,0.22912000,0.23971000,0.22290000,0.23339000,17656692.30000000,4087782.47291200,18901
1627344000000,2021-07-27 00:00:00,LRC/USDT,0.22902000,0.23699000,0.22061000,0.22912000,17140357.20000000,3905160.26471900,19430
1627257600000,2021-07-26 00:00:00,LRC/USDT,0.22463000,0.25600000,0.22386000,0.22941000,37015781.40000000,8887438.73505500,35534
1627171200000,2021-07-25 00:00:00,LRC/USDT,0.21530000,0.22815000,0.21164000,0.22470000,15002119.70000000,3322561.42097900,12269
1627084800000,2021-07-24 00:00:00,LRC/USDT,0.21134000,0.21990000,0.20977000,0.21544000,9741224.60000000,2098940.57054500,8330
1626998400000,2021-07-23 00:00:00,LRC/USDT,0.21047000,0.21422000,0.20335000,0.21132000,9310847.10000000,1943848.12639000,7021
1626912000000,2021-07-22 00:00:00,LRC/USDT,0.20282000,0.21578000,0.20101000,0.21065000,13617893.70000000,2818816.89320300,11159
1626825600000,2021-07-21 00:00:00,LRC/USDT,0.18808000,0.20589000,0.18337000,0.20265000,18807319.20000000,3714717.08037400,14931
1626739200000,2021-07-20 00:00:00,LRC/USDT,0.20053000,0.20319000,0.18336000,0.18801000,13861126.00000000,2640401.37531400,13810
1626652800000,2021-07-19 00:00:00,LRC/USDT,0.21153000,0.21246000,0.19867000,0.20052000,9351779.40000000,1907349.44304600,9072
1626566400000,2021-07-18 00:00:00,LRC/USDT,0.20760000,0.22201000,0.20729000,0.21145000,14746173.40000000,3177203.92361500,12994
1626480000000,2021-07-17 00:00:00,LRC/USDT,0.20743000,0.21452000,0.20615000,0.20747000,13426648.40000000,2814784.86116700,11271
1626393600000,2021-07-16 00:00:00,LRC/USDT,0.22322000,0.22599000,0.20706000,0.20758000,15260415.10000000,3311171.22830700,15695
1626307200000,2021-07-15 00:00:00,LRC/USDT,0.23251000,0.24641000,0.22038000,0.22316000,26801605.80000000,6233922.62390200,27489
1626220800000,2021-07-14 00:00:00,LRC/USDT,0.22332000,0.24729000,0.21175000,0.23260000,23880371.80000000,5530773.16231000,24014
1626134400000,2021-07-13 00:00:00,LRC/USDT,0.23148000,0.23344000,0.21934000,0.22321000,7935022.80000000,1795871.32459400,9739
1626048000000,2021-07-12 00:00:00,LRC/USDT,0.23580000,0.24143000,0.22750000,0.23208000,8694036.00000000,2039733.88966800,11335
1625961600000,2021-07-11 00:00:00,LRC/USDT,0.23502000,0.23970000,0.23052000,0.23570000,9777724.00000000,2305202.50435600,10920
1625875200000,2021-07-10 00:00:00,LRC/USDT,0.23822000,0.24161000,0.22840000,0.23517000,10353585.20000000,2442710.86452800,11192
1625788800000,2021-07-09 00:00:00,LRC/USDT,0.23631000,0.24037000,0.22578000,0.23822000,14731086.10000000,3459908.18994200,14513
1625702400000,2021-07-08 00:00:00,LRC/USDT,0.25732000,0.25853000,0.23216000,0.23638000,16051288.50000000,3885100.39966400,17110
1625616000000,2021-07-07 00:00:00,LRC/USDT,0.25874000,0.27233000,0.25543000,0.25689000,21124420.00000000,5567543.17156500,19672
1625529600000,2021-07-06 00:00:00,LRC/USDT,0.24758000,0.26158000,0.24719000,0.25900000,17168428.80000000,4391278.39832900,15548
1625443200000,2021-07-05 00:00:00,LRC/USDT,0.25758000,0.25867000,0.24300000,0.24742000,9395624.20000000,2361417.59635400,11174
1625356800000,2021-07-04 00:00:00,LRC/USDT,0.25921000,0.26751000,0.25081000,0.25803000,12868334.40000000,3351113.28584000,14176
1625270400000,2021-07-03 00:00:00,LRC/USDT,0.24966000,0.26900000,0.24478000,0.25944000,16697774.00000000,4288829.01890600,16239
1625184000000,2021-07-02 00:00:00,LRC/USDT,0.24946000,0.25233000,0.23909000,0.24948000,12008425.00000000,2943949.23036800,12382
1625097600000,2021-07-01 00:00:00,LRC/USDT,0.26794000,0.26991000,0.24543000,0.24997000,14816368.10000000,3772376.79395600,16448
1625011200000,2021-06-30 00:00:00,LRC/USDT,0.27841000,0.28315000,0.25600000,0.26794000,23870839.40000000,6403299.16958900,29340
1624924800000,2021-06-29 00:00:00,LRC/USDT,0.27931000,0.29716000,0.27629000,0.27859000,42955574.10000000,12349499.03340200,52539
1624838400000,2021-06-28 00:00:00,LRC/USDT,0.27769000,0.30200000,0.26560000,0.27938000,121665262.20000000,34450668.88224000,155050
1624752000000,2021-06-27 00:00:00,LRC/USDT,0.21072000,0.32751000,0.20862000,0.27809000,216941366.10000000,59704007.23393400,181476
1624665600000,2021-06-26 00:00:00,LRC/USDT,0.20605000,0.21244000,0.19719000,0.21079000,18640407.60000000,3805387.45960700,16919
1624579200000,2021-06-25 00:00:00,LRC/USDT,0.22352000,0.23302000,0.20482000,0.20565000,21073982.70000000,4595886.54100100,21638
1624492800000,2021-06-24 00:00:00,LRC/USDT,0.21727000,0.22726000,0.20413000,0.22337000,15719679.10000000,3396207.13753000,15417
1624406400000,2021-06-23 00:00:00,LRC/USDT,0.19974000,0.22309000,0.19370000,0.21712000,17572680.50000000,3780479.39008200,16736
1624320000000,2021-06-22 00:00:00,LRC/USDT,0.21302000,0.22224000,0.17420000,0.20030000,28762085.30000000,5772462.30586700,28597
1624233600000,2021-06-21 00:00:00,LRC/USDT,0.27089000,0.27231000,0.21257000,0.21299000,19651139.00000000,4649082.17693600,18630
1624147200000,2021-06-20 00:00:00,LRC/USDT,0.26812000,0.27229000,0.24528000,0.27051000,12997085.60000000,3355572.86659400,13556
1624060800000,2021-06-19 00:00:00,LRC/USDT,0.27073000,0.27499000,0.25925000,0.26836000,8435113.20000000,2274546.75370000,10567
1623974400000,2021-06-18 00:00:00,LRC/USDT,0.29295000,0.29721000,0.26031000,0.27035000,13469759.00000000,3764390.29171000,17257
1623888000000,2021-06-17 00:00:00,LRC/USDT,0.28927000,0.29959000,0.28350000,0.29306000,11379808.40000000,3322001.05095800,13175
1623801600000,2021-06-16 00:00:00,LRC/USDT,0.30645000,0.31183000,0.28500000,0.28946000,18185857.00000000,5442445.91719900,18777
1623715200000,2021-06-15 00:00:00,LRC/USDT,0.31329000,0.32098000,0.30220000,0.30647000,13120115.30000000,4092443.62980400,16433
1623628800000,2021-06-14 00:00:00,LRC/USDT,0.30635000,0.32049000,0.29889000,0.31329000,13274391.70000000,4113468.45302000,16497
1623542400000,2021-06-13 00:00:00,LRC/USDT,0.29023000,0.31519000,0.28360000,0.30546000,11320660.40000000,3340586.40903300,13521
1623456000000,2021-06-12 00:00:00,LRC/USDT,0.29199000,0.30963000,0.27920000,0.29019000,13782427.30000000,4028982.28062800,16771
1623369600000,2021-06-11 00:00:00,LRC/USDT,0.31216000,0.31722000,0.28668000,0.29226000,8378651.60000000,2565729.08176200,11289
1623283200000,2021-06-10 00:00:00,LRC/USDT,0.33269000,0.34276000,0.30700000,0.31203000,11279700.10000000,3687278.43544100,17025
1623196800000,2021-06-09 00:00:00,LRC/USDT,0.31954000,0.33684000,0.30734000,0.33189000,17041907.20000000,5496495.95219500,21222
1623110400000,2021-06-08 00:00:00,LRC/USDT,0.32733000,0.33399000,0.28428000,0.31935000,24207742.50000000,7426304.78648200,23881
1623024000000,2021-06-07 00:00:00,LRC/USDT,0.35525000,0.36954000,0.32554000,0.32743000,14996091.30000000,5272880.57590200,19027
1622937600000,2021-06-06 00:00:00,LRC/USDT,0.34573000,0.36258000,0.34307000,0.35538000,7919128.30000000,2803815.26809400,11337
1622851200000,2021-06-05 00:00:00,LRC/USDT,0.36116000,0.37494000,0.33970000,0.34594000,12296511.30000000,4409245.80553200,15863
1622764800000,2021-06-04 00:00:00,LRC/USDT,0.39231000,0.39275000,0.34388000,0.36125000,14433260.00000000,5228164.95390100,20363
1622678400000,2021-06-03 00:00:00,LRC/USDT,0.38102000,0.40871000,0.37546000,0.39218000,15224473.50000000,5968116.58223800,24325
1622592000000,2021-06-02 00:00:00,LRC/USDT,0.37477,0.40000,0.36022,0.38087,63118728,24176942.25825,131316
1622505600000,2021-06-01 00:00:00,LRC/USDT,0.36836,0.40720,0.35705,0.37462,98308025,37319207.60591,173465
1622419200000,2021-05-31 00:00:00,LRC/USDT,0.33461,0.39211,0.31552,0.36849,85668508,30533654.40182,144220
1622332800000,2021-05-30 00:00:00,LRC/USDT,0.32125,0.35692,0.29872,0.33467,66293723,22191883.10372,109766
1622246400000,2021-05-29 00:00:00,LRC/USDT,0.35085,0.38409,0.30199,0.32126,85081955,28928281.53955,152787
1622160000000,2021-05-28 00:00:00,LRC/USDT,0.40488,0.48599,0.33266,0.35074,144614488,57345562.37245,291739
1622073600000,2021-05-27 00:00:00,LRC/USDT,0.42212,0.44305,0.38000,0.40492,92258433,37609014.15900,166695
1621987200000,2021-05-26 00:00:00,LRC/USDT,0.39090,0.47814,0.38482,0.42223,184196625,79341595.19568,290390
1621900800000,2021-05-25 00:00:00,LRC/USDT,0.33794,0.40658,0.28888,0.39108,203274721,70867987.00420,265043
1621814400000,2021-05-24 00:00:00,LRC/USDT,0.27219,0.34232,0.26286,0.33798,170288074,51004825.57581,208874
1621728000000,2021-05-23 00:00:00,LRC/USDT,0.31322,0.32837,0.22104,0.27209,111186927,30019304.10011,177526
1621641600000,2021-05-22 00:00:00,LRC/USDT,0.34761,0.35581,0.30185,0.31312,80681017,26465937.39497,132714
1621555200000,2021-05-21 00:00:00,LRC/USDT,0.40465,0.43413,0.29768,0.34762,99710879,37106144.32826,181680
1621468800000,2021-05-20 00:00:00,LRC/USDT,0.34000,0.42815,0.30180,0.40475,156496306,59557121.21193,264566
1621382400000,2021-05-19 00:00:00,LRC/USDT,0.52778,0.53837,0.25648,0.34011,178157721,72334941.02154,345479
1621296000000,2021-05-18 00:00:00,LRC/USDT,0.51018,0.57591,0.50462,0.52762,72673616,39216931.14404,187089
1621209600000,2021-05-17 00:00:00,LRC/USDT,0.56781,0.56837,0.48601,0.51009,91810814,48094017.78669,228226
1621123200000,2021-05-16 00:00:00,LRC/USDT,0.55835,0.62176,0.52768,0.56772,97010547,55791875.47570,237322
1621036800000,2021-05-15 00:00:00,LRC/USDT,0.61307,0.65565,0.55645,0.55850,112054808,68532805.12555,275007
1620950400000,2021-05-14 00:00:00,LRC/USDT,0.61286,0.66379,0.58647,0.61309,142132822,89208076.88771,327165
1620864000000,2021-05-13 00:00:00,LRC/USDT,0.61782,0.66815,0.56157,0.61241,222116517,138705313.07631,496223
1620777600000,2021-05-12 00:00:00,LRC/USDT,0.65970,0.91000,0.59502,0.61791,853368952,668745528.29399,1890943
1620691200000,2021-05-11 00:00:00,LRC/USDT,0.51016,0.69378,0.49143,0.65937,206113254,126538205.48900,436934
1620604800000,2021-05-10 00:00:00,LRC/USDT,0.57180,0.58989,0.48235,0.51022,52775070,28831674.89664,136340
1620518400000,2021-05-09 00:00:00,LRC/USDT,0.57746,0.59107,0.53500,0.57177,34881037,19611082.96062,104981
1620432000000,2021-05-08 00:00:00,LRC/USDT,0.58193,0.60237,0.55686,0.57716,35057943,20338496.23113,108191
1620345600000,2021-05-07 00:00:00,LRC/USDT,0.57822,0.63736,0.56400,0.58185,80948913,48680261.22524,205847
1620259200000,2021-05-06 00:00:00,LRC/USDT,0.57480,0.59658,0.54388,0.57837,72850030,41795321.49662,176951
1620172800000,2021-05-05 00:00:00,LRC/USDT,0.50948,0.58477,0.50313,0.57479,73039285,40264346.17635,151002
1620086400000,2021-05-04 00:00:00,LRC/USDT,0.58125,0.58218,0.49713,0.50950,69409106,37290628.19299,154659
1620000000000,2021-05-03 00:00:00,LRC/USDT,0.57730,0.60846,0.55814,0.58119,49481335,29003796.27637,131405
1619913600000,2021-05-02 00:00:00,LRC/USDT,0.58251,0.59464,0.55705,0.57694,54704962,31430998.85031,143173
1619827200000,2021-05-01 00:00:00,LRC/USDT,0.56184,0.58591,0.54734,0.58237,36236848,20600009.45129,111950
1619740800000,2021-04-30 00:00:00,LRC/USDT,0.53152,0.57206,0.51672,0.56172,42356631,23509394.86675,117913
1619654400000,2021-04-29 00:00:00,LRC/USDT,0.52339,0.55911,0.50111,0.53162,40948958,21453203.44462,102624
1619568000000,2021-04-28 00:00:00,LRC/USDT,0.54179,0.56134,0.49648,0.52285,48674790,25608495.99083,111413
1619481600000,2021-04-27 00:00:00,LRC/USDT,0.49577,0.54440,0.48717,0.54199,43680194,22584586.20584,107437
1619395200000,2021-04-26 00:00:00,LRC/USDT,0.43862,0.49935,0.43551,0.49586,45770748,21938820.29517,119246
1619308800000,2021-04-25 00:00:00,LRC/USDT,0.43616,0.46736,0.41198,0.43882,38260581,16943124.75891,89260
1619222400000,2021-04-24 00:00:00,LRC/USDT,0.47992,0.48044,0.43133,0.43559,43393876,19676665.84392,108745
1619136000000,2021-04-23 00:00:00,LRC/USDT,0.50168,0.50929,0.39540,0.47982,85410430,38565777.53510,182088
1619049600000,2021-04-22 00:00:00,LRC/USDT,0.54786,0.57656,0.48100,0.50160,54301791,29284469.78255,149870
1618963200000,2021-04-21 00:00:00,LRC/USDT,0.57023,0.60281,0.54470,0.54757,57982576,33218943.77793,150239
1618876800000,2021-04-20 00:00:00,LRC/USDT,0.56103,0.57868,0.50700,0.57006,63949743,34939279.78706,152924
1618790400000,2021-04-19 00:00:00,LRC/USDT,0.63005,0.64143,0.53319,0.56109,77816034,45498993.11470,192414
1618704000000,2021-04-18 00:00:00,LRC/USDT,0.75309,0.77938,0.48095,0.63030,162727333,99742670.60432,393702
1618617600000,2021-04-17 00:00:00,LRC/USDT,0.64127,0.78558,0.63557,0.75273,146284053,105239357.41787,354064
1618531200000,2021-04-16 00:00:00,LRC/USDT,0.67540,0.68092,0.60748,0.64134,61763721,39630249.21429,166623
1618444800000,2021-04-15 00:00:00,LRC/USDT,0.65295,0.70000,0.65144,0.67500,64917114,44114033.99129,168281
1618358400000,2021-04-14 00:00:00,LRC/USDT,0.60085,0.68120,0.59288,0.65273,85921841,55010379.78879,219106
1618272000000,2021-04-13 00:00:00,LRC/USDT,0.62433,0.63843,0.58359,0.60084,60534289,36765943.75649,139256
1618185600000,2021-04-12 00:00:00,LRC/USDT,0.57324,0.62454,0.56203,0.62433,66336120,39111472.33885,151294
1618099200000,2021-04-11 00:00:00,LRC/USDT,0.55450,0.57879,0.55233,0.57305,31771250,17976270.53845,79099
1618012800000,2021-04-10 00:00:00,LRC/USDT,0.55627,0.58000,0.54260,0.55423,38594063,21824801.37167,87412
1617926400000,2021-04-09 00:00:00,LRC/USDT,0.56866,0.57463,0.54693,0.55626,36375555,20367925.80616,80228
1617840000000,2021-04-08 00:00:00,LRC/USDT,0.52142,0.57652,0.51689,0.56851,70236437,38949921.14910,130319
1617753600000,2021-04-07 00:00:00,LRC/USDT,0.57340,0.58620,0.48760,0.52139,86674958,46295081.76052,178470
1617667200000,2021-04-06 00:00:00,LRC/USDT,0.58941,0.61200,0.54904,0.57317,75793798,44422320.25669,160719
1617580800000,2021-04-05 00:00:00,LRC/USDT,0.57213,0.61590,0.54071,0.58927,60970833,35431732.32708,138894
1617494400000,2021-04-04 00:00:00,LRC/USDT,0.52763,0.57943,0.51600,0.57243,45586842,25256159.71242,113936
1617408000000,2021-04-03 00:00:00,LRC/USDT,0.57112,0.60188,0.52337,0.52760,85580831,48627377.53633,198057
1617321600000,2021-04-02 00:00:00,LRC/USDT,0.53800,0.58278,0.52798,0.57109,68768931,38653090.26949,157213
1617235200000,2021-04-01 00:00:00,LRC/USDT,0.54995,0.56618,0.52595,0.53766,48629588,26565511.36497,130125
1617148800000,2021-03-31 00:00:00,LRC/USDT,0.55015,0.56200,0.50350,0.54972,48992097,26053310.73892,124235
1617062400000,2021-03-30 00:00:00,LRC/USDT,0.53977,0.56336,0.53276,0.54990,46814670,25641954.99672,101387
1616976000000,2021-03-29 00:00:00,LRC/USDT,0.49250,0.55515,0.48436,0.53946,67619786,35824935.31933,148905
1616889600000,2021-03-28 00:00:00,LRC/USDT,0.48693,0.50734,0.47332,0.49233,44353929,21743338.40096,102874
1616803200000,2021-03-27 00:00:00,LRC/USDT,0.50269,0.51311,0.48101,0.48682,34625412,17155473.87052,86185
1616716800000,2021-03-26 00:00:00,LRC/USDT,0.44950,0.51400,0.44919,0.50244,42804676,20906760.37189,89482
1616630400000,2021-03-25 00:00:00,LRC/USDT,0.46883,0.47660,0.43785,0.44935,44698033,20451868.73105,115570
1616544000000,2021-03-24 00:00:00,LRC/USDT,0.52013,0.53695,0.45661,0.46892,36271579,18220456.03014,101336
1616457600000,2021-03-23 00:00:00,LRC/USDT,0.52009,0.54398,0.49554,0.52026,29662384,15479653.13131,93322
1616371200000,2021-03-22 00:00:00,LRC/USDT,0.55651,0.56731,0.51005,0.52020,31917230,17337299.33681,97760
1616284800000,2021-03-21 00:00:00,LRC/USDT,0.57871,0.58463,0.53654,0.55657,33697626,18770321.00233,94526
1616198400000,2021-03-20 00:00:00,LRC/USDT,0.58647,0.61438,0.57703,0.57956,25331276,15178527.04092,76437
1616112000000,2021-03-19 00:00:00,LRC/USDT,0.59411,0.60980,0.56000,0.58656,25693251,15189952.41164,77454
1616025600000,2021-03-18 00:00:00,LRC/USDT,0.62893,0.63484,0.59000,0.59398,37895407,23286851.98371,100854
1615939200000,2021-03-17 00:00:00,LRC/USDT,0.54620,0.65516,0.54122,0.62840,73549358,44217015.57232,206071
1615852800000,2021-03-16 00:00:00,LRC/USDT,0.56396,0.57977,0.51699,0.54563,48850567,26398140.98363,140233
1615766400000,2021-03-15 00:00:00,LRC/USDT,0.54192,0.62946,0.49740,0.56397,85207441,47328230.18315,248174
1615680000000,2021-03-14 00:00:00,LRC/USDT,0.57223,0.57858,0.54096,0.54203,33924187,18894551.90949,85110
1615593600000,2021-03-13 00:00:00,LRC/USDT,0.52803,0.60606,0.51110,0.57195,43128293,24371487.24813,99867
1615507200000,2021-03-12 00:00:00,LRC/USDT,0.56050,0.57018,0.51365,0.52800,38270532,20794530.65416,95178
1615420800000,2021-03-11 00:00:00,LRC/USDT,0.57306,0.58218,0.53801,0.56039,34116019,19263512.52535,89655
1615334400000,2021-03-10 00:00:00,LRC/USDT,0.62156,0.62888,0.55801,0.57229,40777145,23985997.13885,107264
1615248000000,2021-03-09 00:00:00,LRC/USDT,0.59266,0.62888,0.57977,0.62088,38921086,23527118.31407,101093
1615161600000,2021-03-08 00:00:00,LRC/USDT,0.57243,0.60111,0.54800,0.59261,22993940,13076608.37874,67378
1615075200000,2021-03-07 00:00:00,LRC/USDT,0.58552,0.59352,0.55952,0.57221,14117666,8150146.75598,47640
1614988800000,2021-03-06 00:00:00,LRC/USDT,0.57342,0.59851,0.54611,0.58522,21183705,12188948.79528,62643
1614902400000,2021-03-05 00:00:00,LRC/USDT,0.54518,0.59132,0.51229,0.57288,33315862,18423286.35936,88665
1614816000000,2021-03-04 00:00:00,LRC/USDT,0.57713,0.59963,0.53704,0.54448,23800467,13497663.24038,76466
1614729600000,2021-03-03 00:00:00,LRC/USDT,0.56725,0.61295,0.56025,0.57666,22948198,13531512.69374,73264
1614643200000,2021-03-02 00:00:00,LRC/USDT,0.59621,0.61653,0.54294,0.56791,28152962,16440396.37903,75493
1614556800000,2021-03-01 00:00:00,LRC/USDT,0.51923,0.59914,0.51625,0.59631,22388722,12498645.28573,64276
1614470400000,2021-02-28 00:00:00,LRC/USDT,0.53949,0.54658,0.46437,0.51969,32658669,16270168.01918,88143
1614384000000,2021-02-27 00:00:00,LRC/USDT,0.51167,0.56510,0.50945,0.54007,26175181,14096088.15977,60399
1614297600000,2021-02-26 00:00:00,LRC/USDT,0.53495,0.55350,0.48349,0.51148,34461448,17956969.58448,75596
1614211200000,2021-02-25 00:00:00,LRC/USDT,0.58412,0.61624,0.53060,0.53396,23996435,13978954.50320,58823
1614124800000,2021-02-24 00:00:00,LRC/USDT,0.56896,0.63757,0.54164,0.58491,35422633,21044836.60041,97881
1614038400000,2021-02-23 00:00:00,LRC/USDT,0.68167,0.68744,0.45500,0.56800,80388075,45068706.56817,230764
1613952000000,2021-02-22 00:00:00,LRC/USDT,0.77342,0.78052,0.54479,0.68143,63745373,42968078.47146,158593
1613865600000,2021-02-21 00:00:00,LRC/USDT,0.71052,0.81978,0.69053,0.77311,38822017,29282711.15208,102297
1613779200000,2021-02-20 00:00:00,LRC/USDT,0.74163,0.79972,0.67820,0.71004,37080510,27844649.10052,100487
1613692800000,2021-02-19 00:00:00,LRC/USDT,0.76380,0.77585,0.63229,0.74128,29537358,21892354.03864,82202
1613606400000,2021-02-18 00:00:00,LRC/USDT,0.76122,0.81303,0.75545,0.76294,30821186,24000445.04686,76522
1613520000000,2021-02-17 00:00:00,LRC/USDT,0.69623,0.76355,0.66007,0.76068,31598126,22515140.70774,76002
1613433600000,2021-02-16 00:00:00,LRC/USDT,0.72015,0.74442,0.66117,0.69602,30851916,21850041.47592,79382
1613347200000,2021-02-15 00:00:00,LRC/USDT,0.77448,0.78651,0.60877,0.71994,47161674,33893868.01277,120238
1613260800000,2021-02-14 00:00:00,LRC/USDT,0.83527,0.84390,0.75048,0.77352,31870056,25317956.81700,74728
1613174400000,2021-02-13 00:00:00,LRC/USDT,0.82147,0.87481,0.74911,0.83417,44522943,36335894.65592,112573
1613088000000,2021-02-12 00:00:00,LRC/USDT,0.75364,0.89842,0.70888,0.82053,58433068,46736591.96850,142131
1613001600000,2021-02-11 00:00:00,LRC/USDT,0.69187,0.77463,0.67442,0.75303,47161166,34681043.69024,102977
1612915200000,2021-02-10 00:00:00,LRC/USDT,0.69942,0.73321,0.62692,0.69259,53639909,36859927.25112,131002
1612828800000,2021-02-09 00:00:00,LRC/USDT,0.66694,0.70372,0.64076,0.69861,30450169,20354666.01944,76424
1612742400000,2021-02-08 00:00:00,LRC/USDT,0.63053,0.69532,0.61463,0.66610,33285935,22041118.50201,83947
1612656000000,2021-02-07 00:00:00,LRC/USDT,0.65918,0.67723,0.57622,0.63082,40076035,25141969.60474,101848
1612569600000,2021-02-06 00:00:00,LRC/USDT,0.73130,0.75500,0.61830,0.65886,51231999,34399188.73269,138776
1612483200000,2021-02-05 00:00:00,LRC/USDT,0.54015,0.79700,0.54005,0.72978,89370441,61155563.03831,200486
1612396800000,2021-02-04 00:00:00,LRC/USDT,0.56859,0.59759,0.52418,0.54054,31761582,17706268.75419,73198
1612310400000,2021-02-03 00:00:00,LRC/USDT,0.54068,0.57599,0.52363,0.56831,23948312,13160301.00165,66742
1612224000000,2021-02-02 00:00:00,LRC/USDT,0.53763,0.55216,0.51100,0.54056,21530282,11451984.78980,60839
1612137600000,2021-02-01 00:00:00,LRC/USDT,0.49522,0.55200,0.46047,0.53817,33575554,16925203.39588,90131
1612051200000,2021-01-31 00:00:00,LRC/USDT,0.50250,0.57935,0.47157,0.49515,64799557,33960349.32846,170787
1611964800000,2021-01-30 00:00:00,LRC/USDT,0.44674,0.51291,0.43400,0.50296,61408701,29687049.05050,129998
1611878400000,2021-01-29 00:00:00,LRC/USDT,0.44918,0.48300,0.42608,0.44659,48128885,21655104.34268,103398
1611792000000,2021-01-28 00:00:00,LRC/USDT,0.39783,0.47808,0.38766,0.44893,47362446,20899383.23480,89277
1611705600000,2021-01-27 00:00:00,LRC/USDT,0.43629,0.46124,0.38331,0.39806,48089149,20053401.58225,94170
1611619200000,2021-01-26 00:00:00,LRC/USDT,0.41854,0.44214,0.39051,0.43638,41354902,17113748.83121,98438
1611532800000,2021-01-25 00:00:00,LRC/USDT,0.42084,0.47957,0.41800,0.41898,53062675,23597905.03540,98776
1611446400000,2021-01-24 00:00:00,LRC/USDT,0.40675,0.42850,0.40053,0.42056,29823981,12389769.97722,68146
1611360000000,2021-01-23 00:00:00,LRC/USDT,0.39878,0.43203,0.38952,0.40662,49211370,20293147.08989,96695
1611273600000,2021-01-22 00:00:00,LRC/USDT,0.36763,0.41777,0.33747,0.39917,40165141,15540565.10758,97824
1611187200000,2021-01-21 00:00:00,LRC/USDT,0.45770,0.46212,0.36531,0.36750,47910641,19397126.11602,109711
1611100800000,2021-01-20 00:00:00,LRC/USDT,0.46712,0.49201,0.39200,0.45818,79254498,34860771.03395,170174
1611014400000,2021-01-19 00:00:00,LRC/USDT,0.41617,0.51511,0.41525,0.46738,122970334,57842664.46269,203667
1610928000000,2021-01-18 00:00:00,LRC/USDT,0.42413,0.43134,0.39247,0.41591,43347804,17822091.90536,88045
1610841600000,2021-01-17 00:00:00,LRC/USDT,0.38868,0.43900,0.36263,0.42420,42187638,16713383.38644,91690
1610755200000,2021-01-16 00:00:00,LRC/USDT,0.38748,0.42408,0.37377,0.38847,51824126,20678978.67110,97669
1610668800000,2021-01-15 00:00:00,LRC/USDT,0.40656,0.41613,0.34390,0.38710,52969559,20447888.66876,111551
1610582400000,2021-01-14 00:00:00,LRC/USDT,0.41194,0.44960,0.38110,0.40663,84354474,34948661.99241,162200
1610496000000,2021-01-13 00:00:00,LRC/USDT,0.32384,0.41278,0.30801,0.41194,80468142,28402934.10731,140378
1610409600000,2021-01-12 00:00:00,LRC/USDT,0.31347,0.35022,0.30095,0.32351,57045894,18705523.27451,117520
1610323200000,2021-01-11 00:00:00,LRC/USDT,0.35273,0.35322,0.26353,0.31327,85894606,26504113.97506,194490
1610236800000,2021-01-10 00:00:00,LRC/USDT,0.38626,0.41275,0.32681,0.35248,67138043,25321456.13912,145218
1610150400000,2021-01-09 00:00:00,LRC/USDT,0.35106,0.43331,0.34721,0.38606,122694346,49269664.46135,245156
1610064000000,2021-01-08 00:00:00,LRC/USDT,0.37088,0.38964,0.31687,0.35072,106759229,37888654.56931,221679
1609977600000,2021-01-07 00:00:00,LRC/USDT,0.41135,0.45280,0.35557,0.37060,158929098,65618435.13826,302287
1609891200000,2021-01-06 00:00:00,LRC/USDT,0.49367,0.51975,0.39870,0.41134,382054846,174934969.08849,626201
1609804800000,2021-01-05 00:00:00,LRC/USDT,0.36258,0.62090,0.35295,0.49274,724352363,352900465.56636,1216320
1609718400000,2021-01-04 00:00:00,LRC/USDT,0.27386,0.38681,0.24419,0.36258,451342013,140074309.90424,703536
1609632000000,2021-01-03 00:00:00,LRC/USDT,0.17579,0.27732,0.17528,0.27331,119826369,26637985.70570,146266
1609545600000,2021-01-02 00:00:00,LRC/USDT,0.17575,0.17990,0.17002,0.17586,16064053,2816366.05393,28606
1609459200000,2021-01-01 00:00:00,LRC/USDT,0.16977,0.18214,0.16712,0.17545,26803990,4715849.59819,44753
1609372800000,2020-12-31 00:00:00,LRC/USDT,0.17953,0.17997,0.16687,0.16969,21464488,3713008.68303,37239
1609286400000,2020-12-30 00:00:00,LRC/USDT,0.18353,0.20028,0.17808,0.17953,42857476,8144549.63531,69210
1609200000000,2020-12-29 00:00:00,LRC/USDT,0.17579,0.18586,0.16641,0.18328,59589613,10527268.85680,101763
1609113600000,2020-12-28 00:00:00,LRC/USDT,0.16064,0.18632,0.15681,0.17588,103877931,17948266.69239,122985
1609027200000,2020-12-27 00:00:00,LRC/USDT,0.15260,0.16625,0.14464,0.16057,31919892,4987376.96981,46663
1608940800000,2020-12-26 00:00:00,LRC/USDT,0.15230,0.15758,0.14649,0.15253,17739917,2701140.28055,29574
1608854400000,2020-12-25 00:00:00,LRC/USDT,0.14973,0.15864,0.14537,0.15227,21540120,3281513.69036,31834
1608768000000,2020-12-24 00:00:00,LRC/USDT,0.14078,0.15055,0.13458,0.14969,23099698,3266078.69260,39149
1608681600000,2020-12-23 00:00:00,LRC/USDT,0.16440,0.16592,0.12900,0.14084,27416404,4073129.07136,42224
1608595200000,2020-12-22 00:00:00,LRC/USDT,0.16111,0.16886,0.15489,0.16455,18240136,2967416.28741,32442
1608508800000,2020-12-21 00:00:00,LRC/USDT,0.17105,0.17517,0.15861,0.16100,20828765,3454160.71797,35580
1608422400000,2020-12-20 00:00:00,LRC/USDT,0.17213,0.17535,0.16194,0.17108,15961056,2710007.60915,28917
1608336000000,2020-12-19 00:00:00,LRC/USDT,0.17299,0.17953,0.17100,0.17216,14642684,2574016.31434,23066
1608249600000,2020-12-18 00:00:00,LRC/USDT,0.17215,0.17631,0.16880,0.17309,16728810,2880317.65417,27244
1608163200000,2020-12-17 00:00:00,LRC/USDT,0.17435,0.18321,0.16875,0.17209,32283334,5678304.63730,42977
1608076800000,2020-12-16 00:00:00,LRC/USDT,0.17270,0.17873,0.16873,0.17420,20840722,3607910.51815,30105
1607990400000,2020-12-15 00:00:00,LRC/USDT,0.17771,0.17986,0.17210,0.17276,11527855,2024312.45562,18686
1607904000000,2020-12-14 00:00:00,LRC/USDT,0.17777,0.17819,0.17312,0.17750,9002237,1583876.07718,16922
1607817600000,2020-12-13 00:00:00,LRC/USDT,0.17884,0.18238,0.17448,0.17795,9239994,1649087.86023,17345
1607731200000,2020-12-12 00:00:00,LRC/USDT,0.16706,0.18380,0.16669,0.17864,11404302,2003434.13325,20384
1607644800000,2020-12-11 00:00:00,LRC/USDT,0.17470,0.17534,0.16528,0.16685,16954845,2879869.47820,26491
1607558400000,2020-12-10 00:00:00,LRC/USDT,0.18716,0.18876,0.17400,0.17457,14168064,2541632.18592,27348
1607472000000,2020-12-09 00:00:00,LRC/USDT,0.18664,0.19888,0.16938,0.18712,54984424,10270582.52538,71174
1607385600000,2020-12-08 00:00:00,LRC/USDT,0.18380,0.19900,0.17225,0.18640,45880682,8636081.34746,55052
1607299200000,2020-12-07 00:00:00,LRC/USDT,0.18937,0.19024,0.18120,0.18388,9676292,1795891.99424,22669
1607212800000,2020-12-06 00:00:00,LRC/USDT,0.19442,0.19587,0.18254,0.18928,7986036,1507301.50646,19852
1607126400000,2020-12-05 00:00:00,LRC/USDT,0.18202,0.19481,0.17952,0.19452,8366246,1569668.98926,18252
1607040000000,2020-12-04 00:00:00,LRC/USDT,0.19927,0.20049,0.18000,0.18231,23889042,4548385.81599,36925
1606953600000,2020-12-03 00:00:00,LRC/USDT,0.20066,0.20266,0.19240,0.19941,12480578,2474105.53602,23134
1606867200000,2020-12-02 00:00:00,LRC/USDT,0.18880,0.20454,0.18617,0.20078,15561647,3064534.25943,29134
1606780800000,2020-12-01 00:00:00,LRC/USDT,0.20196,0.20609,0.18198,0.18899,31311367,6085515.54931,51995
1606694400000,2020-11-30 00:00:00,LRC/USDT,0.19693,0.20355,0.19016,0.20188,15986020,3152797.53841,32598
1606608000000,2020-11-29 00:00:00,LRC/USDT,0.19082,0.20144,0.18752,0.19664,12140156,2365472.10002,22195
1606521600000,2020-11-28 00:00:00,LRC/USDT,0.18455,0.20056,0.18277,0.19079,16136152,3109591.04222,22694
1606435200000,2020-11-27 00:00:00,LRC/USDT,0.19080,0.19563,0.17270,0.18455,11951746,2198808.07554,16298
1606348800000,2020-11-26 00:00:00,LRC/USDT,0.20985,0.22134,0.16883,0.19020,49167852,9298884.77790,61154
1606262400000,2020-11-25 00:00:00,LRC/USDT,0.22496,0.23990,0.20076,0.20986,38130435,8550115.73681,41474
1606176000000,2020-11-24 00:00:00,LRC/USDT,0.19925,0.22900,0.19267,0.22493,38044551,7924163.81140,44093
1606089600000,2020-11-23 00:00:00,LRC/USDT,0.18958,0.20355,0.18597,0.19931,23191350,4530628.88549,23703
1606003200000,2020-11-22 00:00:00,LRC/USDT,0.20050,0.20328,0.17823,0.18977,25863611,4939487.90200,24723
1605916800000,2020-11-21 00:00:00,LRC/USDT,0.18787,0.20735,0.18086,0.20029,30806579,5950023.74580,28171
1605830400000,2020-11-20 00:00:00,LRC/USDT,0.17661,0.20119,0.17516,0.18785,40697099,7784503.27225,36824
1605744000000,2020-11-19 00:00:00,LRC/USDT,0.17741,0.18935,0.17340,0.17657,28103059,5100055.07224,28934
1605657600000,2020-11-18 00:00:00,LRC/USDT,0.18733,0.19066,0.16811,0.17724,21195701,3747297.93168,29435
1605571200000,2020-11-17 00:00:00,LRC/USDT,0.18484,0.19086,0.18030,0.18700,19624738,3647213.86953,25461
1605484800000,2020-11-16 00:00:00,LRC/USDT,0.17705,0.19223,0.17295,0.18512,17954184,3311256.11889,24131
1605398400000,2020-11-15 00:00:00,LRC/USDT,0.17897,0.18876,0.17024,0.17705,25885877,4722794.70963,26669
1605312000000,2020-11-14 00:00:00,LRC/USDT,0.19050,0.19319,0.17266,0.17894,17269270,3104013.53595,19535
1605225600000,2020-11-13 00:00:00,LRC/USDT,0.17866,0.19572,0.17760,0.19099,25624088,4786443.94005,25248
1605139200000,2020-11-12 00:00:00,LRC/USDT,0.18524,0.18959,0.17215,0.17894,61070576,11062264.05217,58711
1605052800000,2020-11-11 00:00:00,LRC/USDT,0.21158,0.22598,0.18058,0.18524,157882358,31778451.31909,137489
1604966400000,2020-11-10 00:00:00,LRC/USDT,0.15600,0.24400,0.15346,0.21166,106410444,21569023.01664,96342
1604880000000,2020-11-09 00:00:00,LRC/USDT,0.15593,0.17012,0.14809,0.15579,26096576,4158046.27505,23558
1604793600000,2020-11-08 00:00:00,LRC/USDT,0.14292,0.15961,0.13983,0.15593,25052301,3813966.56136,22293
1604707200000,2020-11-07 00:00:00,LRC/USDT,0.13792,0.16021,0.13436,0.14308,46644931,6913076.64085,40535
1604620800000,2020-11-06 00:00:00,LRC/USDT,0.12002,0.13984,0.11935,0.13795,35339236,4692253.67962,27823
1604534400000,2020-11-05 00:00:00,LRC/USDT,0.12459,0.12810,0.11467,0.12003,28896218,3526649.53895,21300
1604448000000,2020-11-04 00:00:00,LRC/USDT,0.13131,0.13131,0.11756,0.12453,16908654,2097431.21157,16279
1604361600000,2020-11-03 00:00:00,LRC/USDT,0.13904,0.13904,0.12915,0.13118,14459980,1922539.82619,15022
1604275200000,2020-11-02 00:00:00,LRC/USDT,0.14857,0.15126,0.13718,0.13884,23532371,3369282.82881,21807
1604188800000,2020-11-01 00:00:00,LRC/USDT,0.14180,0.15354,0.14018,0.14867,50974095,7466575.47505,39806
1604102400000,2020-10-31 00:00:00,LRC/USDT,0.12742,0.14340,0.12623,0.14200,25097227,3428236.62797,23224
1604016000000,2020-10-30 00:00:00,LRC/USDT,0.13364,0.13560,0.11950,0.12765,12317296,1536698.27308,14176
1603929600000,2020-10-29 00:00:00,LRC/USDT,0.14467,0.14590,0.12964,0.13353,11425735,1572700.22516,12411
1603843200000,2020-10-28 00:00:00,LRC/USDT,0.15660,0.15789,0.14045,0.14456,8974057,1321408.82751,11168
1603756800000,2020-10-27 00:00:00,LRC/USDT,0.15650,0.16053,0.15322,0.15611,6512041,1024149.79912,8538
1603670400000,2020-10-26 00:00:00,LRC/USDT,0.16445,0.16657,0.15036,0.15635,6460015,1028138.00010,10603
1603584000000,2020-10-25 00:00:00,LRC/USDT,0.16588,0.17000,0.16386,0.16404,6673214,1113379.08912,9015
1603497600000,2020-10-24 00:00:00,LRC/USDT,0.16510,0.16732,0.16288,0.16609,2904167,479890.83824,5945
1603411200000,2020-10-23 00:00:00,LRC/USDT,0.16909,0.17104,0.16135,0.16531,3567075,597328.29207,7548
1603324800000,2020-10-22 00:00:00,LRC/USDT,0.16461,0.17379,0.16461,0.16926,4506621,765078.53696,6976
1603238400000,2020-10-21 00:00:00,LRC/USDT,0.15694,0.17366,0.15646,0.16449,9683800,1604082.30875,13189
1603152000000,2020-10-20 00:00:00,LRC/USDT,0.17099,0.17580,0.15503,0.15685,12875504,2123564.94522,15476
1603065600000,2020-10-19 00:00:00,LRC/USDT,0.15500,0.18237,0.15355,0.17084,26449292,4505660.36816,31708
