unix,date,symbol,open,high,low,close,Volume ZIL,Volume USDT,tradecount
1658275200000,2022-07-20 00:00:00,ZIL/USDT,0.04403000,0.04500000,0.04374000,0.04434000,33362135.30000000,1487243.39828300,4853
1658188800000,2022-07-19 00:00:00,ZIL/USDT,0.04094000,0.04501000,0.03934000,0.04403000,983655871.70000000,42090983.85001000,138030
1658102400000,2022-07-18 00:00:00,ZIL/USDT,0.03831000,0.04131000,0.03814000,0.04095000,523836201.90000000,20979364.09080800,72553
1658016000000,2022-07-17 00:00:00,ZIL/USDT,0.03885000,0.03958000,0.03784000,0.03830000,270180535.80000000,10463596.53002800,39833
1657929600000,2022-07-16 00:00:00,ZIL/USDT,0.03813000,0.03920000,0.03722000,0.03886000,232066112.70000000,8872853.85393300,33773
1657843200000,2022-07-15 00:00:00,ZIL/USDT,0.03811000,0.03892000,0.03737000,0.03817000,333855898.50000000,12725690.15005300,43917
1657756800000,2022-07-14 00:00:00,ZIL/USDT,0.03721000,0.03843000,0.03582000,0.03811000,386208552.20000000,14355480.33196800,48579
1657670400000,2022-07-13 00:00:00,ZIL/USDT,0.03616000,0.03754000,0.03415000,0.03721000,508219034.60000000,18252926.06495600,57938
1657584000000,2022-07-12 00:00:00,ZIL/USDT,0.03685000,0.03772000,0.03606000,0.03618000,273309412.30000000,10095933.84397100,33539
1657497600000,2022-07-11 00:00:00,ZIL/USDT,0.03932000,0.03936000,0.03649000,0.03685000,243871751.60000000,9246936.69727200,34647
1657411200000,2022-07-10 00:00:00,ZIL/USDT,0.04071000,0.04072000,0.03869000,0.03933000,237164989.30000000,9401437.99859600,34922
1657324800000,2022-07-09 00:00:00,ZIL/USDT,0.03983000,0.04150000,0.03982000,0.04071000,248558386.60000000,10115927.56953000,37422
1657238400000,2022-07-08 00:00:00,ZIL/USDT,0.04105000,0.04200000,0.03892000,0.03982000,415836554.90000000,16774005.72307100,62257
1657152000000,2022-07-07 00:00:00,ZIL/USDT,0.03947000,0.04193000,0.03874000,0.04103000,423684885.90000000,17123363.81603500,57998
1657065600000,2022-07-06 00:00:00,ZIL/USDT,0.03904000,0.03995000,0.03850000,0.03946000,255192745.50000000,9977017.23176500,41660
1656979200000,2022-07-05 00:00:00,ZIL/USDT,0.03996000,0.04140000,0.03744000,0.03902000,445982864.00000000,17590674.27640000,69373
1656892800000,2022-07-04 00:00:00,ZIL/USDT,0.03868000,0.04015000,0.03716000,0.03997000,327181571.60000000,12668549.52860500,51096
1656806400000,2022-07-03 00:00:00,ZIL/USDT,0.03897000,0.03935000,0.03774000,0.03868000,223027476.20000000,8588233.07688400,39245
1656720000000,2022-07-02 00:00:00,ZIL/USDT,0.04080000,0.04082000,0.03796000,0.03895000,340809338.50000000,13271741.23406300,57025
1656633600000,2022-07-01 00:00:00,ZIL/USDT,0.03874000,0.04161000,0.03707000,0.04078000,881785627.70000000,34717813.67510400,147748
1656547200000,2022-06-30 00:00:00,ZIL/USDT,0.03972000,0.03980000,0.03514000,0.03874000,536493660.10000000,19908615.99637600,95713
1656460800000,2022-06-29 00:00:00,ZIL/USDT,0.04161000,0.04227000,0.03837000,0.03970000,458957124.70000000,18379303.58917800,88846
1656374400000,2022-06-28 00:00:00,ZIL/USDT,0.04492000,0.04539000,0.04096000,0.04159000,398346505.10000000,17216491.72069200,79168
1656288000000,2022-06-27 00:00:00,ZIL/USDT,0.04562000,0.04779000,0.04376000,0.04491000,365838820.10000000,16743578.37448200,77773
1656201600000,2022-06-26 00:00:00,ZIL/USDT,0.04867000,0.05115000,0.04541000,0.04562000,603247043.60000000,29282489.83907000,120035
1656115200000,2022-06-25 00:00:00,ZIL/USDT,0.04552000,0.05128000,0.04427000,0.04869000,873402537.50000000,41943391.84224600,165928
1656028800000,2022-06-24 00:00:00,ZIL/USDT,0.04164000,0.04942000,0.04147000,0.04552000,1338668080.80000000,62010159.64920600,217534
1655942400000,2022-06-23 00:00:00,ZIL/USDT,0.03870000,0.04238000,0.03862000,0.04164000,729787378.90000000,29652522.52887600,105747
1655856000000,2022-06-22 00:00:00,ZIL/USDT,0.04210000,0.04212000,0.03769000,0.03870000,1166429609.80000000,46759388.28951000,178753
1655769600000,2022-06-21 00:00:00,ZIL/USDT,0.03451000,0.04550000,0.03365000,0.04209000,2359808980.70000000,96596856.02860400,336927
1655683200000,2022-06-20 00:00:00,ZIL/USDT,0.03407000,0.03512000,0.03227000,0.03453000,573362111.30000000,19406883.17181300,80004
1655596800000,2022-06-19 00:00:00,ZIL/USDT,0.03195000,0.03471000,0.03056000,0.03407000,643491878.20000000,20919730.42698100,91731
1655510400000,2022-06-18 00:00:00,ZIL/USDT,0.03361000,0.03411000,0.02937000,0.03196000,584334834.20000000,18376850.35986300,84228
1655424000000,2022-06-17 00:00:00,ZIL/USDT,0.03260000,0.03443000,0.03221000,0.03361000,395805832.70000000,13272317.95008500,50554
1655337600000,2022-06-16 00:00:00,ZIL/USDT,0.03736000,0.03789000,0.03189000,0.03260000,558746209.60000000,19118191.96851400,90903
1655251200000,2022-06-15 00:00:00,ZIL/USDT,0.03415000,0.03737000,0.03012000,0.03737000,798230000.20000000,26294130.14043000,130166
1655164800000,2022-06-14 00:00:00,ZIL/USDT,0.03370000,0.03547000,0.03041000,0.03417000,781926390.90000000,26267818.79471300,134313
1655078400000,2022-06-13 00:00:00,ZIL/USDT,0.03718000,0.03774000,0.03091000,0.03370000,972426626.10000000,32383219.73392200,163921
1654992000000,2022-06-12 00:00:00,ZIL/USDT,0.04180000,0.04243000,0.03702000,0.03720000,502564014.80000000,19534236.27596600,90611
1654905600000,2022-06-11 00:00:00,ZIL/USDT,0.04556000,0.04647000,0.04068000,0.04178000,350487180.70000000,15122412.31802400,68224
1654819200000,2022-06-10 00:00:00,ZIL/USDT,0.04894000,0.04907000,0.04489000,0.04559000,295905468.80000000,13827119.40050000,58786
1654732800000,2022-06-09 00:00:00,ZIL/USDT,0.04904000,0.04980000,0.04836000,0.04894000,192715271.50000000,9461713.37520900,37213
1654646400000,2022-06-08 00:00:00,ZIL/USDT,0.04966000,0.05034000,0.04832000,0.04902000,266017752.30000000,13125574.05221800,56442
1654560000000,2022-06-07 00:00:00,ZIL/USDT,0.05170000,0.05187000,0.04785000,0.04966000,401983328.50000000,19873864.85964400,80821
1654473600000,2022-06-06 00:00:00,ZIL/USDT,0.05003000,0.05391000,0.04974000,0.05171000,496729485.40000000,25776371.69973800,93344
1654387200000,2022-06-05 00:00:00,ZIL/USDT,0.05025000,0.05113000,0.04917000,0.05005000,218406506.50000000,10885819.17321100,42247
1654300800000,2022-06-04 00:00:00,ZIL/USDT,0.04996000,0.05063000,0.04848000,0.05024000,197675311.50000000,9834425.73448500,45234
1654214400000,2022-06-03 00:00:00,ZIL/USDT,0.05158000,0.05294000,0.04847000,0.04998000,341157883.10000000,17105313.27641600,69364
1654128000000,2022-06-02 00:00:00,ZIL/USDT,0.04999000,0.05224000,0.04900000,0.05159000,369440971.00000000,18631065.39040700,87483
1654041600000,2022-06-01 00:00:00,ZIL/USDT,0.05486000,0.05626000,0.04807000,0.04998000,734013683.50000000,38596848.19405700,146804
1653955200000,2022-05-31 00:00:00,ZIL/USDT,0.05510000,0.06000000,0.05213000,0.05487000,1126886082.30000000,62560269.03302300,219261
1653868800000,2022-05-30 00:00:00,ZIL/USDT,0.04854000,0.05593000,0.04811000,0.05512000,698329630.10000000,36160916.12849300,126930
1653782400000,2022-05-29 00:00:00,ZIL/USDT,0.04781000,0.04876000,0.04646000,0.04851000,362383574.10000000,17255163.98088800,58004
1653696000000,2022-05-28 00:00:00,ZIL/USDT,0.04708000,0.04838000,0.04605000,0.04779000,374347674.20000000,17774417.20588000,66219
1653609600000,2022-05-27 00:00:00,ZIL/USDT,0.04804000,0.04956000,0.04564000,0.04707000,853853805.10000000,40549273.91685200,160617
1653523200000,2022-05-26 00:00:00,ZIL/USDT,0.05125000,0.05289000,0.04480000,0.04805000,944915456.60000000,46027846.55348900,159274
1653436800000,2022-05-25 00:00:00,ZIL/USDT,0.05254000,0.05298000,0.04974000,0.05124000,436339404.10000000,22350840.58190800,77520
1653350400000,2022-05-24 00:00:00,ZIL/USDT,0.05290000,0.05393000,0.04883000,0.05252000,717943903.60000000,37023740.39964600,131204
1653264000000,2022-05-23 00:00:00,ZIL/USDT,0.05785000,0.05838000,0.05132000,0.05292000,998099364.10000000,55749018.02579200,240889
1653177600000,2022-05-22 00:00:00,ZIL/USDT,0.05169000,0.06276000,0.05108000,0.05786000,1541702906.00000000,89151813.54144300,360833
1653091200000,2022-05-21 00:00:00,ZIL/USDT,0.05062000,0.05327000,0.04911000,0.05170000,531963128.50000000,27190914.38370000,130314
1653004800000,2022-05-20 00:00:00,ZIL/USDT,0.05055000,0.05394000,0.04857000,0.05061000,1007953785.10000000,51851260.06790600,231964
1652918400000,2022-05-19 00:00:00,ZIL/USDT,0.04805000,0.05103000,0.04595000,0.05055000,655796895.30000000,31926557.48936200,147591
1652832000000,2022-05-18 00:00:00,ZIL/USDT,0.05300000,0.05544000,0.04751000,0.04803000,965254610.20000000,49841962.19813000,207495
1652745600000,2022-05-17 00:00:00,ZIL/USDT,0.05029000,0.05388000,0.04950000,0.05302000,962341943.10000000,50024033.94799100,181421
1652659200000,2022-05-16 00:00:00,ZIL/USDT,0.05491000,0.05493000,0.04878000,0.05027000,1112088634.40000000,56284216.33786400,189371
1652572800000,2022-05-15 00:00:00,ZIL/USDT,0.05277000,0.05509000,0.04867000,0.05491000,959262271.50000000,49538257.26795100,191130
1652486400000,2022-05-14 00:00:00,ZIL/USDT,0.05025000,0.05479000,0.04594000,0.05276000,1232474779.70000000,61887712.99448300,234935
1652400000000,2022-05-13 00:00:00,ZIL/USDT,0.04542000,0.05686000,0.04430000,0.05026000,1588876027.40000000,83070600.04280000,269272
1652313600000,2022-05-12 00:00:00,ZIL/USDT,0.05352000,0.05600000,0.03999000,0.04539000,2133093521.10000000,98404144.02276700,304470
1652227200000,2022-05-11 00:00:00,ZIL/USDT,0.06878000,0.07184000,0.04876000,0.05366000,2889506653.80000000,173747434.13569500,549359
1652140800000,2022-05-10 00:00:00,ZIL/USDT,0.06248000,0.07721000,0.06018000,0.06890000,2236439835.80000000,154551739.58399100,481709
1652054400000,2022-05-09 00:00:00,ZIL/USDT,0.07721000,0.08036000,0.06200000,0.06247000,1773379073.40000000,124774028.02144300,382858
1651968000000,2022-05-08 00:00:00,ZIL/USDT,0.07622000,0.08041000,0.07342000,0.07718000,1133303336.50000000,86796933.71459900,261428
1651881600000,2022-05-07 00:00:00,ZIL/USDT,0.08152000,0.08454000,0.07422000,0.07624000,1345340520.70000000,106695663.79917000,361050
1651795200000,2022-05-06 00:00:00,ZIL/USDT,0.07852000,0.08583000,0.07100000,0.08151000,2082096210.40000000,160941051.63469000,464993
1651708800000,2022-05-05 00:00:00,ZIL/USDT,0.09400000,0.09855000,0.07600000,0.07855000,3783681215.50000000,330109311.54566600,888647
1651622400000,2022-05-04 00:00:00,ZIL/USDT,0.06796000,0.09500000,0.06735000,0.09400000,2169388777.60000000,174586385.03466300,533310
1651536000000,2022-05-03 00:00:00,ZIL/USDT,0.07008000,0.07334000,0.06663000,0.06795000,589376408.30000000,41216167.16283600,131080
1651449600000,2022-05-02 00:00:00,ZIL/USDT,0.07323000,0.07513000,0.06713000,0.07006000,603404365.30000000,42850549.58532700,145278
1651363200000,2022-05-01 00:00:00,ZIL/USDT,0.07200000,0.07468000,0.06863000,0.07322000,1070475388.80000000,76892007.94853700,221830
1651276800000,2022-04-30 00:00:00,ZIL/USDT,0.08364000,0.08810000,0.06892000,0.07201000,1147128412.80000000,92230967.67726800,262022
1651190400000,2022-04-29 00:00:00,ZIL/USDT,0.09110000,0.09286000,0.08179000,0.08367000,654576701.60000000,56448848.50719300,172041
1651104000000,2022-04-28 00:00:00,ZIL/USDT,0.09409000,0.09640000,0.08920000,0.09107000,670640012.50000000,62095772.23922500,180487
1651017600000,2022-04-27 00:00:00,ZIL/USDT,0.09234000,0.09724000,0.09040000,0.09408000,593207570.80000000,55923673.00720600,173077
1650931200000,2022-04-26 00:00:00,ZIL/USDT,0.10347000,0.10594000,0.09001000,0.09235000,835229618.20000000,82008670.65648300,242843
1650844800000,2022-04-25 00:00:00,ZIL/USDT,0.10643000,0.10663000,0.09552000,0.10348000,920610092.30000000,92293312.88297800,254163
1650758400000,2022-04-24 00:00:00,ZIL/USDT,0.11055000,0.11426000,0.10454000,0.10640000,576481984.30000000,63040367.60173000,183378
1650672000000,2022-04-23 00:00:00,ZIL/USDT,0.11267000,0.11326000,0.10764000,0.11054000,531050815.10000000,58723046.50165700,170838
1650585600000,2022-04-22 00:00:00,ZIL/USDT,0.11551000,0.11890000,0.11024000,0.11267000,815882674.20000000,93229070.31399800,238055
1650499200000,2022-04-21 00:00:00,ZIL/USDT,0.12615000,0.13540000,0.11221000,0.11551000,2291305342.30000000,289672596.60377600,686371
1650412800000,2022-04-20 00:00:00,ZIL/USDT,0.11170000,0.12940000,0.10940000,0.12614000,2384171031.70000000,286713513.73992800,686518
1650326400000,2022-04-19 00:00:00,ZIL/USDT,0.10763000,0.11500000,0.10750000,0.11170000,1141144820.10000000,126719815.92436900,334878
1650240000000,2022-04-18 00:00:00,ZIL/USDT,0.10941000,0.10991000,0.10081000,0.10764000,843353903.60000000,88606859.69843200,269613
1650153600000,2022-04-17 00:00:00,ZIL/USDT,0.11034000,0.11680000,0.10869000,0.10941000,803623880.50000000,91076650.72757300,247989
1650067200000,2022-04-16 00:00:00,ZIL/USDT,0.11074000,0.11321000,0.10850000,0.11035000,447611099.00000000,49654831.08337600,124708
1649980800000,2022-04-15 00:00:00,ZIL/USDT,0.11471000,0.11529000,0.10806000,0.11072000,748260044.80000000,83518461.06387900,263535
1649894400000,2022-04-14 00:00:00,ZIL/USDT,0.11124000,0.12735000,0.10939000,0.11472000,2252886033.60000000,268014527.48962300,673742
1649808000000,2022-04-13 00:00:00,ZIL/USDT,0.10744000,0.11255000,0.10308000,0.11123000,707842058.20000000,76458369.93010400,248076
1649721600000,2022-04-12 00:00:00,ZIL/USDT,0.11043000,0.11292000,0.10361000,0.10744000,1046050561.20000000,113777608.84319800,350369
1649635200000,2022-04-11 00:00:00,ZIL/USDT,0.11908000,0.13082000,0.10874000,0.11041000,2205061019.20000000,268510883.89328100,647713
1649548800000,2022-04-10 00:00:00,ZIL/USDT,0.12030000,0.12663000,0.11693000,0.11908000,1012067073.90000000,123042003.52910500,290838
1649462400000,2022-04-09 00:00:00,ZIL/USDT,0.12020000,0.12157000,0.11465000,0.12027000,815821888.70000000,96301073.70382000,250846
1649376000000,2022-04-08 00:00:00,ZIL/USDT,0.13384000,0.13753000,0.11782000,0.12020000,1268019347.20000000,161761336.29072400,406206
1649289600000,2022-04-07 00:00:00,ZIL/USDT,0.13188000,0.13640000,0.12035000,0.13385000,1645883177.00000000,208448218.50381500,514324
1649203200000,2022-04-06 00:00:00,ZIL/USDT,0.12433000,0.14301000,0.12189000,0.13195000,3840159602.10000000,510289296.35192000,1145009
1649116800000,2022-04-05 00:00:00,ZIL/USDT,0.14108000,0.14434000,0.12254000,0.12435000,1961395938.20000000,262410832.85221300,593564
1649030400000,2022-04-04 00:00:00,ZIL/USDT,0.15400000,0.16411000,0.13525000,0.14105000,2559205784.70000000,383563887.76726700,809358
1648944000000,2022-04-03 00:00:00,ZIL/USDT,0.16669000,0.17529000,0.14835000,0.15400000,2543353659.70000000,411544067.22449300,884718
1648857600000,2022-04-02 00:00:00,ZIL/USDT,0.18454000,0.20887000,0.16290000,0.16668000,3155167971.40000000,586317517.99172600,1156782
1648771200000,2022-04-01 00:00:00,ZIL/USDT,0.17958000,0.23070000,0.17603000,0.18452000,5199857701.60000000,1049941077.27888400,1974703
1648684800000,2022-03-31 00:00:00,ZIL/USDT,0.18013000,0.22153000,0.17263000,0.17958000,6732946994.70000000,1307871115.35841900,2323950
1648598400000,2022-03-30 00:00:00,ZIL/USDT,0.10280000,0.18500000,0.09816000,0.18013000,7638846978.60000000,1149797311.72490800,2609192
1648512000000,2022-03-29 00:00:00,ZIL/USDT,0.09930000,0.10760000,0.09633000,0.10279000,1413376441.90000000,143564735.70200200,410929
1648425600000,2022-03-28 00:00:00,ZIL/USDT,0.10628000,0.12177000,0.09744000,0.09925000,3278826362.00000000,356070165.70565100,803727
1648339200000,2022-03-27 00:00:00,ZIL/USDT,0.09523000,0.12528000,0.08468000,0.10624000,7833651465.90000000,807742454.60156200,1956913
1648252800000,2022-03-26 00:00:00,ZIL/USDT,0.04786000,0.09700000,0.04763000,0.09558000,3791261649.90000000,269867081.14109000,883045
1648166400000,2022-03-25 00:00:00,ZIL/USDT,0.04942000,0.05085000,0.04683000,0.04787000,157081875.40000000,7713427.56118900,41680
1648080000000,2022-03-24 00:00:00,ZIL/USDT,0.04905000,0.05000000,0.04756000,0.04944000,177318021.60000000,8662481.10881500,43358
1647993600000,2022-03-23 00:00:00,ZIL/USDT,0.04499000,0.04995000,0.04480000,0.04903000,262709412.00000000,12518034.52681200,61155
1647907200000,2022-03-22 00:00:00,ZIL/USDT,0.04331000,0.04750000,0.04310000,0.04501000,237796299.20000000,10748676.83799700,48237
1647820800000,2022-03-21 00:00:00,ZIL/USDT,0.04264000,0.04423000,0.04107000,0.04331000,133314497.80000000,5718411.47434300,30817
1647734400000,2022-03-20 00:00:00,ZIL/USDT,0.04399000,0.04499000,0.04197000,0.04266000,138931851.20000000,6048654.51564600,31198
1647648000000,2022-03-19 00:00:00,ZIL/USDT,0.04233000,0.04442000,0.04227000,0.04400000,151626425.20000000,6592266.75607800,32684
1647561600000,2022-03-18 00:00:00,ZIL/USDT,0.04118000,0.04280000,0.04024000,0.04234000,114490909.70000000,4731471.09481700,24939
1647475200000,2022-03-17 00:00:00,ZIL/USDT,0.04109000,0.04244000,0.04045000,0.04118000,101218082.50000000,4186273.15259100,22926
1647388800000,2022-03-16 00:00:00,ZIL/USDT,0.03981000,0.04126000,0.03891000,0.04109000,139680528.50000000,5586165.18738100,30816
1647302400000,2022-03-15 00:00:00,ZIL/USDT,0.03943000,0.04003000,0.03805000,0.03983000,115183354.40000000,4500963.82745900,23735
1647216000000,2022-03-14 00:00:00,ZIL/USDT,0.03854000,0.03989000,0.03803000,0.03943000,109424046.70000000,4263378.76804100,23671
1647129600000,2022-03-13 00:00:00,ZIL/USDT,0.04058000,0.04142000,0.03842000,0.03853000,110399478.20000000,4421481.27671800,24734
1647043200000,2022-03-12 00:00:00,ZIL/USDT,0.04057000,0.04202000,0.04039000,0.04056000,158723357.20000000,6545261.91889600,37213
1646956800000,2022-03-11 00:00:00,ZIL/USDT,0.04225000,0.04229000,0.03990000,0.04057000,263808564.50000000,10791777.01274100,53105
1646870400000,2022-03-10 00:00:00,ZIL/USDT,0.04137000,0.04420000,0.03913000,0.04225000,566361300.00000000,23651094.37308400,113308
1646784000000,2022-03-09 00:00:00,ZIL/USDT,0.03921000,0.04215000,0.03911000,0.04139000,205735470.70000000,8468795.49819100,43604
1646697600000,2022-03-08 00:00:00,ZIL/USDT,0.03792000,0.03965000,0.03765000,0.03923000,125123063.10000000,4855233.19738200,30618
1646611200000,2022-03-07 00:00:00,ZIL/USDT,0.03798000,0.03998000,0.03655000,0.03790000,180749051.60000000,6882447.93296200,40124
1646524800000,2022-03-06 00:00:00,ZIL/USDT,0.03988000,0.04050000,0.03778000,0.03796000,101236455.10000000,3929002.42450800,22294
1646438400000,2022-03-05 00:00:00,ZIL/USDT,0.03869000,0.04019000,0.03762000,0.03987000,81831672.90000000,3205668.49380200,19525
1646352000000,2022-03-04 00:00:00,ZIL/USDT,0.04196000,0.04214000,0.03807000,0.03869000,128186446.10000000,5156612.91893000,30529
1646265600000,2022-03-03 00:00:00,ZIL/USDT,0.04302000,0.04387000,0.04094000,0.04200000,131544474.30000000,5574427.92700900,28447
1646179200000,2022-03-02 00:00:00,ZIL/USDT,0.04414000,0.04440000,0.04191000,0.04301000,138334235.90000000,5975085.46827000,29209
1646092800000,2022-03-01 00:00:00,ZIL/USDT,0.04320000,0.04586000,0.04297000,0.04413000,231699081.90000000,10267145.56626000,46949
1646006400000,2022-02-28 00:00:00,ZIL/USDT,0.03902000,0.04326000,0.03824000,0.04320000,134735750.40000000,5466286.89002200,26416
1645920000000,2022-02-27 00:00:00,ZIL/USDT,0.04103000,0.04181000,0.03812000,0.03902000,126717757.90000000,5072577.61047000,24839
1645833600000,2022-02-26 00:00:00,ZIL/USDT,0.04090000,0.04248000,0.04047000,0.04100000,108815624.20000000,4488282.25211600,22099
1645747200000,2022-02-25 00:00:00,ZIL/USDT,0.03819000,0.04139000,0.03772000,0.04092000,154908077.30000000,6082893.96689700,27265
1645660800000,2022-02-24 00:00:00,ZIL/USDT,0.03889000,0.03921000,0.03317000,0.03819000,336569228.30000000,12020801.44110500,60281
1645574400000,2022-02-23 00:00:00,ZIL/USDT,0.04078000,0.04224000,0.03866000,0.03888000,143505637.30000000,5830949.85320600,25096
1645488000000,2022-02-22 00:00:00,ZIL/USDT,0.03956000,0.04089000,0.03815000,0.04080000,214770809.40000000,8496304.31955700,34694
1645401600000,2022-02-21 00:00:00,ZIL/USDT,0.04339000,0.04546000,0.03931000,0.03958000,200976273.60000000,8613165.23474800,40826
1645315200000,2022-02-20 00:00:00,ZIL/USDT,0.04610000,0.04611000,0.04267000,0.04340000,132604092.40000000,5812529.54249400,27835
1645228800000,2022-02-19 00:00:00,ZIL/USDT,0.04611000,0.04709000,0.04458000,0.04606000,88632722.50000000,4073814.20716400,20201
1645142400000,2022-02-18 00:00:00,ZIL/USDT,0.04656000,0.04790000,0.04522000,0.04611000,131105501.80000000,6087771.28486600,28537
1645056000000,2022-02-17 00:00:00,ZIL/USDT,0.05115000,0.05184000,0.04575000,0.04654000,155082575.80000000,7568305.53484700,34238
1644969600000,2022-02-16 00:00:00,ZIL/USDT,0.05150000,0.05177000,0.04923000,0.05108000,133700582.60000000,6782253.50824400,29270
1644883200000,2022-02-15 00:00:00,ZIL/USDT,0.04819000,0.05156000,0.04811000,0.05148000,114676359.00000000,5751609.91313100,25487
1644796800000,2022-02-14 00:00:00,ZIL/USDT,0.04769000,0.04857000,0.04605000,0.04814000,111869058.10000000,5300012.96788800,25484
1644710400000,2022-02-13 00:00:00,ZIL/USDT,0.04899000,0.04945000,0.04668000,0.04768000,93880368.40000000,4546559.16666000,23078
1644624000000,2022-02-12 00:00:00,ZIL/USDT,0.04911000,0.04981000,0.04667000,0.04899000,140920825.30000000,6831030.00885000,32007
1644537600000,2022-02-11 00:00:00,ZIL/USDT,0.05335000,0.05456000,0.04831000,0.04910000,189603859.50000000,9881978.00020600,39726
1644451200000,2022-02-10 00:00:00,ZIL/USDT,0.05705000,0.05756000,0.05300000,0.05333000,178663554.30000000,9887427.52806700,40513
1644364800000,2022-02-09 00:00:00,ZIL/USDT,0.05547000,0.05780000,0.05389000,0.05705000,146709444.20000000,8189677.53330100,33509
1644278400000,2022-02-08 00:00:00,ZIL/USDT,0.05746000,0.05901000,0.05351000,0.05545000,255188772.40000000,14272785.97921500,56362
1644192000000,2022-02-07 00:00:00,ZIL/USDT,0.05323000,0.05877000,0.05191000,0.05744000,297498600.60000000,16738112.02885100,72207
1644105600000,2022-02-06 00:00:00,ZIL/USDT,0.05131000,0.05356000,0.05039000,0.05323000,194048944.60000000,10082108.81791800,41564
1644019200000,2022-02-05 00:00:00,ZIL/USDT,0.04988000,0.05336000,0.04906000,0.05131000,238444328.70000000,12196669.09398300,53009
1643932800000,2022-02-04 00:00:00,ZIL/USDT,0.04518000,0.05023000,0.04480000,0.04989000,370233416.40000000,17956958.46257200,73760
1643846400000,2022-02-03 00:00:00,ZIL/USDT,0.04405000,0.04523000,0.04265000,0.04522000,129876310.00000000,5698780.65589000,25762
1643760000000,2022-02-02 00:00:00,ZIL/USDT,0.04552000,0.04711000,0.04366000,0.04405000,147823691.10000000,6737656.82581200,32703
1643673600000,2022-02-01 00:00:00,ZIL/USDT,0.04488000,0.04666000,0.04470000,0.04552000,137696393.90000000,6288541.41027100,29133
1643587200000,2022-01-31 00:00:00,ZIL/USDT,0.04447000,0.04510000,0.04232000,0.04487000,114580547.70000000,5012148.39555600,23170
1643500800000,2022-01-30 00:00:00,ZIL/USDT,0.04571000,0.04668000,0.04370000,0.04451000,100328692.50000000,4541539.62343700,22251
1643414400000,2022-01-29 00:00:00,ZIL/USDT,0.04527000,0.04637000,0.04474000,0.04569000,106728543.80000000,4863029.02373700,23973
1643328000000,2022-01-28 00:00:00,ZIL/USDT,0.04406000,0.04556000,0.04290000,0.04529000,156929320.90000000,6938872.56755200,30222
1643241600000,2022-01-27 00:00:00,ZIL/USDT,0.04484000,0.04543000,0.04217000,0.04411000,197639757.70000000,8674202.43940900,39122
1643155200000,2022-01-26 00:00:00,ZIL/USDT,0.04493000,0.04847000,0.04355000,0.04482000,290965775.20000000,13429127.42644700,62610
1643068800000,2022-01-25 00:00:00,ZIL/USDT,0.04229000,0.04656000,0.04118000,0.04491000,326788062.60000000,14521790.48286400,65481
1642982400000,2022-01-24 00:00:00,ZIL/USDT,0.04430000,0.04499000,0.03758000,0.04229000,337706310.70000000,13463368.32692000,60484
1642896000000,2022-01-23 00:00:00,ZIL/USDT,0.04286000,0.04511000,0.04215000,0.04436000,215531476.40000000,9419610.85796300,46000
1642809600000,2022-01-22 00:00:00,ZIL/USDT,0.04840000,0.04979000,0.03947000,0.04279000,441107944.60000000,19506977.55827500,84860
1642723200000,2022-01-21 00:00:00,ZIL/USDT,0.05696000,0.05798000,0.04698000,0.04846000,289077507.20000000,15247439.34503200,60998
1642636800000,2022-01-20 00:00:00,ZIL/USDT,0.05911000,0.06280000,0.05668000,0.05697000,241037764.50000000,14417697.85405600,49898
1642550400000,2022-01-19 00:00:00,ZIL/USDT,0.06110000,0.06132000,0.05786000,0.05911000,144912544.10000000,8627145.23941200,34267
1642464000000,2022-01-18 00:00:00,ZIL/USDT,0.06190000,0.06253000,0.05976000,0.06111000,111326772.00000000,6793703.21005300,29468
1642377600000,2022-01-17 00:00:00,ZIL/USDT,0.06475000,0.06496000,0.06069000,0.06193000,146973964.80000000,9203438.12153800,37528
1642291200000,2022-01-16 00:00:00,ZIL/USDT,0.06536000,0.06661000,0.06359000,0.06477000,126282365.30000000,8232261.64226500,36039
1642204800000,2022-01-15 00:00:00,ZIL/USDT,0.06411000,0.06667000,0.06345000,0.06537000,116599569.90000000,7589812.07281300,36174
1642118400000,2022-01-14 00:00:00,ZIL/USDT,0.06366000,0.06550000,0.06200000,0.06411000,137764704.40000000,8842492.17654000,42980
1642032000000,2022-01-13 00:00:00,ZIL/USDT,0.06532000,0.06910000,0.06342000,0.06371000,230651898.80000000,15262113.44955500,60757
1641945600000,2022-01-12 00:00:00,ZIL/USDT,0.06085000,0.06663000,0.06054000,0.06534000,180572127.40000000,11526077.09580000,45082
1641859200000,2022-01-11 00:00:00,ZIL/USDT,0.05891000,0.06137000,0.05828000,0.06085000,133874869.60000000,8019169.12443200,35310
1641772800000,2022-01-10 00:00:00,ZIL/USDT,0.06200000,0.06301000,0.05610000,0.05892000,192571455.90000000,11405045.86147900,47071
1641686400000,2022-01-09 00:00:00,ZIL/USDT,0.06072000,0.06331000,0.06017000,0.06200000,128272294.70000000,7912134.17961300,33393
1641600000000,2022-01-08 00:00:00,ZIL/USDT,0.06333000,0.06518000,0.05920000,0.06073000,167377830.60000000,10468587.48852200,42809
1641513600000,2022-01-07 00:00:00,ZIL/USDT,0.06557000,0.06658000,0.06011000,0.06332000,234145359.00000000,14902528.62165000,64665
1641427200000,2022-01-06 00:00:00,ZIL/USDT,0.06672000,0.06724000,0.06240000,0.06563000,189146718.60000000,12228177.70622700,53676
1641340800000,2022-01-05 00:00:00,ZIL/USDT,0.07109000,0.07330000,0.06220000,0.06667000,242076390.40000000,16757287.65757400,74413
1641254400000,2022-01-04 00:00:00,ZIL/USDT,0.07439000,0.07450000,0.07090000,0.07112000,197797575.90000000,14416591.04240200,59426
1641168000000,2022-01-03 00:00:00,ZIL/USDT,0.07705000,0.07787000,0.07317000,0.07438000,179049628.60000000,13509987.53616400,56527
1641081600000,2022-01-02 00:00:00,ZIL/USDT,0.07666000,0.07795000,0.07462000,0.07705000,164583050.70000000,12572812.82690900,50751
1640995200000,2022-01-01 00:00:00,ZIL/USDT,0.07468000,0.07675000,0.07456000,0.07665000,145700825.90000000,11038241.14062900,42967
1640908800000,2021-12-31 00:00:00,ZIL/USDT,0.07831000,0.08024000,0.07330000,0.07471000,261495451.00000000,20290049.01613700,72888
1640822400000,2021-12-30 00:00:00,ZIL/USDT,0.08016000,0.08336000,0.07534000,0.07829000,389224926.30000000,30908989.32073300,113733
1640736000000,2021-12-29 00:00:00,ZIL/USDT,0.07517000,0.08220000,0.07486000,0.08008000,477328404.70000000,37899141.05875700,142828
1640649600000,2021-12-28 00:00:00,ZIL/USDT,0.07915000,0.08397000,0.07362000,0.07515000,362513120.90000000,28314545.17347500,113228
1640563200000,2021-12-27 00:00:00,ZIL/USDT,0.07670000,0.08534000,0.07611000,0.07915000,469803447.60000000,38701749.53951400,144374
1640476800000,2021-12-26 00:00:00,ZIL/USDT,0.07299000,0.07671000,0.07074000,0.07669000,150129622.80000000,11077547.99328800,56878
1640390400000,2021-12-25 00:00:00,ZIL/USDT,0.07187000,0.07415000,0.07113000,0.07296000,113321712.20000000,8264810.04100700,40611
1640304000000,2021-12-24 00:00:00,ZIL/USDT,0.07306000,0.07614000,0.07061000,0.07184000,218559108.50000000,16151921.80208600,74933
1640217600000,2021-12-23 00:00:00,ZIL/USDT,0.06765000,0.07409000,0.06582000,0.07305000,270400495.90000000,18940526.89135200,82581
1640131200000,2021-12-22 00:00:00,ZIL/USDT,0.06313000,0.06880000,0.06310000,0.06767000,282571148.50000000,18637336.73667400,79940
1640044800000,2021-12-21 00:00:00,ZIL/USDT,0.05942000,0.06525000,0.05851000,0.06313000,158479505.60000000,9707306.87538900,39907
1639958400000,2021-12-20 00:00:00,ZIL/USDT,0.06082000,0.06173000,0.05723000,0.05944000,184970597.00000000,10952014.60872500,52376
1639872000000,2021-12-19 00:00:00,ZIL/USDT,0.06303000,0.06332000,0.06040000,0.06084000,109472345.90000000,6780491.62072200,34654
1639785600000,2021-12-18 00:00:00,ZIL/USDT,0.05939000,0.06576000,0.05853000,0.06303000,269815212.60000000,16988056.27542000,71711
1639699200000,2021-12-17 00:00:00,ZIL/USDT,0.06028000,0.06156000,0.05763000,0.05944000,125275876.90000000,7492175.35607500,36691
1639612800000,2021-12-16 00:00:00,ZIL/USDT,0.06210000,0.06403000,0.06010000,0.06028000,118946038.30000000,7450635.40526900,36316
1639526400000,2021-12-15 00:00:00,ZIL/USDT,0.06062000,0.06281000,0.05793000,0.06208000,155348849.10000000,9386743.19194000,42035
1639440000000,2021-12-14 00:00:00,ZIL/USDT,0.05811000,0.06115000,0.05698000,0.06063000,161866982.10000000,9561817.30678300,44782
1639353600000,2021-12-13 00:00:00,ZIL/USDT,0.06532000,0.06580000,0.05730000,0.05812000,178403663.60000000,10838961.03662300,47769
1639267200000,2021-12-12 00:00:00,ZIL/USDT,0.06536000,0.06618000,0.06311000,0.06537000,100010935.70000000,6482925.15307200,29089
1639180800000,2021-12-11 00:00:00,ZIL/USDT,0.06243000,0.06578000,0.06137000,0.06534000,131130197.10000000,8395801.24396500,37911
1639094400000,2021-12-10 00:00:00,ZIL/USDT,0.06634000,0.06829000,0.06211000,0.06248000,189512273.60000000,12479003.43005800,54968
1639008000000,2021-12-09 00:00:00,ZIL/USDT,0.07460000,0.07498000,0.06626000,0.06637000,175401415.80000000,12279874.76162900,51331
1638921600000,2021-12-08 00:00:00,ZIL/USDT,0.06943000,0.07547000,0.06848000,0.07458000,324726517.50000000,23413900.94596800,87203
1638835200000,2021-12-07 00:00:00,ZIL/USDT,0.06880000,0.07341000,0.06779000,0.06945000,275316689.80000000,19415887.55359300,67328
1638748800000,2021-12-06 00:00:00,ZIL/USDT,0.06649000,0.06960000,0.05995000,0.06885000,261979148.50000000,16895417.55437400,73136
1638662400000,2021-12-05 00:00:00,ZIL/USDT,0.07010000,0.07109000,0.06354000,0.06646000,252595332.00000000,17035920.64640200,66066
1638576000000,2021-12-04 00:00:00,ZIL/USDT,0.08189000,0.08191000,0.05264000,0.07007000,566355037.70000000,38752212.47509400,159180
1638489600000,2021-12-03 00:00:00,ZIL/USDT,0.08610000,0.08907000,0.07872000,0.08185000,257870882.30000000,21957517.49128700,77097
1638403200000,2021-12-02 00:00:00,ZIL/USDT,0.08704000,0.08741000,0.08357000,0.08608000,138770511.10000000,11921215.78782200,46003
1638316800000,2021-12-01 00:00:00,ZIL/USDT,0.08753000,0.09000000,0.08572000,0.08707000,175021428.90000000,15405278.90399200,64908
1638230400000,2021-11-30 00:00:00,ZIL/USDT,0.09133000,0.09219000,0.08638000,0.08745000,210288962.20000000,18669082.36289800,75352
1638144000000,2021-11-29 00:00:00,ZIL/USDT,0.08383000,0.09580000,0.08370000,0.09129000,644023226.10000000,58615020.85793200,180721
1638057600000,2021-11-28 00:00:00,ZIL/USDT,0.08355000,0.08403000,0.07701000,0.08386000,161870487.70000000,13082335.73531900,49256
1637971200000,2021-11-27 00:00:00,ZIL/USDT,0.08148000,0.08524000,0.08114000,0.08355000,117326863.40000000,9824396.88455300,37401
1637884800000,2021-11-26 00:00:00,ZIL/USDT,0.08944000,0.09036000,0.07927000,0.08154000,263101940.10000000,22002548.41549400,78924
1637798400000,2021-11-25 00:00:00,ZIL/USDT,0.08700000,0.09090000,0.08690000,0.08944000,171876575.30000000,15319707.93274300,54153
1637712000000,2021-11-24 00:00:00,ZIL/USDT,0.08997000,0.09154000,0.08492000,0.08704000,166690614.90000000,14634234.50275500,53344
1637625600000,2021-11-23 00:00:00,ZIL/USDT,0.08892000,0.09074000,0.08671000,0.08996000,142910419.60000000,12775283.91617800,47660
1637539200000,2021-11-22 00:00:00,ZIL/USDT,0.09283000,0.09313000,0.08768000,0.08892000,177103049.90000000,15917675.17233400,54538
1637452800000,2021-11-21 00:00:00,ZIL/USDT,0.09306000,0.09485000,0.09199000,0.09283000,127762244.60000000,11919574.53768500,47995
1637366400000,2021-11-20 00:00:00,ZIL/USDT,0.09139000,0.09319000,0.08879000,0.09307000,113298220.60000000,10392586.42004000,44688
1637280000000,2021-11-19 00:00:00,ZIL/USDT,0.08707000,0.09257000,0.08501000,0.09141000,148358296.80000000,13345797.36220500,53186
1637193600000,2021-11-18 00:00:00,ZIL/USDT,0.09571000,0.09693000,0.08454000,0.08706000,216573912.70000000,19648529.05539000,73351
1637107200000,2021-11-17 00:00:00,ZIL/USDT,0.09298000,0.09660000,0.09005000,0.09575000,207847828.10000000,19473390.16509100,69982
1637020800000,2021-11-16 00:00:00,ZIL/USDT,0.10165000,0.10165000,0.08590000,0.09292000,307562100.70000000,28894998.53055500,120737
1636934400000,2021-11-15 00:00:00,ZIL/USDT,0.10157000,0.10548000,0.10006000,0.10165000,159177081.80000000,16417256.55763700,64335
1636848000000,2021-11-14 00:00:00,ZIL/USDT,0.10138000,0.10751000,0.09884000,0.10156000,201903735.20000000,20638857.44446600,73773
1636761600000,2021-11-13 00:00:00,ZIL/USDT,0.09995000,0.10241000,0.09974000,0.10138000,125308264.40000000,12691062.44625600,47331
1636675200000,2021-11-12 00:00:00,ZIL/USDT,0.10277000,0.10389000,0.09700000,0.09991000,163585789.90000000,16441441.20360200,69403
1636588800000,2021-11-11 00:00:00,ZIL/USDT,0.10209000,0.10554000,0.10036000,0.10265000,184058023.40000000,19011139.02841000,74786
1636502400000,2021-11-10 00:00:00,ZIL/USDT,0.11273000,0.11296000,0.09546000,0.10210000,340608040.20000000,36459365.54427000,137730
1636416000000,2021-11-09 00:00:00,ZIL/USDT,0.11151000,0.11569000,0.10965000,0.11272000,289281400.80000000,32436429.34766300,107348
1636329600000,2021-11-08 00:00:00,ZIL/USDT,0.10914000,0.11233000,0.10501000,0.11153000,208689706.00000000,22790277.82417400,74520
1636243200000,2021-11-07 00:00:00,ZIL/USDT,0.10737000,0.11072000,0.10711000,0.10915000,127668969.80000000,13935912.52997600,51325
1636156800000,2021-11-06 00:00:00,ZIL/USDT,0.10843000,0.11103000,0.10367000,0.10749000,167478894.30000000,17937124.43906000,63273
1636070400000,2021-11-05 00:00:00,ZIL/USDT,0.10895000,0.11300000,0.10693000,0.10843000,231676876.60000000,25455213.23699500,88346
1635984000000,2021-11-04 00:00:00,ZIL/USDT,0.10955000,0.11300000,0.10534000,0.10895000,223530382.00000000,24383174.04341600,89031
1635897600000,2021-11-03 00:00:00,ZIL/USDT,0.11459000,0.11484000,0.10600000,0.10966000,232896207.10000000,25599256.28622200,90734
1635811200000,2021-11-02 00:00:00,ZIL/USDT,0.11241000,0.11667000,0.10989000,0.11457000,259543692.50000000,29549247.55236800,99689
1635724800000,2021-11-01 00:00:00,ZIL/USDT,0.11245000,0.11286000,0.10404000,0.11241000,267292363.60000000,29330937.56722300,117388
1635638400000,2021-10-31 00:00:00,ZIL/USDT,0.10176000,0.12500000,0.10133000,0.11233000,1051701018.00000000,120247977.13789200,393824
1635552000000,2021-10-30 00:00:00,ZIL/USDT,0.10119000,0.10389000,0.09758000,0.10161000,208015406.80000000,20884643.08846400,76557
1635465600000,2021-10-29 00:00:00,ZIL/USDT,0.09825000,0.10249000,0.09752000,0.10116000,166463179.30000000,16768170.08719600,59227
1635379200000,2021-10-28 00:00:00,ZIL/USDT,0.09351000,0.10128000,0.09339000,0.09823000,222628594.70000000,21747785.43133200,80258
1635292800000,2021-10-27 00:00:00,ZIL/USDT,0.10690000,0.11052000,0.09000000,0.09348000,370584047.70000000,36449156.76763300,128606
1635206400000,2021-10-26 00:00:00,ZIL/USDT,0.11068000,0.11250000,0.10550000,0.10685000,222346656.00000000,24460712.38486500,74326
1635120000000,2021-10-25 00:00:00,ZIL/USDT,0.10186000,0.11408000,0.10142000,0.11068000,332882732.50000000,36357602.26688700,115184
1635033600000,2021-10-24 00:00:00,ZIL/USDT,0.10325000,0.10669000,0.09950000,0.10185000,225687323.40000000,23280777.99162900,80377
1634947200000,2021-10-23 00:00:00,ZIL/USDT,0.10180000,0.10587000,0.10004000,0.10325000,269348652.30000000,27766751.92818800,86776
1634860800000,2021-10-22 00:00:00,ZIL/USDT,0.09457000,0.10433000,0.09383000,0.10179000,374157334.50000000,37556101.19646400,111840
1634774400000,2021-10-21 00:00:00,ZIL/USDT,0.09584000,0.10077000,0.09316000,0.09451000,231817586.40000000,22522004.97891400,78838
1634688000000,2021-10-20 00:00:00,ZIL/USDT,0.09152000,0.09650000,0.09069000,0.09582000,134019915.40000000,12595479.89179400,43362
1634601600000,2021-10-19 00:00:00,ZIL/USDT,0.09313000,0.09399000,0.09000000,0.09154000,127187441.50000000,11714845.72717000,37378
1634515200000,2021-10-18 00:00:00,ZIL/USDT,0.09388000,0.09455000,0.09077000,0.09316000,111401824.10000000,10390813.10566200,37566
1634428800000,2021-10-17 00:00:00,ZIL/USDT,0.09750000,0.09818000,0.09056000,0.09391000,135777889.80000000,12938943.27932000,45830
1634342400000,2021-10-16 00:00:00,ZIL/USDT,0.09633000,0.10050000,0.09517000,0.09750000,192511911.70000000,18916665.83618800,66628
1634256000000,2021-10-15 00:00:00,ZIL/USDT,0.09864000,0.10000000,0.09231000,0.09633000,257557703.20000000,24831871.64549900,80954
1634169600000,2021-10-14 00:00:00,ZIL/USDT,0.09422000,0.09922000,0.09363000,0.09864000,157101250.40000000,15233560.13044600,56409
1634083200000,2021-10-13 00:00:00,ZIL/USDT,0.09150000,0.09535000,0.08949000,0.09421000,141595959.60000000,13025977.62687700,47494
1633996800000,2021-10-12 00:00:00,ZIL/USDT,0.09435000,0.09440000,0.08644000,0.09150000,172519213.80000000,15513863.19414500,53274
1633910400000,2021-10-11 00:00:00,ZIL/USDT,0.09553000,0.09915000,0.09155000,0.09435000,140382270.10000000,13430272.45360400,44526
1633824000000,2021-10-10 00:00:00,ZIL/USDT,0.10299000,0.10306000,0.09508000,0.09558000,139508081.50000000,13931570.35918200,46648
1633737600000,2021-10-09 00:00:00,ZIL/USDT,0.09996000,0.10764000,0.09902000,0.10296000,208717781.20000000,21633850.36524400,71001
1633651200000,2021-10-08 00:00:00,ZIL/USDT,0.09838000,0.10280000,0.09761000,0.09996000,203283414.80000000,20476024.17329300,69633
1633564800000,2021-10-07 00:00:00,ZIL/USDT,0.09872000,0.10000000,0.09500000,0.09837000,199134154.20000000,19384471.45415200,60940
1633478400000,2021-10-06 00:00:00,ZIL/USDT,0.10316000,0.10348000,0.09356000,0.09872000,311661211.90000000,30718148.77893000,93727
1633392000000,2021-10-05 00:00:00,ZIL/USDT,0.09699000,0.10770000,0.09625000,0.10311000,349085541.20000000,35719565.70149500,108571
1633305600000,2021-10-04 00:00:00,ZIL/USDT,0.09964000,0.10170000,0.09454000,0.09699000,214916198.50000000,21031713.37129500,76478
1633219200000,2021-10-03 00:00:00,ZIL/USDT,0.09643000,0.10314000,0.09429000,0.09962000,200924790.60000000,20039996.77288600,67572
1633132800000,2021-10-02 00:00:00,ZIL/USDT,0.09465000,0.10198000,0.09303000,0.09640000,258138529.40000000,25406014.38256100,77736
1633046400000,2021-10-01 00:00:00,ZIL/USDT,0.08579000,0.09585000,0.08414000,0.09464000,312314024.80000000,28524266.54133500,90578
1632960000000,2021-09-30 00:00:00,ZIL/USDT,0.08256000,0.08962000,0.08231000,0.08577000,344419125.80000000,29662441.24470800,92776
1632873600000,2021-09-29 00:00:00,ZIL/USDT,0.07520000,0.08535000,0.07465000,0.08253000,362676081.30000000,29525343.50699300,79276
1632787200000,2021-09-28 00:00:00,ZIL/USDT,0.07937000,0.08039000,0.07489000,0.07531000,165395729.20000000,12832946.43218300,42981
1632700800000,2021-09-27 00:00:00,ZIL/USDT,0.08342000,0.08575000,0.07911000,0.07937000,135840228.50000000,11232192.45765100,40541
1632614400000,2021-09-26 00:00:00,ZIL/USDT,0.08393000,0.08459000,0.07650000,0.08351000,166189132.50000000,13584580.33127500,43877
1632528000000,2021-09-25 00:00:00,ZIL/USDT,0.08490000,0.09350000,0.08155000,0.08402000,153900412.10000000,12981433.20641900,43715
1632441600000,2021-09-24 00:00:00,ZIL/USDT,0.09305000,0.09342000,0.07928000,0.08492000,199496399.80000000,17008884.56642200,58482
1632355200000,2021-09-23 00:00:00,ZIL/USDT,0.09194000,0.09669000,0.08843000,0.09304000,181085647.60000000,16590840.96319900,51628
1632268800000,2021-09-22 00:00:00,ZIL/USDT,0.08086000,0.09229000,0.07890000,0.09197000,156113285.50000000,13427848.86918100,43756
1632182400000,2021-09-21 00:00:00,ZIL/USDT,0.08707000,0.09174000,0.07827000,0.08071000,246348738.80000000,21098232.91969900,61342
1632096000000,2021-09-20 00:00:00,ZIL/USDT,0.10248000,0.10269000,0.08428000,0.08708000,292029748.40000000,26695140.96657000,79995
1632009600000,2021-09-19 00:00:00,ZIL/USDT,0.10833000,0.10858000,0.10080000,0.10252000,90973722.10000000,9561413.45671300,37801
1631923200000,2021-09-18 00:00:00,ZIL/USDT,0.10767000,0.11151000,0.10583000,0.10832000,106982395.00000000,11673937.66087700,34567
1631836800000,2021-09-17 00:00:00,ZIL/USDT,0.11190000,0.11686000,0.10569000,0.10767000,266146164.40000000,29721116.18748600,81176
1631750400000,2021-09-16 00:00:00,ZIL/USDT,0.11127000,0.11620000,0.10714000,0.11191000,273517056.00000000,30792954.70136700,100515
1631664000000,2021-09-15 00:00:00,ZIL/USDT,0.10668000,0.11262000,0.10457000,0.11123000,198007130.60000000,21563866.53744000,66623
1631577600000,2021-09-14 00:00:00,ZIL/USDT,0.10253000,0.10719000,0.10074000,0.10679000,174350593.10000000,18135188.85098300,52414
1631491200000,2021-09-13 00:00:00,ZIL/USDT,0.11195000,0.11390000,0.09623000,0.10256000,289228917.90000000,29767210.28592000,96358
1631404800000,2021-09-12 00:00:00,ZIL/USDT,0.10696000,0.11299000,0.10429000,0.11178000,229914729.40000000,25061113.81623000,70480
1631318400000,2021-09-11 00:00:00,ZIL/USDT,0.10636000,0.11190000,0.10412000,0.10696000,228714414.50000000,24710657.84343400,69585
1631232000000,2021-09-10 00:00:00,ZIL/USDT,0.10818000,0.12111000,0.10314000,0.10638000,567748417.60000000,63837666.72098400,174854
1631145600000,2021-09-09 00:00:00,ZIL/USDT,0.10333000,0.11096000,0.10133000,0.10818000,284479893.20000000,30496888.79191000,88210
1631059200000,2021-09-08 00:00:00,ZIL/USDT,0.10182000,0.10600000,0.09161000,0.10335000,352610244.90000000,35234457.94068800,96989
1630972800000,2021-09-07 00:00:00,ZIL/USDT,0.13075000,0.13099000,0.08562000,0.10186000,611575512.40000000,67493095.57340100,216772
1630886400000,2021-09-06 00:00:00,ZIL/USDT,0.13274000,0.13484000,0.12250000,0.13082000,285039173.00000000,37129259.82299700,110006
1630800000000,2021-09-05 00:00:00,ZIL/USDT,0.12221000,0.13661000,0.12049000,0.13274000,309368799.10000000,39917168.66468600,123702
1630713600000,2021-09-04 00:00:00,ZIL/USDT,0.11938000,0.12588000,0.11806000,0.12219000,303983563.90000000,37213640.00137400,97639
1630627200000,2021-09-03 00:00:00,ZIL/USDT,0.11390000,0.12304000,0.11161000,0.11940000,352023386.60000000,42027061.98986600,128003
1630540800000,2021-09-02 00:00:00,ZIL/USDT,0.11507000,0.11600000,0.11153000,0.11388000,194417708.30000000,22170732.50758000,55613
1630454400000,2021-09-01 00:00:00,ZIL/USDT,0.10803000,0.11592000,0.10546000,0.11516000,208482133.90000000,23205532.85321100,66122
1630368000000,2021-08-31 00:00:00,ZIL/USDT,0.10725000,0.11249000,0.10416000,0.10800000,190191693.90000000,20698118.26060400,61275
1630281600000,2021-08-30 00:00:00,ZIL/USDT,0.10994000,0.11317000,0.10511000,0.10716000,213887872.90000000,23323460.94541400,60899
1630195200000,2021-08-29 00:00:00,ZIL/USDT,0.11342000,0.11476000,0.10763000,0.10997000,170996663.80000000,18834181.39684300,52991
1630108800000,2021-08-28 00:00:00,ZIL/USDT,0.11273000,0.11405000,0.10885000,0.11336000,175645276.70000000,19669064.58627400,51227
1630022400000,2021-08-27 00:00:00,ZIL/USDT,0.10551000,0.11395000,0.10173000,0.11266000,327454810.80000000,35584631.36811500,94411
1629936000000,2021-08-26 00:00:00,ZIL/USDT,0.11284000,0.11850000,0.10421000,0.10571000,331325875.30000000,36673617.71432300,88367
1629849600000,2021-08-25 00:00:00,ZIL/USDT,0.10719000,0.11394000,0.10345000,0.11288000,269933825.50000000,29518532.87494300,82119
1629763200000,2021-08-24 00:00:00,ZIL/USDT,0.11509000,0.12438000,0.10471000,0.10724000,433777527.60000000,49703448.65340300,136586
1629676800000,2021-08-23 00:00:00,ZIL/USDT,0.10950000,0.12231000,0.10820000,0.11526000,411109969.80000000,47514209.54262000,146278
1629590400000,2021-08-22 00:00:00,ZIL/USDT,0.10689000,0.11139000,0.10516000,0.10950000,195710654.10000000,21181811.29817700,62007
1629504000000,2021-08-21 00:00:00,ZIL/USDT,0.10800000,0.11280000,0.10300000,0.10701000,265686697.60000000,29032685.59553200,93233
1629417600000,2021-08-20 00:00:00,ZIL/USDT,0.10445000,0.11081000,0.10286000,0.10800000,181952863.70000000,19325484.39048400,63746
1629331200000,2021-08-19 00:00:00,ZIL/USDT,0.09745000,0.10461000,0.09555000,0.10442000,194790560.90000000,19442265.03834200,66912
1629244800000,2021-08-18 00:00:00,ZIL/USDT,0.09945000,0.10184000,0.09320000,0.09745000,230048154.60000000,22557871.67572600,69635
1629158400000,2021-08-17 00:00:00,ZIL/USDT,0.10680000,0.11292000,0.09833000,0.09954000,265095218.20000000,28050621.12907200,95636
1629072000000,2021-08-16 00:00:00,ZIL/USDT,0.11158000,0.11691000,0.10550000,0.10664000,252798328.40000000,28285416.08317300,87258
1628985600000,2021-08-15 00:00:00,ZIL/USDT,0.11159000,0.11304000,0.10491000,0.11150000,189875082.90000000,20735660.87793000,66388
1628899200000,2021-08-14 00:00:00,ZIL/USDT,0.10581000,0.11633000,0.10408000,0.11165000,351139908.70000000,38847301.59757200,122059
1628812800000,2021-08-13 00:00:00,ZIL/USDT,0.09918000,0.10710000,0.09754000,0.10577000,175563372.90000000,18140579.15390100,61676
1628726400000,2021-08-12 00:00:00,ZIL/USDT,0.10449000,0.10650000,0.09475000,0.09914000,237563194.40000000,23761743.53196100,74692
1628640000000,2021-08-11 00:00:00,ZIL/USDT,0.09767000,0.10680000,0.09692000,0.10444000,283222619.00000000,29035275.60481800,93869
1628553600000,2021-08-10 00:00:00,ZIL/USDT,0.09165000,0.10000000,0.09046000,0.09771000,247760803.10000000,23665111.31907500,88729
1628467200000,2021-08-09 00:00:00,ZIL/USDT,0.08699000,0.09329000,0.08351000,0.09169000,212212843.60000000,19138555.19279900,66507
1628380800000,2021-08-08 00:00:00,ZIL/USDT,0.09323000,0.09490000,0.08545000,0.08709000,185874239.10000000,16696599.21779700,59374
1628294400000,2021-08-07 00:00:00,ZIL/USDT,0.09125000,0.09611000,0.08883000,0.09321000,317082641.50000000,29472130.75701600,90357
1628208000000,2021-08-06 00:00:00,ZIL/USDT,0.08604000,0.09136000,0.08350000,0.09123000,307174672.50000000,26807140.97150800,83019
1628121600000,2021-08-05 00:00:00,ZIL/USDT,0.08127000,0.08740000,0.07800000,0.08607000,296358158.20000000,24553547.24787900,78956
1628035200000,2021-08-04 00:00:00,ZIL/USDT,0.07887000,0.08167000,0.07684000,0.08121000,118478988.50000000,9439610.93421600,37007
1627948800000,2021-08-03 00:00:00,ZIL/USDT,0.08163000,0.08204000,0.07670000,0.07885000,134878903.20000000,10609576.97419000,42024
1627862400000,2021-08-02 00:00:00,ZIL/USDT,0.07960000,0.08510000,0.07771000,0.08158000,167603170.80000000,13631287.23000800,51089
1627776000000,2021-08-01 00:00:00,ZIL/USDT,0.08372000,0.08846000,0.07850000,0.07955000,253612136.30000000,21451516.80229900,74179
1627689600000,2021-07-31 00:00:00,ZIL/USDT,0.08047000,0.08500000,0.07785000,0.08365000,275583009.00000000,22552485.05774300,77789
1627603200000,2021-07-30 00:00:00,ZIL/USDT,0.07587000,0.08075000,0.07316000,0.08048000,255032111.70000000,19722117.59496800,62206
1627516800000,2021-07-29 00:00:00,ZIL/USDT,0.07416000,0.07870000,0.07289000,0.07592000,190117050.30000000,14473265.09799600,44803
1627430400000,2021-07-28 00:00:00,ZIL/USDT,0.07647000,0.07698000,0.07254000,0.07420000,185390183.10000000,13846363.00037700,46186
1627344000000,2021-07-27 00:00:00,ZIL/USDT,0.07425000,0.07836000,0.06956000,0.07648000,303215326.10000000,22291580.07775300,82261
1627257600000,2021-07-26 00:00:00,ZIL/USDT,0.07424000,0.08500000,0.07318000,0.07424000,673971744.30000000,53722439.33129600,187697
1627171200000,2021-07-25 00:00:00,ZIL/USDT,0.06460000,0.07533000,0.06219000,0.07420000,547294043.10000000,38445892.37269700,115992
1627084800000,2021-07-24 00:00:00,ZIL/USDT,0.06304000,0.06646000,0.06259000,0.06458000,138153806.90000000,8909753.22021000,38818
1626998400000,2021-07-23 00:00:00,ZIL/USDT,0.06203000,0.06365000,0.05938000,0.06305000,118617965.80000000,7308868.46090900,28370
1626912000000,2021-07-22 00:00:00,ZIL/USDT,0.05861000,0.06403000,0.05778000,0.06207000,180239410.40000000,10914203.03408100,42482
1626825600000,2021-07-21 00:00:00,ZIL/USDT,0.05339000,0.06032000,0.05186000,0.05862000,173014431.00000000,9864143.53709100,37453
1626739200000,2021-07-20 00:00:00,ZIL/USDT,0.05809000,0.05915000,0.05070000,0.05340000,220076607.60000000,11785833.37842600,44593
1626652800000,2021-07-19 00:00:00,ZIL/USDT,0.06327000,0.06368000,0.05777000,0.05811000,110019627.80000000,6598373.28867700,28192
1626566400000,2021-07-18 00:00:00,ZIL/USDT,0.06224000,0.06504000,0.06142000,0.06325000,90316325.50000000,5717615.36626900,23984
1626480000000,2021-07-17 00:00:00,ZIL/USDT,0.06173000,0.06339000,0.06033000,0.06220000,102328241.10000000,6326407.77192800,25595
1626393600000,2021-07-16 00:00:00,ZIL/USDT,0.06739000,0.06833000,0.06139000,0.06174000,140663510.90000000,9074185.40507700,35968
1626307200000,2021-07-15 00:00:00,ZIL/USDT,0.07125000,0.07151000,0.06500000,0.06734000,130086331.70000000,8815910.87330500,33757
1626220800000,2021-07-14 00:00:00,ZIL/USDT,0.06918000,0.07135000,0.06454000,0.07127000,142644793.50000000,9666369.46831000,33979
1626134400000,2021-07-13 00:00:00,ZIL/USDT,0.07176000,0.07224000,0.06770000,0.06916000,105142682.90000000,7379651.76939300,27657
1626048000000,2021-07-12 00:00:00,ZIL/USDT,0.07397000,0.07502000,0.07016000,0.07179000,85198798.90000000,6205366.12895900,23889
1625961600000,2021-07-11 00:00:00,ZIL/USDT,0.07297000,0.07459000,0.07155000,0.07395000,88694438.40000000,6504105.70562200,22716
1625875200000,2021-07-10 00:00:00,ZIL/USDT,0.07498000,0.07588000,0.07132000,0.07295000,84565280.30000000,6182776.67110800,22834
1625788800000,2021-07-09 00:00:00,ZIL/USDT,0.07491000,0.07569000,0.07073000,0.07503000,132555011.50000000,9688912.20055400,32891
1625702400000,2021-07-08 00:00:00,ZIL/USDT,0.08128000,0.08136000,0.07372000,0.07484000,172743453.70000000,13240737.59469600,47969
1625616000000,2021-07-07 00:00:00,ZIL/USDT,0.08083000,0.08542000,0.07910000,0.08135000,232855272.10000000,19195968.35874200,55349
1625529600000,2021-07-06 00:00:00,ZIL/USDT,0.07970000,0.08265000,0.07800000,0.08083000,165970163.90000000,13330830.40977900,46187
1625443200000,2021-07-05 00:00:00,ZIL/USDT,0.08298000,0.08298000,0.07700000,0.07964000,176984829.30000000,14133887.99442200,47482
1625356800000,2021-07-04 00:00:00,ZIL/USDT,0.08231000,0.08449000,0.07892000,0.08300000,166431628.80000000,13709247.74942000,46916
1625270400000,2021-07-03 00:00:00,ZIL/USDT,0.08152000,0.08281000,0.07880000,0.08230000,102808717.30000000,8348738.70809600,31461
1625184000000,2021-07-02 00:00:00,ZIL/USDT,0.08195000,0.08325000,0.07719000,0.08151000,125320314.30000000,9974971.91717900,35217
1625097600000,2021-07-01 00:00:00,ZIL/USDT,0.08791000,0.08804000,0.07963000,0.08205000,172434359.50000000,14249490.42300600,49049
1625011200000,2021-06-30 00:00:00,ZIL/USDT,0.08614000,0.09600000,0.07974000,0.08791000,262637647.90000000,22173308.73630000,74518
1624924800000,2021-06-29 00:00:00,ZIL/USDT,0.08004000,0.08869000,0.07940000,0.08619000,339593194.60000000,28894793.42601900,94129
1624838400000,2021-06-28 00:00:00,ZIL/USDT,0.07213000,0.08500000,0.07109000,0.08006000,376571766.20000000,29515194.48400500,95435
1624752000000,2021-06-27 00:00:00,ZIL/USDT,0.07002000,0.07232000,0.06700000,0.07213000,138572523.90000000,9626169.82556100,33041
1624665600000,2021-06-26 00:00:00,ZIL/USDT,0.06940000,0.07163000,0.06579000,0.07002000,185595711.00000000,12722450.70022900,46098
1624579200000,2021-06-25 00:00:00,ZIL/USDT,0.07891000,0.08168000,0.06877000,0.06936000,229604326.40000000,16935434.00502200,60734
1624492800000,2021-06-24 00:00:00,ZIL/USDT,0.07366000,0.07997000,0.07033000,0.07898000,187492615.50000000,14054022.64034000,46265
1624406400000,2021-06-23 00:00:00,ZIL/USDT,0.06866000,0.07946000,0.06515000,0.07368000,294397457.70000000,21875277.13297500,72497
1624320000000,2021-06-22 00:00:00,ZIL/USDT,0.07226000,0.07895000,0.05970000,0.06863000,524260052.20000000,35968177.01054100,122338
1624233600000,2021-06-21 00:00:00,ZIL/USDT,0.09565000,0.09619000,0.07201000,0.07225000,361574298.70000000,29935837.72307100,85323
1624147200000,2021-06-20 00:00:00,ZIL/USDT,0.09296000,0.09740000,0.08588000,0.09567000,162321917.60000000,14798537.96435500,46288
1624060800000,2021-06-19 00:00:00,ZIL/USDT,0.09632000,0.09900000,0.09284000,0.09304000,109294063.80000000,10513673.57794400,31451
1623974400000,2021-06-18 00:00:00,ZIL/USDT,0.10345000,0.10361000,0.09213000,0.09630000,178661892.40000000,17547719.72235300,52110
1623888000000,2021-06-17 00:00:00,ZIL/USDT,0.10406000,0.11000000,0.10158000,0.10350000,187161891.90000000,19666839.02830800,48800
1623801600000,2021-06-16 00:00:00,ZIL/USDT,0.10735000,0.11450000,0.10270000,0.10410000,253943596.90000000,27618599.55906400,74735
1623715200000,2021-06-15 00:00:00,ZIL/USDT,0.11048000,0.11449000,0.10577000,0.10735000,243095299.60000000,26838389.31870900,73516
1623628800000,2021-06-14 00:00:00,ZIL/USDT,0.10764000,0.11149000,0.10441000,0.11048000,235377628.40000000,25442121.65305300,77920
1623542400000,2021-06-13 00:00:00,ZIL/USDT,0.09879000,0.10988000,0.09554000,0.10765000,222260077.10000000,22337905.68325400,69581
1623456000000,2021-06-12 00:00:00,ZIL/USDT,0.10224000,0.10300000,0.09191000,0.09881000,285862805.40000000,28084779.59577400,83059
1623369600000,2021-06-11 00:00:00,ZIL/USDT,0.10854000,0.11650000,0.10059000,0.10228000,361770498.80000000,39629346.50967300,118238
1623283200000,2021-06-10 00:00:00,ZIL/USDT,0.11511000,0.11706000,0.10462000,0.10851000,218822767.00000000,24230643.37236400,66463
1623196800000,2021-06-09 00:00:00,ZIL/USDT,0.10809000,0.11600000,0.10342000,0.11500000,251329172.20000000,27924753.21769200,82704
1623110400000,2021-06-08 00:00:00,ZIL/USDT,0.11100000,0.11347000,0.09841000,0.10809000,409008708.10000000,43544087.39015800,131575
1623024000000,2021-06-07 00:00:00,ZIL/USDT,0.12357000,0.12900000,0.10800000,0.11112000,295326123.30000000,35630786.31331700,97123
1622937600000,2021-06-06 00:00:00,ZIL/USDT,0.12037000,0.13150000,0.11941000,0.12362000,298291753.00000000,37621467.13699700,93406
1622851200000,2021-06-05 00:00:00,ZIL/USDT,0.12641000,0.13687000,0.11503000,0.12037000,330799957.90000000,41706042.51328000,108247
1622764800000,2021-06-04 00:00:00,ZIL/USDT,0.13957000,0.13958000,0.11912000,0.12624000,385012182.20000000,48922982.97059200,131366
1622678400000,2021-06-03 00:00:00,ZIL/USDT,0.12321000,0.15482000,0.12112000,0.13955000,838521329.90000000,121183978.23412200,261519
1622592000000,2021-06-02 00:00:00,ZIL/USDT,0.11801,0.12962,0.11734,0.12314,377236527,47338667.28345,184061
1622505600000,2021-06-01 00:00:00,ZIL/USDT,0.11563,0.12070,0.10936,0.11801,264206633,30512279.36485,151128
1622419200000,2021-05-31 00:00:00,ZIL/USDT,0.10524,0.11579,0.10024,0.11562,259769851,28290544.46972,132841
1622332800000,2021-05-30 00:00:00,ZIL/USDT,0.09937,0.11043,0.09342,0.10524,266649071,27751755.22368,138559
1622246400000,2021-05-29 00:00:00,ZIL/USDT,0.11077,0.11537,0.09368,0.09936,320273764,33048409.89780,154345
1622160000000,2021-05-28 00:00:00,ZIL/USDT,0.12147,0.12286,0.10042,0.11077,426345343,46718633.44562,187520
1622073600000,2021-05-27 00:00:00,ZIL/USDT,0.13340,0.13515,0.11869,0.12145,336431762,42284606.99623,169509
1621987200000,2021-05-26 00:00:00,ZIL/USDT,0.10736,0.13402,0.10512,0.13341,453455389,55837119.50907,195012
1621900800000,2021-05-25 00:00:00,ZIL/USDT,0.10916,0.11361,0.09759,0.10735,380248565,40050257.95423,163074
1621814400000,2021-05-24 00:00:00,ZIL/USDT,0.08686,0.10955,0.08413,0.10916,511692003,50564985.12765,196072
1621728000000,2021-05-23 00:00:00,ZIL/USDT,0.10458,0.11013,0.06903,0.08674,783331197,67645772.75324,281566
1621641600000,2021-05-22 00:00:00,ZIL/USDT,0.11399,0.11730,0.09802,0.10460,429118814,46392930.36126,193042
1621555200000,2021-05-21 00:00:00,ZIL/USDT,0.14318,0.14576,0.09729,0.11401,509334077,63229439.32164,258557
1621468800000,2021-05-20 00:00:00,ZIL/USDT,0.11053,0.14631,0.09893,0.14322,710016746,91086837.98197,328011
1621382400000,2021-05-19 00:00:00,ZIL/USDT,0.17531,0.17773,0.07217,0.11064,939264357,124343777.90067,465880
1621296000000,2021-05-18 00:00:00,ZIL/USDT,0.16928,0.18468,0.16667,0.17515,314872173,55668097.76517,193866
1621209600000,2021-05-17 00:00:00,ZIL/USDT,0.18291,0.18292,0.16168,0.16927,584292329,101504333.91737,244866
1621123200000,2021-05-16 00:00:00,ZIL/USDT,0.18516,0.20333,0.17218,0.18303,304563224,57783697.63903,239308
1621036800000,2021-05-15 00:00:00,ZIL/USDT,0.20063,0.20425,0.18320,0.18527,255522989,49309751.08556,205853
1620950400000,2021-05-14 00:00:00,ZIL/USDT,0.18557,0.20693,0.18471,0.20065,261584451,51213557.10845,200572
1620864000000,2021-05-13 00:00:00,ZIL/USDT,0.18055,0.19802,0.16825,0.18560,530836770,98604015.19806,289772
1620777600000,2021-05-12 00:00:00,ZIL/USDT,0.21971,0.22315,0.17600,0.18046,395798823,82020449.89749,249056
1620691200000,2021-05-11 00:00:00,ZIL/USDT,0.20745,0.22282,0.20189,0.21972,400292628,86283549.24348,225487
1620604800000,2021-05-10 00:00:00,ZIL/USDT,0.23547,0.25049,0.19287,0.20737,659062909,151361617.44998,388379
1620518400000,2021-05-09 00:00:00,ZIL/USDT,0.23467,0.24211,0.21659,0.23555,465705629,106450244.10141,288511
1620432000000,2021-05-08 00:00:00,ZIL/USDT,0.22584,0.24140,0.22303,0.23473,444300067,103155345.19638,283958
1620345600000,2021-05-07 00:00:00,ZIL/USDT,0.23379,0.24617,0.21910,0.22578,537099334,124253277.65515,343211
1620259200000,2021-05-06 00:00:00,ZIL/USDT,0.21203,0.25762,0.20757,0.23375,1063593025,253692669.23060,643884
1620172800000,2021-05-05 00:00:00,ZIL/USDT,0.19324,0.21792,0.19130,0.21204,330833122,68800236.87886,222758
1620086400000,2021-05-04 00:00:00,ZIL/USDT,0.21222,0.21239,0.19054,0.19335,462856053,93401438.28907,254448
1620000000000,2021-05-03 00:00:00,ZIL/USDT,0.20457,0.22526,0.20379,0.21217,436091893,93321664.55292,248971
1619913600000,2021-05-02 00:00:00,ZIL/USDT,0.21050,0.21118,0.19823,0.20457,215015326,43865575.29456,154379
1619827200000,2021-05-01 00:00:00,ZIL/USDT,0.20543,0.21740,0.20074,0.21045,342005755,71700155.96518,217209
1619740800000,2021-04-30 00:00:00,ZIL/USDT,0.19221,0.21035,0.18826,0.20542,305319866,61416429.30639,189811
1619654400000,2021-04-29 00:00:00,ZIL/USDT,0.19865,0.20267,0.18262,0.19226,370701227,71572989.31375,218470
1619568000000,2021-04-28 00:00:00,ZIL/USDT,0.21290,0.22408,0.18296,0.19862,837525951,165247789.85744,412538
1619481600000,2021-04-27 00:00:00,ZIL/USDT,0.16443,0.21644,0.16052,0.21286,1140332518,228050843.52546,555871
1619395200000,2021-04-26 00:00:00,ZIL/USDT,0.14129,0.16752,0.13957,0.16441,280070302,44335837.59504,190013
1619308800000,2021-04-25 00:00:00,ZIL/USDT,0.14340,0.15624,0.13270,0.14131,245074754,35588030.60375,160674
1619222400000,2021-04-24 00:00:00,ZIL/USDT,0.15920,0.15980,0.14232,0.14336,248077711,37313812.25493,164536
1619136000000,2021-04-23 00:00:00,ZIL/USDT,0.16177,0.16640,0.11492,0.15916,954476343,136214173.53294,432022
1619049600000,2021-04-22 00:00:00,ZIL/USDT,0.17596,0.19190,0.15706,0.16184,519794764,91517767.40554,294024
1618963200000,2021-04-21 00:00:00,ZIL/USDT,0.19253,0.19499,0.17458,0.17604,311058796,58017459.74595,211921
1618876800000,2021-04-20 00:00:00,ZIL/USDT,0.18111,0.19596,0.16339,0.19252,514336819,91994791.02050,291718
1618790400000,2021-04-19 00:00:00,ZIL/USDT,0.20193,0.20914,0.17760,0.18115,381642125,73934052.26873,247960
1618704000000,2021-04-18 00:00:00,ZIL/USDT,0.22069,0.22505,0.16959,0.20189,669016520,130170276.10268,397862
1618617600000,2021-04-17 00:00:00,ZIL/USDT,0.23730,0.25548,0.21542,0.22067,637159295,149467036.13011,407980
1618531200000,2021-04-16 00:00:00,ZIL/USDT,0.21629,0.24354,0.19520,0.23711,585877172,125804387.80559,374350
1618444800000,2021-04-15 00:00:00,ZIL/USDT,0.20051,0.22029,0.19700,0.21622,411282699,86040210.01960,265264
1618358400000,2021-04-14 00:00:00,ZIL/USDT,0.20350,0.20452,0.18804,0.20048,361833393,71767103.21815,242402
1618272000000,2021-04-13 00:00:00,ZIL/USDT,0.19688,0.20704,0.19170,0.20361,330126902,66061590.59981,213204
1618185600000,2021-04-12 00:00:00,ZIL/USDT,0.20517,0.20611,0.19350,0.19688,248798625,49554767.00503,172776
1618099200000,2021-04-11 00:00:00,ZIL/USDT,0.20852,0.21016,0.20166,0.20510,202955088,41619132.76675,158558
1618012800000,2021-04-10 00:00:00,ZIL/USDT,0.21964,0.22021,0.20240,0.20851,257495644,54323772.01085,198702
1617926400000,2021-04-09 00:00:00,ZIL/USDT,0.20644,0.22039,0.20013,0.21962,291542731,60921290.05041,220452
1617840000000,2021-04-08 00:00:00,ZIL/USDT,0.19138,0.20950,0.18959,0.20650,300736985,60949832.69587,227441
1617753600000,2021-04-07 00:00:00,ZIL/USDT,0.20564,0.20638,0.18168,0.19142,461523703,89246803.98347,309575
1617667200000,2021-04-06 00:00:00,ZIL/USDT,0.21251,0.22320,0.19371,0.20562,470221165,97995383.60516,313063
1617580800000,2021-04-05 00:00:00,ZIL/USDT,0.22241,0.22882,0.20721,0.21250,530154330,114340622.89724,380619
1617494400000,2021-04-04 00:00:00,ZIL/USDT,0.18175,0.22610,0.17846,0.22227,669780834,137693918.43813,426991
1617408000000,2021-04-03 00:00:00,ZIL/USDT,0.20312,0.20901,0.18020,0.18169,443611007,85898275.32707,304964
1617321600000,2021-04-02 00:00:00,ZIL/USDT,0.17770,0.21600,0.17631,0.20321,636651473,126114317.84050,403337
1617235200000,2021-04-01 00:00:00,ZIL/USDT,0.17689,0.18227,0.17100,0.17768,228212397,40476868.08171,174884
1617148800000,2021-03-31 00:00:00,ZIL/USDT,0.18377,0.18777,0.16677,0.17683,321982420,57092272.13264,223661
1617062400000,2021-03-30 00:00:00,ZIL/USDT,0.17828,0.18966,0.17400,0.18368,309656015,56222822.77417,210936
1616976000000,2021-03-29 00:00:00,ZIL/USDT,0.17178,0.18059,0.17026,0.17829,245449015,43430442.97583,195498
1616889600000,2021-03-28 00:00:00,ZIL/USDT,0.16711,0.17644,0.16340,0.17178,326111373,55421249.03752,216726
1616803200000,2021-03-27 00:00:00,ZIL/USDT,0.16719,0.17272,0.16008,0.16706,246037808,40970131.12748,191697
1616716800000,2021-03-26 00:00:00,ZIL/USDT,0.15401,0.16889,0.15400,0.16719,315285683,51555394.46365,203960
1616630400000,2021-03-25 00:00:00,ZIL/USDT,0.15682,0.16228,0.14627,0.15401,403652097,62350868.57360,272705
1616544000000,2021-03-24 00:00:00,ZIL/USDT,0.16655,0.18320,0.15000,0.15688,548123795,92860163.04285,323134
1616457600000,2021-03-23 00:00:00,ZIL/USDT,0.16170,0.16967,0.15431,0.16651,329594285,53881648.14647,235295
1616371200000,2021-03-22 00:00:00,ZIL/USDT,0.17491,0.18333,0.16023,0.16168,354448569,61414500.25732,238474
1616284800000,2021-03-21 00:00:00,ZIL/USDT,0.17119,0.17665,0.16545,0.17489,263579452,45308471.67333,190531
1616198400000,2021-03-20 00:00:00,ZIL/USDT,0.18409,0.19055,0.17064,0.17110,325233828,59376584.14556,201361
1616112000000,2021-03-19 00:00:00,ZIL/USDT,0.17936,0.19430,0.17335,0.18410,398628757,73463682.95733,251757
1616025600000,2021-03-18 00:00:00,ZIL/USDT,0.19713,0.20400,0.17538,0.17940,715697288,132380887.68796,416569
1615939200000,2021-03-17 00:00:00,ZIL/USDT,0.15535,0.20000,0.15130,0.19728,1386013311,251371786.88410,786012
1615852800000,2021-03-16 00:00:00,ZIL/USDT,0.16110,0.16652,0.14998,0.15534,399202306,62771411.13300,262507
1615766400000,2021-03-15 00:00:00,ZIL/USDT,0.16434,0.17426,0.14594,0.16114,522813434,83135225.78987,322425
1615680000000,2021-03-14 00:00:00,ZIL/USDT,0.18327,0.18829,0.16211,0.16435,444553524,76330180.65267,279890
1615593600000,2021-03-13 00:00:00,ZIL/USDT,0.16357,0.18442,0.15362,0.18309,606697823,103276843.10995,369929
1615507200000,2021-03-12 00:00:00,ZIL/USDT,0.17687,0.19795,0.15584,0.16357,1141621352,200082194.88703,619350
1615420800000,2021-03-11 00:00:00,ZIL/USDT,0.12762,0.18057,0.12761,0.17688,1637946504,251173360.57289,776448
1615334400000,2021-03-10 00:00:00,ZIL/USDT,0.13493,0.13574,0.12244,0.12763,365479184,46989309.76929,206889
1615248000000,2021-03-09 00:00:00,ZIL/USDT,0.12561,0.13600,0.12253,0.13493,385080620,49859746.67850,220254
1615161600000,2021-03-08 00:00:00,ZIL/USDT,0.11830,0.12788,0.11474,0.12563,302474020,36665465.31482,176863
1615075200000,2021-03-07 00:00:00,ZIL/USDT,0.11606,0.11962,0.11442,0.11824,151289902,17728605.48733,110411
1614988800000,2021-03-06 00:00:00,ZIL/USDT,0.11598,0.11856,0.11124,0.11602,144218156,16583477.10173,110079
1614902400000,2021-03-05 00:00:00,ZIL/USDT,0.11850,0.11865,0.10972,0.11593,204166511,23298017.27983,148041
1614816000000,2021-03-04 00:00:00,ZIL/USDT,0.12630,0.12889,0.11556,0.11849,356167935,43568089.99763,209048
1614729600000,2021-03-03 00:00:00,ZIL/USDT,0.11415,0.13093,0.11262,0.12632,331293589,40902086.03901,194570
1614643200000,2021-03-02 00:00:00,ZIL/USDT,0.11603,0.12000,0.10946,0.11414,249877016,28765298.76498,134328
1614556800000,2021-03-01 00:00:00,ZIL/USDT,0.10754,0.11868,0.10638,0.11604,225261033,25466586.19100,129496
1614470400000,2021-02-28 00:00:00,ZIL/USDT,0.11565,0.11651,0.09845,0.10756,282245462,29937907.35586,147769
1614384000000,2021-02-27 00:00:00,ZIL/USDT,0.10931,0.12088,0.10903,0.11563,244734697,28300749.83292,144350
1614297600000,2021-02-26 00:00:00,ZIL/USDT,0.10898,0.11585,0.10170,0.10932,321561929,35327608.09147,154620
1614211200000,2021-02-25 00:00:00,ZIL/USDT,0.11199,0.12510,0.10796,0.10894,331123039,39170308.42591,177543
1614124800000,2021-02-24 00:00:00,ZIL/USDT,0.10537,0.12317,0.09842,0.11194,544226035,61406211.97738,264480
1614038400000,2021-02-23 00:00:00,ZIL/USDT,0.12318,0.12441,0.07977,0.10531,813538368,82538733.68547,389659
1613952000000,2021-02-22 00:00:00,ZIL/USDT,0.13735,0.13996,0.09950,0.12327,609374822,75100151.36077,278897
1613865600000,2021-02-21 00:00:00,ZIL/USDT,0.13528,0.14306,0.13094,0.13725,350422187,48147389.02838,195228
1613779200000,2021-02-20 00:00:00,ZIL/USDT,0.14958,0.15705,0.12428,0.13518,638334516,92541718.83654,324195
1613692800000,2021-02-19 00:00:00,ZIL/USDT,0.13948,0.14980,0.12750,0.14952,450977022,61242109.73575,201623
1613606400000,2021-02-18 00:00:00,ZIL/USDT,0.13755,0.14599,0.13312,0.13941,384385735,53308238.44889,171682
1613520000000,2021-02-17 00:00:00,ZIL/USDT,0.13163,0.14014,0.12115,0.13741,390041900,50719813.74995,175971
1613433600000,2021-02-16 00:00:00,ZIL/USDT,0.13211,0.14058,0.12263,0.13177,471743764,61635710.35488,203929
1613347200000,2021-02-15 00:00:00,ZIL/USDT,0.13377,0.14702,0.10862,0.13201,854628179,110587042.95619,355452
1613260800000,2021-02-14 00:00:00,ZIL/USDT,0.14842,0.16011,0.12646,0.13368,730369705,104001687.63692,338134
1613174400000,2021-02-13 00:00:00,ZIL/USDT,0.11836,0.16125,0.11759,0.14832,1278922115,182180035.64443,604224
1613088000000,2021-02-12 00:00:00,ZIL/USDT,0.11589,0.12100,0.10710,0.11826,391549585,44638006.91441,187112
1613001600000,2021-02-11 00:00:00,ZIL/USDT,0.10427,0.12095,0.10339,0.11582,619497835,69257018.79052,266183
1612915200000,2021-02-10 00:00:00,ZIL/USDT,0.10520,0.11563,0.09066,0.10434,947811814,97680294.91963,359483
1612828800000,2021-02-09 00:00:00,ZIL/USDT,0.08008,0.10996,0.08004,0.10515,1058122159,99499420.66010,358839
1612742400000,2021-02-08 00:00:00,ZIL/USDT,0.07612,0.08282,0.07500,0.08011,377294728,30053529.49625,141900
1612656000000,2021-02-07 00:00:00,ZIL/USDT,0.07903,0.08164,0.07295,0.07612,339351779,26203602.80655,130345
1612569600000,2021-02-06 00:00:00,ZIL/USDT,0.08278,0.08340,0.07536,0.07902,376216046,29843268.08226,140723
1612483200000,2021-02-05 00:00:00,ZIL/USDT,0.07644,0.08611,0.07560,0.08279,622504783,50911109.38285,207605
1612396800000,2021-02-04 00:00:00,ZIL/USDT,0.07975,0.08091,0.07176,0.07642,409256879,31398001.03880,152198
1612310400000,2021-02-03 00:00:00,ZIL/USDT,0.07782,0.08375,0.07562,0.07979,503474135,40191512.24099,183235
1612224000000,2021-02-02 00:00:00,ZIL/USDT,0.07519,0.08191,0.07206,0.07779,555805631,43220729.74931,192192
1612137600000,2021-02-01 00:00:00,ZIL/USDT,0.06920,0.07759,0.06701,0.07524,516157983,37158242.41896,166113
1612051200000,2021-01-31 00:00:00,ZIL/USDT,0.07346,0.08154,0.06622,0.06923,700152921,51205790.50982,237305
1611964800000,2021-01-30 00:00:00,ZIL/USDT,0.06739,0.07900,0.06469,0.07340,695206113,50149590.58200,210149
1611878400000,2021-01-29 00:00:00,ZIL/USDT,0.06554,0.07162,0.06328,0.06740,499207405,33762030.63542,156477
1611792000000,2021-01-28 00:00:00,ZIL/USDT,0.06208,0.06790,0.06138,0.06551,250975862,16530358.62747,93535
1611705600000,2021-01-27 00:00:00,ZIL/USDT,0.06792,0.06837,0.06004,0.06206,308664430,19868603.59530,110794
1611619200000,2021-01-26 00:00:00,ZIL/USDT,0.06676,0.06861,0.06361,0.06793,285504787,18910990.77460,101696
1611532800000,2021-01-25 00:00:00,ZIL/USDT,0.06924,0.07223,0.06568,0.06674,271918232,18857434.09712,93922
1611446400000,2021-01-24 00:00:00,ZIL/USDT,0.06798,0.07288,0.06724,0.06920,306127712,21399358.27967,110405
1611360000000,2021-01-23 00:00:00,ZIL/USDT,0.06757,0.07057,0.06542,0.06801,283413550,19257737.78182,112894
1611273600000,2021-01-22 00:00:00,ZIL/USDT,0.06217,0.06974,0.05680,0.06757,386843203,24838514.99451,137484
1611187200000,2021-01-21 00:00:00,ZIL/USDT,0.07420,0.07495,0.06054,0.06222,393789953,26695859.56611,163555
1611100800000,2021-01-20 00:00:00,ZIL/USDT,0.07362,0.07563,0.06819,0.07420,456250222,32944910.14518,162079
1611014400000,2021-01-19 00:00:00,ZIL/USDT,0.07899,0.07958,0.07206,0.07362,444625084,34137690.64278,145063
1610928000000,2021-01-18 00:00:00,ZIL/USDT,0.07359,0.08150,0.07066,0.07899,729892318,56360808.21136,231928
1610841600000,2021-01-17 00:00:00,ZIL/USDT,0.07349,0.07962,0.06976,0.07357,641615397,47482683.77117,213757
1610755200000,2021-01-16 00:00:00,ZIL/USDT,0.06625,0.07626,0.06601,0.07350,677326530,48702942.50209,198242
1610668800000,2021-01-15 00:00:00,ZIL/USDT,0.06921,0.07040,0.06001,0.06625,484241808,32214281.91707,162903
1610582400000,2021-01-14 00:00:00,ZIL/USDT,0.07055,0.07260,0.06616,0.06921,563521347,39135305.89000,171161
1610496000000,2021-01-13 00:00:00,ZIL/USDT,0.06201,0.07230,0.05877,0.07055,456733218,29978772.56826,161852
1610409600000,2021-01-12 00:00:00,ZIL/USDT,0.06488,0.07093,0.05809,0.06201,598918976,38254272.00411,204406
1610323200000,2021-01-11 00:00:00,ZIL/USDT,0.07296,0.07338,0.05150,0.06487,1140765166,68946101.81637,370043
1610236800000,2021-01-10 00:00:00,ZIL/USDT,0.07614,0.08392,0.06713,0.07301,786970023,60241168.56623,252526
1610150400000,2021-01-09 00:00:00,ZIL/USDT,0.07338,0.08043,0.07113,0.07613,509865813,38545777.42004,167896
1610064000000,2021-01-08 00:00:00,ZIL/USDT,0.07603,0.07746,0.06794,0.07339,556115678,40843169.79110,204494
1609977600000,2021-01-07 00:00:00,ZIL/USDT,0.07811,0.08512,0.07038,0.07601,908157582,72724929.52636,288686
1609891200000,2021-01-06 00:00:00,ZIL/USDT,0.07038,0.08545,0.06975,0.07804,977390134,77356640.36670,280725
1609804800000,2021-01-05 00:00:00,ZIL/USDT,0.07008,0.07506,0.06540,0.07043,758827062,53618753.30179,215172
1609718400000,2021-01-04 00:00:00,ZIL/USDT,0.06809,0.07817,0.06632,0.07005,922130419,65928467.26223,289923
1609632000000,2021-01-03 00:00:00,ZIL/USDT,0.07227,0.07681,0.06479,0.06800,1135776166,79800990.40299,304084
1609545600000,2021-01-02 00:00:00,ZIL/USDT,0.07881,0.08100,0.07041,0.07226,539285032,41501180.91391,208406
1609459200000,2021-01-01 00:00:00,ZIL/USDT,0.08253,0.08870,0.07725,0.07883,706101501,58870176.10856,278837
1609372800000,2020-12-31 00:00:00,ZIL/USDT,0.07702,0.08555,0.07192,0.08251,853112019,66794343.12545,346450
1609286400000,2020-12-30 00:00:00,ZIL/USDT,0.08421,0.08460,0.07015,0.07704,983683176,75650309.28476,380385
1609200000000,2020-12-29 00:00:00,ZIL/USDT,0.08910,0.09066,0.07735,0.08423,799047894,66330764.42380,301734
1609113600000,2020-12-28 00:00:00,ZIL/USDT,0.07641,0.09300,0.07529,0.08910,1463974553,124950917.29876,466848
1609027200000,2020-12-27 00:00:00,ZIL/USDT,0.08651,0.09902,0.07340,0.07641,3281502376,287274488.06077,990950
1608940800000,2020-12-26 00:00:00,ZIL/USDT,0.06314,0.09330,0.06259,0.08651,2577644917,202212370.39285,705878
1608854400000,2020-12-25 00:00:00,ZIL/USDT,0.05914,0.06599,0.05760,0.06314,986563359,61479449.83972,269235
1608768000000,2020-12-24 00:00:00,ZIL/USDT,0.05705,0.06189,0.05021,0.05915,1432103151,80019556.26888,309638
1608681600000,2020-12-23 00:00:00,ZIL/USDT,0.05130,0.06502,0.05092,0.05705,2690279964,158595830.53349,602610
1608595200000,2020-12-22 00:00:00,ZIL/USDT,0.04937,0.05312,0.04474,0.05130,945617791,46908821.51221,213627
1608508800000,2020-12-21 00:00:00,ZIL/USDT,0.04624,0.05418,0.04549,0.04935,1758666275,87914626.94556,347948
1608422400000,2020-12-20 00:00:00,ZIL/USDT,0.05012,0.05388,0.04451,0.04626,1409595578,67584838.61280,244063
1608336000000,2020-12-19 00:00:00,ZIL/USDT,0.04373,0.05400,0.04362,0.05012,2557104386,126348047.52556,475467
1608249600000,2020-12-18 00:00:00,ZIL/USDT,0.03786,0.04485,0.03675,0.04373,1266810157,52821025.10771,201394
1608163200000,2020-12-17 00:00:00,ZIL/USDT,0.03924,0.04046,0.03661,0.03785,987574151,38002054.57423,166024
1608076800000,2020-12-16 00:00:00,ZIL/USDT,0.03501,0.03985,0.03410,0.03924,1393845423,52803219.37878,224243
1607990400000,2020-12-15 00:00:00,ZIL/USDT,0.03296,0.03562,0.03228,0.03499,518263742,17670282.29534,84151
1607904000000,2020-12-14 00:00:00,ZIL/USDT,0.03272,0.03318,0.03155,0.03296,228715120,7404163.40601,49379
1607817600000,2020-12-13 00:00:00,ZIL/USDT,0.03261,0.03396,0.03223,0.03273,354561087,11737138.97486,64249
1607731200000,2020-12-12 00:00:00,ZIL/USDT,0.02947,0.03310,0.02934,0.03263,363356559,11560130.61339,62678
1607644800000,2020-12-11 00:00:00,ZIL/USDT,0.03259,0.03280,0.02931,0.02946,742454579,23008570.27075,117459
1607558400000,2020-12-10 00:00:00,ZIL/USDT,0.03102,0.03356,0.02948,0.03259,636837219,20170816.80997,108317
1607472000000,2020-12-09 00:00:00,ZIL/USDT,0.03140,0.03246,0.02853,0.03104,586956579,18160700.11357,94027
1607385600000,2020-12-08 00:00:00,ZIL/USDT,0.03556,0.03561,0.03078,0.03140,775327118,25586063.20375,119221
1607299200000,2020-12-07 00:00:00,ZIL/USDT,0.03537,0.03656,0.03351,0.03557,784653822,27592878.54938,109628
1607212800000,2020-12-06 00:00:00,ZIL/USDT,0.03401,0.03572,0.03337,0.03536,902515558,31288082.98505,127453
1607126400000,2020-12-05 00:00:00,ZIL/USDT,0.02947,0.03454,0.02900,0.03402,612828027,20074372.74132,94583
1607040000000,2020-12-04 00:00:00,ZIL/USDT,0.03353,0.03479,0.02880,0.02947,793192915,24974081.28986,104932
1606953600000,2020-12-03 00:00:00,ZIL/USDT,0.03113,0.03396,0.03061,0.03353,616105351,20146599.86866,87186
1606867200000,2020-12-02 00:00:00,ZIL/USDT,0.02788,0.03333,0.02745,0.03114,876795813,27071800.19484,116598
1606780800000,2020-12-01 00:00:00,ZIL/USDT,0.02935,0.03141,0.02645,0.02791,873247488,25277031.92948,130324
1606694400000,2020-11-30 00:00:00,ZIL/USDT,0.02928,0.03090,0.02770,0.02933,795107583,23317030.89547,102717
1606608000000,2020-11-29 00:00:00,ZIL/USDT,0.02675,0.03069,0.02633,0.02927,918233421,26498931.92043,113936
1606521600000,2020-11-28 00:00:00,ZIL/USDT,0.02457,0.02841,0.02406,0.02676,763114143,20306600.46410,96165
1606435200000,2020-11-27 00:00:00,ZIL/USDT,0.02578,0.02674,0.02293,0.02455,620358752,15241392.66194,82751
1606348800000,2020-11-26 00:00:00,ZIL/USDT,0.02886,0.03244,0.02247,0.02578,2640399678,69711807.06092,355131
1606262400000,2020-11-25 00:00:00,ZIL/USDT,0.02546,0.03675,0.02499,0.02886,3406138321,107089405.05468,476666
1606176000000,2020-11-24 00:00:00,ZIL/USDT,0.02457,0.02592,0.02303,0.02546,1066111248,26213512.94785,119289
1606089600000,2020-11-23 00:00:00,ZIL/USDT,0.02266,0.02460,0.02221,0.02457,517672466,12051924.58482,54017
1606003200000,2020-11-22 00:00:00,ZIL/USDT,0.02374,0.02430,0.02120,0.02265,761429506,17339190.39429,91388
1605916800000,2020-11-21 00:00:00,ZIL/USDT,0.02250,0.02400,0.02218,0.02374,908364798,20998522.41692,109420
1605830400000,2020-11-20 00:00:00,ZIL/USDT,0.02115,0.02267,0.02096,0.02251,407006578,8893419.12616,57669
1605744000000,2020-11-19 00:00:00,ZIL/USDT,0.02176,0.02203,0.02077,0.02115,462518724,9924796.62500,64287
1605657600000,2020-11-18 00:00:00,ZIL/USDT,0.02291,0.02319,0.02059,0.02176,781051896,16815329.37913,93829
1605571200000,2020-11-17 00:00:00,ZIL/USDT,0.02194,0.02316,0.02131,0.02291,553922362,12321697.24893,72555
1605484800000,2020-11-16 00:00:00,ZIL/USDT,0.01985,0.02240,0.01960,0.02194,631539209,13390934.25905,84518
1605398400000,2020-11-15 00:00:00,ZIL/USDT,0.02016,0.02149,0.01914,0.01987,614688054,12595251.77696,77730
1605312000000,2020-11-14 00:00:00,ZIL/USDT,0.02026,0.02039,0.01945,0.02015,187807268,3742719.15924,50249
1605225600000,2020-11-13 00:00:00,ZIL/USDT,0.01919,0.02046,0.01918,0.02025,222242252,4441549.50182,45446
1605139200000,2020-11-12 00:00:00,ZIL/USDT,0.02014,0.02049,0.01902,0.01919,257543201,5078940.20343,39787
1605052800000,2020-11-11 00:00:00,ZIL/USDT,0.02014,0.02089,0.02003,0.02015,255158680,5200370.78277,37053
1604966400000,2020-11-10 00:00:00,ZIL/USDT,0.01933,0.02045,0.01904,0.02015,306426881,6122713.33678,40975
1604880000000,2020-11-09 00:00:00,ZIL/USDT,0.01922,0.01946,0.01852,0.01932,254154979,4830393.20894,35660
1604793600000,2020-11-08 00:00:00,ZIL/USDT,0.01844,0.01962,0.01822,0.01921,291595687,5557724.25838,37080
1604707200000,2020-11-07 00:00:00,ZIL/USDT,0.02048,0.02098,0.01759,0.01845,895716855,17338378.74295,82793
1604620800000,2020-11-06 00:00:00,ZIL/USDT,0.01883,0.02049,0.01857,0.02047,594527889,11566944.59645,65427
1604534400000,2020-11-05 00:00:00,ZIL/USDT,0.01748,0.01888,0.01747,0.01882,270985676,4946048.58118,41526
1604448000000,2020-11-04 00:00:00,ZIL/USDT,0.01739,0.01763,0.01670,0.01749,215033691,3692741.30137,35320
1604361600000,2020-11-03 00:00:00,ZIL/USDT,0.01719,0.01741,0.01655,0.01739,184471593,3140537.90425,33462
1604275200000,2020-11-02 00:00:00,ZIL/USDT,0.01791,0.01814,0.01709,0.01718,195864875,3450071.63237,36033
1604188800000,2020-11-01 00:00:00,ZIL/USDT,0.01764,0.01810,0.01742,0.01791,115516823,2049743.72979,33035
1604102400000,2020-10-31 00:00:00,ZIL/USDT,0.01749,0.01801,0.01731,0.01764,161157579,2841850.09321,37663
1604016000000,2020-10-30 00:00:00,ZIL/USDT,0.01754,0.01795,0.01660,0.01748,341589346,5873246.71848,36394
1603929600000,2020-10-29 00:00:00,ZIL/USDT,0.01773,0.01805,0.01730,0.01755,266326044,4716199.13066,34325
1603843200000,2020-10-28 00:00:00,ZIL/USDT,0.01860,0.01864,0.01737,0.01773,354496173,6370982.31336,41949
1603756800000,2020-10-27 00:00:00,ZIL/USDT,0.01832,0.01907,0.01824,0.01860,220976054,4104580.27655,29538
1603670400000,2020-10-26 00:00:00,ZIL/USDT,0.01895,0.01926,0.01801,0.01832,162203829,3031808.31320,23001
1603584000000,2020-10-25 00:00:00,ZIL/USDT,0.01945,0.01975,0.01885,0.01895,157284129,3039014.60931,23532
1603497600000,2020-10-24 00:00:00,ZIL/USDT,0.01973,0.02020,0.01925,0.01945,137698328,2716267.73036,23203
1603411200000,2020-10-23 00:00:00,ZIL/USDT,0.01950,0.02001,0.01908,0.01970,180777634,3538869.24819,34748
1603324800000,2020-10-22 00:00:00,ZIL/USDT,0.01858,0.01997,0.01851,0.01952,231753548,4475380.57764,27827
1603238400000,2020-10-21 00:00:00,ZIL/USDT,0.01827,0.01915,0.01814,0.01860,251178675,4683813.87370,25927
1603152000000,2020-10-20 00:00:00,ZIL/USDT,0.01971,0.02060,0.01795,0.01828,568831902,10988909.56494,46692
1603065600000,2020-10-19 00:00:00,ZIL/USDT,0.01842,0.01992,0.01773,0.01969,496631235,9483299.44177,52404
1602979200000,2020-10-18 00:00:00,ZIL/USDT,0.01809,0.01850,0.01802,0.01841,139539055,2550649.43181,17266
1602892800000,2020-10-17 00:00:00,ZIL/USDT,0.01800,0.01839,0.01774,0.01808,125983023,2279975.05580,14720
1602806400000,2020-10-16 00:00:00,ZIL/USDT,0.01861,0.01882,0.01720,0.01799,291785853,5228334.99696,29604
1602720000000,2020-10-15 00:00:00,ZIL/USDT,0.01898,0.01931,0.01833,0.01861,292936688,5513741.97274,29157
1602633600000,2020-10-14 00:00:00,ZIL/USDT,0.01999,0.02008,0.01823,0.01899,311425923,5923729.91619,30165
1602547200000,2020-10-13 00:00:00,ZIL/USDT,0.02026,0.02068,0.01963,0.01998,267003581,5361633.34954,23642
1602460800000,2020-10-12 00:00:00,ZIL/USDT,0.02056,0.02112,0.02005,0.02026,419306404,8662006.54814,49418
1602374400000,2020-10-11 00:00:00,ZIL/USDT,0.01978,0.02081,0.01931,0.02055,455864952,9158973.12539,51795
1602288000000,2020-10-10 00:00:00,ZIL/USDT,0.02016,0.02095,0.01930,0.01978,627144308,12582070.16100,56282
1602201600000,2020-10-09 00:00:00,ZIL/USDT,0.01922,0.02044,0.01848,0.02014,392179048,7660366.41326,45362
1602115200000,2020-10-08 00:00:00,ZIL/USDT,0.01882,0.01951,0.01751,0.01922,483410932,8982366.36663,50203
1602028800000,2020-10-07 00:00:00,ZIL/USDT,0.01818,0.01924,0.01742,0.01883,522848628,9537202.39735,47425
1601942400000,2020-10-06 00:00:00,ZIL/USDT,0.02066,0.02069,0.01773,0.01817,763792087,14683424.47610,80279
1601856000000,2020-10-05 00:00:00,ZIL/USDT,0.02118,0.02166,0.01996,0.02065,1108322946,22984382.00418,122230
1601769600000,2020-10-04 00:00:00,ZIL/USDT,0.01855,0.02142,0.01824,0.02118,942419931,18515175.40169,97469
1601683200000,2020-10-03 00:00:00,ZIL/USDT,0.01804,0.01962,0.01741,0.01855,594368720,11098969.69298,66141
1601596800000,2020-10-02 00:00:00,ZIL/USDT,0.01946,0.01960,0.01628,0.01803,1258667204,22511770.43182,137222
1601510400000,2020-10-01 00:00:00,ZIL/USDT,0.01954,0.02063,0.01806,0.01947,1512021183,29338898.48293,159858
1601424000000,2020-09-30 00:00:00,ZIL/USDT,0.01750,0.01990,0.01687,0.01955,1904367146,35214463.80297,195065
1601337600000,2020-09-29 00:00:00,ZIL/USDT,0.01511,0.01787,0.01501,0.01750,798665520,13295437.99934,81219
1601251200000,2020-09-28 00:00:00,ZIL/USDT,0.01552,0.01622,0.01501,0.01511,227693565,3590399.44944,25780
1601164800000,2020-09-27 00:00:00,ZIL/USDT,0.01634,0.01657,0.01507,0.01551,248182789,3869303.84220,27648
1601078400000,2020-09-26 00:00:00,ZIL/USDT,0.01595,0.01662,0.01580,0.01634,271833181,4411071.42944,29338
1600992000000,2020-09-25 00:00:00,ZIL/USDT,0.01462,0.01637,0.01438,0.01596,455724570,7000139.55423,52029
1600905600000,2020-09-24 00:00:00,ZIL/USDT,0.01388,0.01471,0.01357,0.01461,386660685,5457456.54170,37596
1600819200000,2020-09-23 00:00:00,ZIL/USDT,0.01415,0.01484,0.01291,0.01389,428121186,5960811.99068,43336
1600732800000,2020-09-22 00:00:00,ZIL/USDT,0.01378,0.01435,0.01341,0.01417,336644459,4702737.63832,37586
1600646400000,2020-09-21 00:00:00,ZIL/USDT,0.01572,0.01609,0.01266,0.01378,553564384,7849232.85094,64430
1600560000000,2020-09-20 00:00:00,ZIL/USDT,0.01689,0.01696,0.01521,0.01572,174821606,2798614.79874,25371
1600473600000,2020-09-19 00:00:00,ZIL/USDT,0.01706,0.01723,0.01644,0.01689,143419488,2416033.49400,20495
1600387200000,2020-09-18 00:00:00,ZIL/USDT,0.01664,0.01737,0.01642,0.01706,260022765,4401864.07504,33630
1600300800000,2020-09-17 00:00:00,ZIL/USDT,0.01686,0.01758,0.01614,0.01664,234269273,3915561.15964,29607
1600214400000,2020-09-16 00:00:00,ZIL/USDT,0.01566,0.01694,0.01507,0.01686,318873394,5208074.24243,41553
1600128000000,2020-09-15 00:00:00,ZIL/USDT,0.01677,0.01699,0.01558,0.01566,201734107,3267999.40846,27848
1600041600000,2020-09-14 00:00:00,ZIL/USDT,0.01669,0.01702,0.01613,0.01677,202677148,3362772.92636,27742
1599955200000,2020-09-13 00:00:00,ZIL/USDT,0.01782,0.01785,0.01602,0.01669,224002095,3787107.50449,29398
1599868800000,2020-09-12 00:00:00,ZIL/USDT,0.01726,0.01794,0.01687,0.01782,219669108,3818295.34361,29316
1599782400000,2020-09-11 00:00:00,ZIL/USDT,0.01731,0.01747,0.01650,0.01727,198738755,3393316.59222,27131
1599696000000,2020-09-10 00:00:00,ZIL/USDT,0.01648,0.01787,0.01645,0.01730,274746655,4735583.45786,32866
1599609600000,2020-09-09 00:00:00,ZIL/USDT,0.01556,0.01697,0.01524,0.01648,355206804,5811209.85483,47596
1599523200000,2020-09-08 00:00:00,ZIL/USDT,0.01532,0.01665,0.01464,0.01556,406211078,6268926.39358,41338
1599436800000,2020-09-07 00:00:00,ZIL/USDT,0.01528,0.01576,0.01395,0.01530,326706165,4871493.25588,35708
1599350400000,2020-09-06 00:00:00,ZIL/USDT,0.01494,0.01575,0.01389,0.01530,403555427,6046191.51317,41792
1599264000000,2020-09-05 00:00:00,ZIL/USDT,0.01658,0.01718,0.01322,0.01494,690721766,10557065.83146,77552
1599177600000,2020-09-04 00:00:00,ZIL/USDT,0.01585,0.01727,0.01499,0.01658,729874831,11917044.11377,84559
1599091200000,2020-09-03 00:00:00,ZIL/USDT,0.02038,0.02055,0.01419,0.01586,1014745273,18238571.54992,110273
1599004800000,2020-09-02 00:00:00,ZIL/USDT,0.02195,0.02259,0.01850,0.02038,680606799,13971287.23810,106897
1598918400000,2020-09-01 00:00:00,ZIL/USDT,0.02244,0.02334,0.02173,0.02194,572811144,12894223.15936,68722
1598832000000,2020-08-31 00:00:00,ZIL/USDT,0.02330,0.02447,0.02239,0.02244,818342364,19165947.65719,101269
1598745600000,2020-08-30 00:00:00,ZIL/USDT,0.02095,0.02336,0.02085,0.02329,485898119,10669880.26195,72081
1598659200000,2020-08-29 00:00:00,ZIL/USDT,0.02103,0.02143,0.02042,0.02096,205965445,4326709.21389,22488
1598572800000,2020-08-28 00:00:00,ZIL/USDT,0.02033,0.02123,0.01996,0.02103,265160130,5476925.42507,30602
1598486400000,2020-08-27 00:00:00,ZIL/USDT,0.02244,0.02249,0.01926,0.02030,397225116,8251827.09448,61166
1598400000000,2020-08-26 00:00:00,ZIL/USDT,0.02133,0.02260,0.02092,0.02244,402252367,8767761.86541,49937
1598313600000,2020-08-25 00:00:00,ZIL/USDT,0.02372,0.02418,0.02045,0.02133,575956627,12776736.89623,78231
1598227200000,2020-08-24 00:00:00,ZIL/USDT,0.02146,0.02440,0.02109,0.02372,544334694,12559194.84039,84766
1598140800000,2020-08-23 00:00:00,ZIL/USDT,0.02192,0.02230,0.02088,0.02145,294538584,6340087.58528,35464
1598054400000,2020-08-22 00:00:00,ZIL/USDT,0.02121,0.02210,0.02000,0.02193,539168250,11381776.59139,67595
1597968000000,2020-08-21 00:00:00,ZIL/USDT,0.02280,0.02483,0.02098,0.02119,729236692,16670140.14660,89342
1597881600000,2020-08-20 00:00:00,ZIL/USDT,0.02192,0.02321,0.02172,0.02280,337107470,7611185.00468,38671
1597795200000,2020-08-19 00:00:00,ZIL/USDT,0.02319,0.02398,0.02065,0.02190,893516621,19755701.03887,121155
1597708800000,2020-08-18 00:00:00,ZIL/USDT,0.02527,0.02589,0.02239,0.02319,623403967,15098342.85505,87284
1597622400000,2020-08-17 00:00:00,ZIL/USDT,0.02637,0.02703,0.02478,0.02522,591876528,15326720.12973,85845
1597536000000,2020-08-16 00:00:00,ZIL/USDT,0.02477,0.02750,0.02450,0.02636,762926354,19853050.79749,94572
1597449600000,2020-08-15 00:00:00,ZIL/USDT,0.02509,0.02562,0.02365,0.02477,436969812,10879985.69708,62402
1597363200000,2020-08-14 00:00:00,ZIL/USDT,0.02550,0.02660,0.02484,0.02506,565209823,14446111.02712,69113
1597276800000,2020-08-13 00:00:00,ZIL/USDT,0.02561,0.02740,0.02444,0.02551,884160066,23022835.79875,109436
1597190400000,2020-08-12 00:00:00,ZIL/USDT,0.02608,0.02690,0.02356,0.02556,784745025,19978733.56491,84651
1597104000000,2020-08-11 00:00:00,ZIL/USDT,0.02499,0.02856,0.02409,0.02608,1601399451,41910687.35423,176314
1597017600000,2020-08-10 00:00:00,ZIL/USDT,0.02522,0.02603,0.02281,0.02499,972624943,24031786.61138,93190
1596931200000,2020-08-09 00:00:00,ZIL/USDT,0.02612,0.02615,0.02336,0.02522,774872684,19154345.52808,70380
1596844800000,2020-08-08 00:00:00,ZIL/USDT,0.02188,0.02696,0.02142,0.02611,1633033715,40275658.58180,174401
1596758400000,2020-08-07 00:00:00,ZIL/USDT,0.02017,0.02278,0.02006,0.02184,1485390502,32042615.51000,139808
1596672000000,2020-08-06 00:00:00,ZIL/USDT,0.01964,0.02095,0.01933,0.02017,848923568,17200124.62393,77129
1596585600000,2020-08-05 00:00:00,ZIL/USDT,0.01846,0.01980,0.01814,0.01964,687599530,13078100.52463,66591
1596499200000,2020-08-04 00:00:00,ZIL/USDT,0.01760,0.01853,0.01759,0.01846,349246603,6296241.45774,28541
1596412800000,2020-08-03 00:00:00,ZIL/USDT,0.01786,0.01835,0.01737,0.01759,293032565,5259279.51353,26043
1596326400000,2020-08-02 00:00:00,ZIL/USDT,0.01869,0.01900,0.01400,0.01786,747856800,12799768.53459,69754
1596240000000,2020-08-01 00:00:00,ZIL/USDT,0.01801,0.01879,0.01796,0.01869,655285883,12075205.55124,51745
1596153600000,2020-07-31 00:00:00,ZIL/USDT,0.01820,0.01900,0.01785,0.01800,480893156,8877899.04703,38203
1596067200000,2020-07-30 00:00:00,ZIL/USDT,0.01768,0.01994,0.01750,0.01822,1114787863,21032342.95069,93494
1595980800000,2020-07-29 00:00:00,ZIL/USDT,0.01803,0.01850,0.01759,0.01768,456441848,8218282.34904,37981
1595894400000,2020-07-28 00:00:00,ZIL/USDT,0.01696,0.01806,0.01678,0.01801,471386593,8214219.20603,39183
1595808000000,2020-07-27 00:00:00,ZIL/USDT,0.01804,0.01810,0.01625,0.01697,862949085,14862118.81394,79344
1595721600000,2020-07-26 00:00:00,ZIL/USDT,0.01861,0.01871,0.01765,0.01804,345587410,6295653.80850,31194
1595635200000,2020-07-25 00:00:00,ZIL/USDT,0.01845,0.01877,0.01835,0.01861,317723144,5899237.44799,30004
1595548800000,2020-07-24 00:00:00,ZIL/USDT,0.01969,0.01969,0.01826,0.01846,366615190,6893939.47971,42363
1595462400000,2020-07-23 00:00:00,ZIL/USDT,0.01886,0.01977,0.01860,0.01967,524835154,10094125.21058,60403
1595376000000,2020-07-22 00:00:00,ZIL/USDT,0.01799,0.01888,0.01760,0.01885,395411577,7204108.41162,31628
1595289600000,2020-07-21 00:00:00,ZIL/USDT,0.01724,0.01825,0.01723,0.01799,424302237,7599241.99062,38420
1595203200000,2020-07-20 00:00:00,ZIL/USDT,0.01794,0.01803,0.01678,0.01726,354784078,6227297.76004,27941
1595116800000,2020-07-19 00:00:00,ZIL/USDT,0.01793,0.01826,0.01750,0.01793,333180887,5950272.41022,30072
1595030400000,2020-07-18 00:00:00,ZIL/USDT,0.01813,0.01826,0.01773,0.01792,202587754,3649603.77299,18304
1594944000000,2020-07-17 00:00:00,ZIL/USDT,0.01803,0.01859,0.01770,0.01812,340985074,6175833.81826,31264
1594857600000,2020-07-16 00:00:00,ZIL/USDT,0.01912,0.01914,0.01719,0.01804,680338720,12302954.60205,64623
1594771200000,2020-07-15 00:00:00,ZIL/USDT,0.01987,0.02012,0.01906,0.01912,275359012,5387777.01931,31020
1594684800000,2020-07-14 00:00:00,ZIL/USDT,0.02003,0.02017,0.01924,0.01988,288750348,5695513.26156,36691
1594598400000,2020-07-13 00:00:00,ZIL/USDT,0.01950,0.02098,0.01910,0.02006,565578413,11433373.61531,77642
1594512000000,2020-07-12 00:00:00,ZIL/USDT,0.02004,0.02015,0.01919,0.01949,206333466,4077132.62972,26649
1594425600000,2020-07-11 00:00:00,ZIL/USDT,0.01970,0.02047,0.01945,0.02003,405053412,8071497.32424,39482
1594339200000,2020-07-10 00:00:00,ZIL/USDT,0.01988,0.01998,0.01875,0.01970,416118568,8066762.62408,46653
1594252800000,2020-07-09 00:00:00,ZIL/USDT,0.02095,0.02103,0.01923,0.01988,651822550,13085229.05938,77095
1594166400000,2020-07-08 00:00:00,ZIL/USDT,0.02049,0.02143,0.02017,0.02095,766842912,15975719.40240,89921
1594080000000,2020-07-07 00:00:00,ZIL/USDT,0.01905,0.02090,0.01867,0.02049,987477518,19703080.94962,91636
1593993600000,2020-07-06 00:00:00,ZIL/USDT,0.01874,0.01940,0.01853,0.01903,536766934,10197527.22982,64343
1593907200000,2020-07-05 00:00:00,ZIL/USDT,0.01918,0.01948,0.01764,0.01874,958186139,17915241.78432,101812
1593820800000,2020-07-04 00:00:00,ZIL/USDT,0.01704,0.01959,0.01695,0.01920,1052672771,19586464.52335,118117
1593734400000,2020-07-03 00:00:00,ZIL/USDT,0.01734,0.01750,0.01667,0.01704,311397926,5336205.73781,49406
1593648000000,2020-07-02 00:00:00,ZIL/USDT,0.01742,0.01810,0.01652,0.01734,431822495,7529052.88877,55574
1593561600000,2020-07-01 00:00:00,ZIL/USDT,0.01741,0.01784,0.01696,0.01741,394297442,6856403.35052,58775
1593475200000,2020-06-30 00:00:00,ZIL/USDT,0.01800,0.01805,0.01721,0.01741,427343297,7568437.48763,56415
1593388800000,2020-06-29 00:00:00,ZIL/USDT,0.01794,0.01837,0.01690,0.01799,828402531,14547860.09381,126618
1593302400000,2020-06-28 00:00:00,ZIL/USDT,0.01580,0.01850,0.01570,0.01794,1411453566,24662136.35058,172774
1593216000000,2020-06-27 00:00:00,ZIL/USDT,0.01790,0.01793,0.01455,0.01580,888579264,14678956.05598,107328
1593129600000,2020-06-26 00:00:00,ZIL/USDT,0.01891,0.01904,0.01778,0.01789,468372549,8552490.73556,61161
1593043200000,2020-06-25 00:00:00,ZIL/USDT,0.01952,0.01977,0.01873,0.01891,341762955,6555737.62964,53967
1592956800000,2020-06-24 00:00:00,ZIL/USDT,0.01943,0.02050,0.01849,0.01953,643872599,12659634.86817,86639
1592870400000,2020-06-23 00:00:00,ZIL/USDT,0.02007,0.02028,0.01888,0.01943,497046487,9669929.86077,71210
1592784000000,2020-06-22 00:00:00,ZIL/USDT,0.01990,0.02060,0.01936,0.02006,650775513,12998670.74695,90221
1592697600000,2020-06-21 00:00:00,ZIL/USDT,0.01908,0.02097,0.01868,0.01990,1368315995,27568745.36189,139210
1592611200000,2020-06-20 00:00:00,ZIL/USDT,0.01871,0.01950,0.01755,0.01908,1069767141,19771042.94686,132506
1592524800000,2020-06-19 00:00:00,ZIL/USDT,0.02087,0.02190,0.01834,0.01871,829409796,16744076.24151,136598
1592438400000,2020-06-18 00:00:00,ZIL/USDT,0.02270,0.02270,0.02020,0.02084,565507291,12061323.28093,101112
