unix,date,symbol,open,high,low,close,Volume FIL,Volume USDT,tradecount
1658275200000,2022-07-20 00:00:00,FIL/USDT,6.05000000,6.06000000,5.92000000,5.99000000,134365.27000000,804425.87820000,1690
1658188800000,2022-07-19 00:00:00,FIL/USDT,5.94000000,6.27000000,5.65000000,6.04000000,8471456.61000000,50280204.14400000,91957
1658102400000,2022-07-18 00:00:00,FIL/USDT,5.69000000,6.15000000,5.62000000,5.94000000,7912736.66000000,46467825.69440000,93116
1658016000000,2022-07-17 00:00:00,FIL/USDT,5.40000000,5.98000000,5.36000000,5.68000000,6026073.74000000,34025053.05990000,78439
1657929600000,2022-07-16 00:00:00,FIL/USDT,5.23000000,5.45000000,5.16000000,5.39000000,2645929.39000000,14036594.82730000,31207
1657843200000,2022-07-15 00:00:00,FIL/USDT,5.36000000,5.46000000,5.20000000,5.23000000,3462156.29000000,18570017.92790000,40736
1657756800000,2022-07-14 00:00:00,FIL/USDT,5.29000000,5.42000000,5.16000000,5.36000000,3282763.85000000,17335646.13620000,37057
1657670400000,2022-07-13 00:00:00,FIL/USDT,5.08000000,5.32000000,5.00000000,5.29000000,4970121.70000000,25679548.53340000,58392
1657584000000,2022-07-12 00:00:00,FIL/USDT,5.20000000,5.29000000,5.05000000,5.08000000,2305642.57000000,11962150.20440000,34476
1657497600000,2022-07-11 00:00:00,FIL/USDT,5.50000000,5.50000000,5.14000000,5.19000000,2958980.23000000,15772967.29200000,40726
1657411200000,2022-07-10 00:00:00,FIL/USDT,5.79000000,5.80000000,5.43000000,5.49000000,2373369.88000000,13230924.47190000,34060
1657324800000,2022-07-09 00:00:00,FIL/USDT,5.73000000,5.90000000,5.68000000,5.79000000,2294724.30000000,13303208.16180000,32892
1657238400000,2022-07-08 00:00:00,FIL/USDT,5.80000000,5.93000000,5.57000000,5.74000000,3344501.44000000,19172401.84680000,41977
1657152000000,2022-07-07 00:00:00,FIL/USDT,5.56000000,5.87000000,5.53000000,5.80000000,3082124.48000000,17546032.82980000,38873
1657065600000,2022-07-06 00:00:00,FIL/USDT,5.49000000,5.67000000,5.42000000,5.56000000,3062328.05000000,16922595.75460000,40686
1656979200000,2022-07-05 00:00:00,FIL/USDT,5.56000000,5.64000000,5.31000000,5.49000000,3825419.06000000,20990456.55560000,47865
1656892800000,2022-07-04 00:00:00,FIL/USDT,5.30000000,5.61000000,5.21000000,5.55000000,3007206.69000000,16233512.68360000,41454
1656806400000,2022-07-03 00:00:00,FIL/USDT,5.33000000,5.40000000,5.19000000,5.30000000,1943201.24000000,10257556.89900000,31505
1656720000000,2022-07-02 00:00:00,FIL/USDT,5.34000000,5.40000000,5.21000000,5.34000000,1557650.01000000,8266461.50330000,25537
1656633600000,2022-07-01 00:00:00,FIL/USDT,5.40000000,5.56000000,5.23000000,5.35000000,4020007.23000000,21562871.77790000,55446
1656547200000,2022-06-30 00:00:00,FIL/USDT,5.46000000,5.51000000,5.08000000,5.40000000,3818364.89000000,20037966.15450000,55205
1656460800000,2022-06-29 00:00:00,FIL/USDT,5.51000000,5.60000000,5.36000000,5.46000000,3006934.64000000,16479778.45900000,46076
1656374400000,2022-06-28 00:00:00,FIL/USDT,5.78000000,5.97000000,5.43000000,5.51000000,3263512.76000000,18668194.56640000,47450
1656288000000,2022-06-27 00:00:00,FIL/USDT,5.82000000,6.11000000,5.65000000,5.78000000,3092687.50000000,18173480.91820000,48220
1656201600000,2022-06-26 00:00:00,FIL/USDT,6.08000000,6.35000000,5.80000000,5.82000000,3018711.73000000,18371097.42180000,48032
1656115200000,2022-06-25 00:00:00,FIL/USDT,6.12000000,6.30000000,5.85000000,6.08000000,2674292.51000000,16232820.30470000,43350
1656028800000,2022-06-24 00:00:00,FIL/USDT,5.80000000,6.30000000,5.75000000,6.12000000,3575388.56000000,21413823.74740000,53840
1655942400000,2022-06-23 00:00:00,FIL/USDT,5.52000000,5.92000000,5.51000000,5.79000000,2887753.32000000,16585928.49190000,48317
1655856000000,2022-06-22 00:00:00,FIL/USDT,5.96000000,5.98000000,5.44000000,5.52000000,4202505.22000000,23756511.62260000,65850
1655769600000,2022-06-21 00:00:00,FIL/USDT,5.46000000,6.40000000,5.40000000,5.96000000,6135130.70000000,36455635.66830000,98448
1655683200000,2022-06-20 00:00:00,FIL/USDT,5.49000000,5.69000000,5.29000000,5.45000000,2880741.22000000,15773928.85560000,53688
1655596800000,2022-06-19 00:00:00,FIL/USDT,5.12000000,5.55000000,4.98000000,5.49000000,3494280.74000000,18340500.34430000,58669
1655510400000,2022-06-18 00:00:00,FIL/USDT,5.35000000,5.43000000,4.80000000,5.11000000,4388092.61000000,22365635.75800000,70328
1655424000000,2022-06-17 00:00:00,FIL/USDT,5.31000000,5.48000000,5.29000000,5.34000000,2055490.08000000,11067586.32340000,35113
1655337600000,2022-06-16 00:00:00,FIL/USDT,5.88000000,5.94000000,5.21000000,5.31000000,3476778.70000000,19207527.32600000,63129
1655251200000,2022-06-15 00:00:00,FIL/USDT,5.47000000,5.88000000,5.07000000,5.87000000,5341711.49000000,28649537.63720000,86745
1655164800000,2022-06-14 00:00:00,FIL/USDT,5.34000000,5.72000000,5.00000000,5.48000000,5068371.80000000,27508826.73930000,84064
1655078400000,2022-06-13 00:00:00,FIL/USDT,5.68000000,5.83000000,5.13000000,5.33000000,5581839.67000000,29986223.36620000,91949
1654992000000,2022-06-12 00:00:00,FIL/USDT,6.11000000,6.18000000,5.59000000,5.68000000,3637216.55000000,21398449.00500000,62592
1654905600000,2022-06-11 00:00:00,FIL/USDT,6.83000000,6.91000000,6.06000000,6.10000000,3314902.56000000,21283276.24390000,54095
1654819200000,2022-06-10 00:00:00,FIL/USDT,7.23000000,7.25000000,6.73000000,6.82000000,2494125.48000000,17455196.44530000,44802
1654732800000,2022-06-09 00:00:00,FIL/USDT,7.18000000,7.34000000,7.07000000,7.23000000,1750157.70000000,12631706.22970000,32326
1654646400000,2022-06-08 00:00:00,FIL/USDT,7.33000000,7.46000000,7.14000000,7.18000000,2478373.56000000,18044847.08000000,45926
1654560000000,2022-06-07 00:00:00,FIL/USDT,7.57000000,7.66000000,7.00000000,7.33000000,3626181.83000000,26464878.14330000,62265
1654473600000,2022-06-06 00:00:00,FIL/USDT,7.37000000,7.88000000,7.36000000,7.57000000,2421738.05000000,18503268.98730000,50036
1654387200000,2022-06-05 00:00:00,FIL/USDT,7.47000000,7.56000000,7.26000000,7.36000000,1308336.44000000,9693545.13870000,26821
1654300800000,2022-06-04 00:00:00,FIL/USDT,7.39000000,7.52000000,7.21000000,7.46000000,1090720.95000000,8038184.31790000,25666
1654214400000,2022-06-03 00:00:00,FIL/USDT,7.74000000,7.76000000,7.25000000,7.39000000,1948193.92000000,14541555.80020000,39526
1654128000000,2022-06-02 00:00:00,FIL/USDT,7.44000000,7.82000000,7.31000000,7.73000000,2481959.54000000,18659905.54470000,45988
1654041600000,2022-06-01 00:00:00,FIL/USDT,8.09000000,8.18000000,7.31000000,7.44000000,3823620.28000000,29868823.65560000,68052
1653955200000,2022-05-31 00:00:00,FIL/USDT,8.22000000,8.36000000,7.82000000,8.09000000,3792658.43000000,30707699.83120000,63875
1653868800000,2022-05-30 00:00:00,FIL/USDT,7.62000000,8.31000000,7.55000000,8.21000000,3508844.95000000,27978252.28270000,63431
1653782400000,2022-05-29 00:00:00,FIL/USDT,7.54000000,7.98000000,7.33000000,7.62000000,2006221.05000000,15159225.20930000,36789
1653696000000,2022-05-28 00:00:00,FIL/USDT,7.23000000,7.60000000,7.16000000,7.53000000,2022609.43000000,14943619.69370000,35722
1653609600000,2022-05-27 00:00:00,FIL/USDT,7.63000000,7.74000000,7.14000000,7.23000000,3953282.63000000,29461509.65910000,72829
1653523200000,2022-05-26 00:00:00,FIL/USDT,8.18000000,8.29000000,7.32000000,7.63000000,4330184.59000000,33729344.39460000,86885
1653436800000,2022-05-25 00:00:00,FIL/USDT,8.42000000,8.60000000,8.07000000,8.17000000,3461938.99000000,28714293.04790000,67296
1653350400000,2022-05-24 00:00:00,FIL/USDT,8.17000000,8.54000000,8.03000000,8.42000000,3915025.88000000,32612769.91110000,81327
1653264000000,2022-05-23 00:00:00,FIL/USDT,8.45000000,9.50000000,8.02000000,8.17000000,5622194.83000000,49134219.55840000,130839
1653177600000,2022-05-22 00:00:00,FIL/USDT,8.17000000,8.51000000,8.02000000,8.45000000,1814799.70000000,15064132.75250000,43541
1653091200000,2022-05-21 00:00:00,FIL/USDT,7.93000000,8.34000000,7.75000000,8.17000000,1865572.25000000,15010236.46220000,44115
1653004800000,2022-05-20 00:00:00,FIL/USDT,8.21000000,8.34000000,7.68000000,7.93000000,2228052.49000000,17978517.66940000,58902
1652918400000,2022-05-19 00:00:00,FIL/USDT,7.61000000,8.31000000,7.38000000,8.21000000,3622523.24000000,28526242.28000000,87769
1652832000000,2022-05-18 00:00:00,FIL/USDT,8.57000000,8.72000000,7.48000000,7.61000000,3188987.76000000,25735799.64560000,80073
1652745600000,2022-05-17 00:00:00,FIL/USDT,8.31000000,8.90000000,8.19000000,8.58000000,3046085.88000000,26037790.13130000,73865
1652659200000,2022-05-16 00:00:00,FIL/USDT,9.17000000,9.17000000,8.20000000,8.30000000,3268099.78000000,27815906.94830000,82837
1652572800000,2022-05-15 00:00:00,FIL/USDT,8.82000000,9.27000000,8.47000000,9.16000000,3149996.92000000,27740331.65150000,79640
1652486400000,2022-05-14 00:00:00,FIL/USDT,8.74000000,9.12000000,8.03000000,8.81000000,4254444.55000000,36545241.21150000,106378
1652400000000,2022-05-13 00:00:00,FIL/USDT,8.11000000,9.48000000,7.88000000,8.75000000,8475641.13000000,74428031.35920000,193299
1652313600000,2022-05-12 00:00:00,FIL/USDT,8.60000000,9.06000000,6.71000000,8.11000000,14215691.57000000,111143320.74960000,368620
1652227200000,2022-05-11 00:00:00,FIL/USDT,11.37000000,12.00000000,8.18000000,8.62000000,13342419.80000000,132094341.90205800,363175
1652140800000,2022-05-10 00:00:00,FIL/USDT,11.01000000,13.01000000,10.53000000,11.36000000,8908463.45000000,103636010.11940000,241186
1652054400000,2022-05-09 00:00:00,FIL/USDT,13.11000000,13.30000000,10.80000000,11.02000000,7985764.11000000,96271323.93510000,207417
1651968000000,2022-05-08 00:00:00,FIL/USDT,13.25000000,13.45000000,12.85000000,13.10000000,4180899.03000000,54943003.24210000,99252
1651881600000,2022-05-07 00:00:00,FIL/USDT,13.87000000,13.94000000,12.80000000,13.25000000,2971261.38000000,40285663.33170000,85800
1651795200000,2022-05-06 00:00:00,FIL/USDT,13.98000000,14.18000000,13.35000000,13.87000000,3793650.69000000,52186350.42560000,114584
1651708800000,2022-05-05 00:00:00,FIL/USDT,15.73000000,15.87000000,13.31000000,13.99000000,6707379.77000000,96878286.18000000,201872
1651622400000,2022-05-04 00:00:00,FIL/USDT,14.63000000,15.96000000,14.55000000,15.72000000,3867380.04000000,58186062.53600000,103663
1651536000000,2022-05-03 00:00:00,FIL/USDT,14.62000000,14.98000000,14.23000000,14.62000000,2628147.41000000,38578087.48830000,67536
1651449600000,2022-05-02 00:00:00,FIL/USDT,15.12000000,15.29000000,14.11000000,14.62000000,3993551.58000000,59254069.61920000,108957
1651363200000,2022-05-01 00:00:00,FIL/USDT,14.24000000,15.68000000,13.87000000,15.12000000,8518793.72000000,125735217.75050000,208949
1651276800000,2022-04-30 00:00:00,FIL/USDT,17.32000000,18.04000000,11.85000000,14.23000000,8392214.10000000,127488690.82590000,235606
1651190400000,2022-04-29 00:00:00,FIL/USDT,18.09000000,18.20000000,17.00000000,17.31000000,2764164.60000000,48335744.05690000,90301
1651104000000,2022-04-28 00:00:00,FIL/USDT,17.71000000,18.51000000,17.49000000,18.09000000,2689342.43000000,48215655.10700000,95870
1651017600000,2022-04-27 00:00:00,FIL/USDT,17.30000000,18.02000000,17.22000000,17.70000000,1893732.32000000,33447580.96710000,72349
1650931200000,2022-04-26 00:00:00,FIL/USDT,18.64000000,18.77000000,17.00000000,17.29000000,2774561.76000000,50011198.01140000,97349
1650844800000,2022-04-25 00:00:00,FIL/USDT,18.92000000,18.95000000,17.44000000,18.63000000,3841968.33000000,69688218.97560000,130477
1650758400000,2022-04-24 00:00:00,FIL/USDT,18.93000000,19.39000000,18.64000000,18.91000000,1815747.38000000,34533265.34100000,69996
1650672000000,2022-04-23 00:00:00,FIL/USDT,19.30000000,19.57000000,18.78000000,18.93000000,2218729.45000000,42567980.00640000,75360
1650585600000,2022-04-22 00:00:00,FIL/USDT,18.85000000,19.52000000,18.70000000,19.29000000,2858403.97000000,54489852.38410000,102008
1650499200000,2022-04-21 00:00:00,FIL/USDT,19.61000000,20.26000000,18.50000000,18.85000000,3825308.00000000,75066390.64760000,141517
1650412800000,2022-04-20 00:00:00,FIL/USDT,20.42000000,20.72000000,19.38000000,19.61000000,3597326.57000000,72064771.72590000,123915
1650326400000,2022-04-19 00:00:00,FIL/USDT,19.63000000,21.17000000,19.38000000,20.42000000,3645269.28000000,73372954.20210000,138117
1650240000000,2022-04-18 00:00:00,FIL/USDT,19.70000000,19.94000000,18.43000000,19.63000000,3998429.03000000,76696274.01030000,173187
1650153600000,2022-04-17 00:00:00,FIL/USDT,21.67000000,21.80000000,19.56000000,19.70000000,4512968.88000000,94162460.68670000,184486
1650067200000,2022-04-16 00:00:00,FIL/USDT,19.05000000,22.15000000,18.86000000,21.66000000,3587451.86000000,73355848.68600000,158540
1649980800000,2022-04-15 00:00:00,FIL/USDT,18.69000000,19.21000000,18.66000000,19.05000000,1268736.26000000,24057042.12610000,60221
1649894400000,2022-04-14 00:00:00,FIL/USDT,19.41000000,19.79000000,18.45000000,18.68000000,1927347.81000000,36881312.90620000,81064
1649808000000,2022-04-13 00:00:00,FIL/USDT,19.45000000,19.58000000,18.73000000,19.40000000,1806692.16000000,34802916.62970000,78731
1649721600000,2022-04-12 00:00:00,FIL/USDT,18.31000000,19.71000000,18.27000000,19.45000000,2974722.99000000,56532197.37530000,121940
1649635200000,2022-04-11 00:00:00,FIL/USDT,21.02000000,21.07000000,18.00000000,18.31000000,3817296.03000000,73966299.09930000,152681
1649548800000,2022-04-10 00:00:00,FIL/USDT,21.71000000,21.85000000,20.81000000,21.02000000,1593516.59000000,34139886.52580000,63228
1649462400000,2022-04-09 00:00:00,FIL/USDT,21.30000000,21.75000000,21.15000000,21.72000000,1550621.07000000,33330713.95640000,61469
1649376000000,2022-04-08 00:00:00,FIL/USDT,22.47000000,22.94000000,21.00000000,21.31000000,3529234.59000000,78073913.07830000,133718
1649289600000,2022-04-07 00:00:00,FIL/USDT,21.75000000,22.70000000,21.42000000,22.47000000,3415609.24000000,75686389.72770000,129435
1649203200000,2022-04-06 00:00:00,FIL/USDT,24.89000000,24.90000000,21.54000000,21.75000000,5895792.15000000,139002676.17730000,251844
1649116800000,2022-04-05 00:00:00,FIL/USDT,25.26000000,26.57000000,24.51000000,24.88000000,6633568.72000000,170086807.59470000,286803
1649030400000,2022-04-04 00:00:00,FIL/USDT,25.43000000,25.77000000,23.65000000,25.25000000,4759506.64000000,118712358.06340000,202782
1648944000000,2022-04-03 00:00:00,FIL/USDT,23.94000000,25.89000000,23.60000000,25.43000000,3885301.71000000,96392083.02080000,163774
1648857600000,2022-04-02 00:00:00,FIL/USDT,25.52000000,26.76000000,23.75000000,23.94000000,4579299.81000000,115989755.89690000,217890
1648771200000,2022-04-01 00:00:00,FIL/USDT,24.46000000,26.16000000,22.89000000,25.53000000,6112821.89000000,147611402.26070000,261972
1648684800000,2022-03-31 00:00:00,FIL/USDT,25.90000000,27.55000000,24.05000000,24.45000000,6640586.86000000,169309617.33760000,293187
1648598400000,2022-03-30 00:00:00,FIL/USDT,26.36000000,26.60000000,24.70000000,25.90000000,5743426.76000000,148219286.38850000,265427
1648512000000,2022-03-29 00:00:00,FIL/USDT,25.31000000,28.15000000,24.88000000,26.36000000,10608415.13000000,280847646.09660000,503808
1648425600000,2022-03-28 00:00:00,FIL/USDT,23.69000000,27.85000000,23.45000000,25.31000000,16392389.06000000,413944676.51600000,770426
1648339200000,2022-03-27 00:00:00,FIL/USDT,19.43000000,24.10000000,18.92000000,23.70000000,7884627.76000000,169033071.84440000,337753
1648252800000,2022-03-26 00:00:00,FIL/USDT,18.84000000,19.45000000,18.63000000,19.43000000,1333797.04000000,25290348.80030000,54524
1648166400000,2022-03-25 00:00:00,FIL/USDT,19.60000000,19.69000000,18.36000000,18.84000000,2369371.20000000,45458368.05570000,92760
1648080000000,2022-03-24 00:00:00,FIL/USDT,19.33000000,19.83000000,18.90000000,19.61000000,3115234.95000000,60399816.49100000,116598
1647993600000,2022-03-23 00:00:00,FIL/USDT,18.30000000,19.64000000,18.28000000,19.33000000,3646378.01000000,69518697.48670000,137193
1647907200000,2022-03-22 00:00:00,FIL/USDT,17.83000000,18.70000000,17.75000000,18.30000000,2249679.19000000,41187566.98000000,89352
1647820800000,2022-03-21 00:00:00,FIL/USDT,17.65000000,17.99000000,17.34000000,17.83000000,1424116.17000000,25257495.00360000,53527
1647734400000,2022-03-20 00:00:00,FIL/USDT,18.22000000,18.29000000,17.21000000,17.64000000,1600180.37000000,28479496.75980000,61752
1647648000000,2022-03-19 00:00:00,FIL/USDT,17.61000000,18.40000000,17.56000000,18.21000000,1890958.07000000,34076001.12000000,76681
1647561600000,2022-03-18 00:00:00,FIL/USDT,17.44000000,17.84000000,17.08000000,17.61000000,1319665.72000000,22956526.92800000,47922
1647475200000,2022-03-17 00:00:00,FIL/USDT,17.43000000,17.80000000,17.23000000,17.43000000,1211744.76000000,21209450.74760000,43770
1647388800000,2022-03-16 00:00:00,FIL/USDT,16.81000000,17.50000000,16.73000000,17.42000000,1913267.23000000,32700661.09100000,72786
1647302400000,2022-03-15 00:00:00,FIL/USDT,17.46000000,17.51000000,16.50000000,16.80000000,1609681.89000000,27162021.27460000,63844
1647216000000,2022-03-14 00:00:00,FIL/USDT,17.25000000,17.70000000,17.06000000,17.46000000,1038261.16000000,18027382.46040000,43129
1647129600000,2022-03-13 00:00:00,FIL/USDT,17.72000000,18.07000000,17.03000000,17.24000000,1002205.46000000,17705076.29270000,43587
1647043200000,2022-03-12 00:00:00,FIL/USDT,17.37000000,19.38000000,17.33000000,17.71000000,1691759.90000000,30574764.77110000,76122
1646956800000,2022-03-11 00:00:00,FIL/USDT,17.90000000,18.06000000,17.16000000,17.37000000,1238992.44000000,21823244.15690000,54855
1646870400000,2022-03-10 00:00:00,FIL/USDT,18.83000000,18.87000000,17.31000000,17.89000000,1863671.05000000,33327336.84810000,87169
1646784000000,2022-03-09 00:00:00,FIL/USDT,18.03000000,19.28000000,17.96000000,18.82000000,1976844.49000000,36929514.70660000,76603
1646697600000,2022-03-08 00:00:00,FIL/USDT,17.83000000,18.33000000,17.67000000,18.03000000,1666545.81000000,30028488.97520000,63265
1646611200000,2022-03-07 00:00:00,FIL/USDT,18.46000000,18.91000000,17.11000000,17.82000000,2504046.92000000,45229818.87970000,98757
1646524800000,2022-03-06 00:00:00,FIL/USDT,19.09000000,19.29000000,18.33000000,18.45000000,1250798.80000000,23479213.81700000,49803
1646438400000,2022-03-05 00:00:00,FIL/USDT,18.82000000,19.23000000,18.25000000,19.09000000,1158437.18000000,21817127.60060000,50057
1646352000000,2022-03-04 00:00:00,FIL/USDT,20.13000000,20.30000000,18.47000000,18.81000000,2447686.82000000,47456432.76340000,98036
1646265600000,2022-03-03 00:00:00,FIL/USDT,20.75000000,20.97000000,19.54000000,20.13000000,1793049.50000000,36227681.31810000,71796
1646179200000,2022-03-02 00:00:00,FIL/USDT,20.97000000,21.68000000,20.20000000,20.74000000,2787048.44000000,58425429.19380000,135922
1646092800000,2022-03-01 00:00:00,FIL/USDT,21.70000000,22.28000000,20.52000000,20.96000000,3582499.02000000,76446367.69300000,148419
1646006400000,2022-02-28 00:00:00,FIL/USDT,20.37000000,21.94000000,19.70000000,21.70000000,4320671.67000000,89282936.30430000,178738
1645920000000,2022-02-27 00:00:00,FIL/USDT,19.06000000,21.35000000,18.40000000,20.36000000,4526069.09000000,91200112.81590000,201152
1645833600000,2022-02-26 00:00:00,FIL/USDT,18.93000000,19.47000000,18.53000000,19.06000000,1707971.22000000,32531896.63780000,72428
1645747200000,2022-02-25 00:00:00,FIL/USDT,18.43000000,19.21000000,18.10000000,18.93000000,2213789.51000000,41182164.71740000,99781
1645660800000,2022-02-24 00:00:00,FIL/USDT,18.45000000,18.87000000,16.73000000,18.43000000,4737448.72000000,83036873.28330000,201103
1645574400000,2022-02-23 00:00:00,FIL/USDT,19.18000000,19.61000000,18.41000000,18.45000000,2192827.20000000,41880265.43530000,84385
1645488000000,2022-02-22 00:00:00,FIL/USDT,18.63000000,19.25000000,18.05000000,19.17000000,3201322.13000000,59891084.98920000,111492
1645401600000,2022-02-21 00:00:00,FIL/USDT,19.80000000,20.48000000,18.51000000,18.63000000,3334156.89000000,65427976.28570000,123163
1645315200000,2022-02-20 00:00:00,FIL/USDT,20.81000000,20.86000000,19.34000000,19.79000000,2401819.34000000,47796239.49730000,92373
1645228800000,2022-02-19 00:00:00,FIL/USDT,21.03000000,21.27000000,20.07000000,20.81000000,2119259.88000000,43877706.46090000,84699
1645142400000,2022-02-18 00:00:00,FIL/USDT,20.54000000,21.37000000,20.13000000,21.02000000,3412814.47000000,70771588.89330000,138358
1645056000000,2022-02-17 00:00:00,FIL/USDT,23.06000000,23.40000000,20.17000000,20.53000000,4408599.82000000,96911650.39010000,176511
1644969600000,2022-02-16 00:00:00,FIL/USDT,22.35000000,23.58000000,21.51000000,23.06000000,3510522.27000000,79011138.41740000,152483
1644883200000,2022-02-15 00:00:00,FIL/USDT,20.72000000,22.53000000,20.66000000,22.35000000,2335274.44000000,50617490.06600000,96231
1644796800000,2022-02-14 00:00:00,FIL/USDT,20.57000000,21.08000000,19.92000000,20.71000000,2057462.28000000,41989014.62970000,88196
1644710400000,2022-02-13 00:00:00,FIL/USDT,20.88000000,21.20000000,20.42000000,20.57000000,1680580.40000000,35004736.47170000,75591
1644624000000,2022-02-12 00:00:00,FIL/USDT,21.09000000,21.39000000,20.28000000,20.87000000,2753205.02000000,57458889.84690000,122628
1644537600000,2022-02-11 00:00:00,FIL/USDT,23.15000000,23.39000000,20.83000000,21.10000000,2941348.76000000,66571623.22300000,133977
1644451200000,2022-02-10 00:00:00,FIL/USDT,24.29000000,24.79000000,22.80000000,23.14000000,4351076.00000000,103618680.79370000,196178
1644364800000,2022-02-09 00:00:00,FIL/USDT,24.63000000,24.85000000,23.43000000,24.29000000,3145848.53000000,75808111.29410000,145731
1644278400000,2022-02-08 00:00:00,FIL/USDT,24.51000000,26.68000000,23.12000000,24.62000000,6014022.03290000,147419055.88340000,280545
1644192000000,2022-02-07 00:00:00,FIL/USDT,22.45000000,24.75000000,22.05000000,24.52000000,4295778.18000000,100480563.19170000,181859
1644105600000,2022-02-06 00:00:00,FIL/USDT,21.99000000,22.64000000,21.56000000,22.45000000,2376103.68000000,52535487.05560000,100414
1644019200000,2022-02-05 00:00:00,FIL/USDT,21.63000000,22.81000000,21.35000000,21.98000000,2422547.38000000,53495875.72480000,116758
1643932800000,2022-02-04 00:00:00,FIL/USDT,20.35000000,21.72000000,20.19000000,21.62000000,3257469.49000000,68067166.39470000,124428
1643846400000,2022-02-03 00:00:00,FIL/USDT,20.18000000,20.57000000,19.54000000,20.35000000,2225800.31000000,44711769.55160000,107417
1643760000000,2022-02-02 00:00:00,FIL/USDT,20.90000000,21.45000000,19.95000000,20.17000000,2902063.46000000,60019857.40120000,139615
1643673600000,2022-02-01 00:00:00,FIL/USDT,21.29000000,21.59000000,20.58000000,20.89000000,1989948.26000000,41921754.70670000,117886
1643587200000,2022-01-31 00:00:00,FIL/USDT,19.82000000,21.90000000,18.97000000,21.29000000,3160362.28000000,64166254.60220000,167772
1643500800000,2022-01-30 00:00:00,FIL/USDT,20.28000000,20.88000000,19.47000000,19.82000000,2320536.98000000,46891501.74460000,126509
1643414400000,2022-01-29 00:00:00,FIL/USDT,19.61000000,20.78000000,19.37000000,20.28000000,3073353.32000000,62042363.22780000,164280
1643328000000,2022-01-28 00:00:00,FIL/USDT,19.20000000,19.85000000,18.50000000,19.61000000,3466445.34000000,66182227.44110000,179390
1643241600000,2022-01-27 00:00:00,FIL/USDT,19.27000000,19.99000000,18.07000000,19.20000000,4062372.75000000,76828307.99560000,213632
1643155200000,2022-01-26 00:00:00,FIL/USDT,18.16000000,20.43000000,18.00000000,19.27000000,5235012.48000000,100150589.65320000,252094
1643068800000,2022-01-25 00:00:00,FIL/USDT,18.41000000,18.56000000,17.72000000,18.15000000,3342227.41000000,60575251.70380000,160780
1642982400000,2022-01-24 00:00:00,FIL/USDT,19.49000000,19.50000000,16.82000000,18.42000000,7906275.78000000,140573845.95740000,311530
1642896000000,2022-01-23 00:00:00,FIL/USDT,19.01000000,20.27000000,18.36000000,19.49000000,4418430.59000000,85234654.72130000,196794
1642809600000,2022-01-22 00:00:00,FIL/USDT,21.96000000,22.65000000,16.97000000,19.01000000,9930877.39710000,194754104.79500200,427276
1642723200000,2022-01-21 00:00:00,FIL/USDT,26.19000000,26.58000000,21.12000000,21.97000000,5829037.99800000,138719116.21893600,337216
1642636800000,2022-01-20 00:00:00,FIL/USDT,27.62000000,28.70000000,26.00000000,26.18000000,1885125.08000000,52011570.86030000,119163
1642550400000,2022-01-19 00:00:00,FIL/USDT,28.47000000,28.71000000,27.21000000,27.61000000,1967639.26000000,54921177.76310000,118746
1642464000000,2022-01-18 00:00:00,FIL/USDT,28.98000000,29.33000000,27.66000000,28.47000000,2244706.75000000,63499207.44100000,130880
1642377600000,2022-01-17 00:00:00,FIL/USDT,30.38000000,30.46000000,28.52000000,28.97000000,1862779.85000000,54817543.97950000,126066
1642291200000,2022-01-16 00:00:00,FIL/USDT,29.66000000,31.48000000,29.61000000,30.38000000,2156207.69000000,65565442.41240000,124360
1642204800000,2022-01-15 00:00:00,FIL/USDT,29.72000000,30.60000000,29.31000000,29.66000000,1783099.52000000,53326961.01900000,111586
1642118400000,2022-01-14 00:00:00,FIL/USDT,28.51000000,29.87000000,28.02000000,29.72000000,2835853.06000000,82060262.68180000,138704
1642032000000,2022-01-13 00:00:00,FIL/USDT,30.77000000,30.86000000,28.39000000,28.51000000,2774618.79000000,82507803.74530000,136723
1641945600000,2022-01-12 00:00:00,FIL/USDT,28.88000000,30.89000000,28.48000000,30.77000000,2646386.98000000,78797871.35910000,134435
1641859200000,2022-01-11 00:00:00,FIL/USDT,28.13000000,29.26000000,27.80000000,28.88000000,2254699.00000000,64266208.87410000,111102
1641772800000,2022-01-10 00:00:00,FIL/USDT,30.21000000,30.37000000,26.32000000,28.12000000,4810957.68240000,135688750.07501700,214804
1641686400000,2022-01-09 00:00:00,FIL/USDT,29.46000000,31.08000000,29.26000000,30.21000000,2346159.75000000,70652028.80200000,129668
1641600000000,2022-01-08 00:00:00,FIL/USDT,31.55000000,32.20000000,28.35000000,29.46000000,3407384.06560000,102911332.16916000,201141
1641513600000,2022-01-07 00:00:00,FIL/USDT,32.98000000,33.05000000,29.75000000,31.54000000,4986731.61000000,155401326.73064200,300117
1641427200000,2022-01-06 00:00:00,FIL/USDT,33.15000000,33.50000000,32.05000000,32.98000000,3799196.10000000,124529500.40040000,215375
1641340800000,2022-01-05 00:00:00,FIL/USDT,36.17000000,38.50000000,31.05000000,33.15000000,6108216.32170000,218907032.65539000,381285
1641254400000,2022-01-04 00:00:00,FIL/USDT,35.08000000,38.23000000,34.42000000,36.17000000,4462337.27000000,163143891.65550000,261039
1641168000000,2022-01-03 00:00:00,FIL/USDT,35.74000000,35.76000000,34.37000000,35.08000000,1992032.92000000,69883450.28550000,105089
1641081600000,2022-01-02 00:00:00,FIL/USDT,35.89000000,36.50000000,35.20000000,35.74000000,1908969.09000000,68242197.49040000,95873
1640995200000,2022-01-01 00:00:00,FIL/USDT,34.25000000,35.99000000,34.24000000,35.88000000,1616700.27000000,56573673.04940000,86276
1640908800000,2021-12-31 00:00:00,FIL/USDT,34.94000000,35.73000000,33.50000000,34.24000000,3112798.52000000,108668372.93420000,157948
1640822400000,2021-12-30 00:00:00,FIL/USDT,34.21000000,35.83000000,33.29000000,34.94000000,3190390.63000000,110752547.21150000,162101
1640736000000,2021-12-29 00:00:00,FIL/USDT,36.26000000,36.76000000,33.85000000,34.22000000,3574478.26000000,126168592.08440000,185215
1640649600000,2021-12-28 00:00:00,FIL/USDT,39.22000000,39.84000000,35.83000000,36.26000000,5909591.92000000,223200585.37300000,300887
1640563200000,2021-12-27 00:00:00,FIL/USDT,37.29000000,41.27000000,36.91000000,39.22000000,4898369.48000000,191340817.86790000,292646
1640476800000,2021-12-26 00:00:00,FIL/USDT,37.01000000,37.71000000,35.52000000,37.28000000,2459649.24000000,89748967.12810000,139376
1640390400000,2021-12-25 00:00:00,FIL/USDT,36.46000000,37.30000000,36.18000000,37.00000000,1798246.82000000,65946312.33010000,101493
1640304000000,2021-12-24 00:00:00,FIL/USDT,37.36000000,37.74000000,36.00000000,36.45000000,2588675.69000000,95667827.68390000,152613
1640217600000,2021-12-23 00:00:00,FIL/USDT,35.63000000,38.07000000,35.13000000,37.36000000,3077010.51000000,111871983.49320000,194148
1640131200000,2021-12-22 00:00:00,FIL/USDT,35.30000000,36.45000000,34.88000000,35.63000000,3360745.83000000,120406487.72560000,178567
1640044800000,2021-12-21 00:00:00,FIL/USDT,34.85000000,36.20000000,34.31000000,35.31000000,2165381.68000000,76102416.48750000,109370
1639958400000,2021-12-20 00:00:00,FIL/USDT,35.79000000,35.94000000,33.83000000,34.85000000,2748910.03000000,95534032.69940000,138005
1639872000000,2021-12-19 00:00:00,FIL/USDT,36.36000000,36.70000000,35.73000000,35.79000000,1436532.90000000,52067789.69130000,75036
1639785600000,2021-12-18 00:00:00,FIL/USDT,35.64000000,36.78000000,35.25000000,36.36000000,1822569.03000000,65790258.69610000,105769
1639699200000,2021-12-17 00:00:00,FIL/USDT,37.21000000,38.99000000,35.33000000,35.64000000,4449900.99000000,163945715.21000000,213812
1639612800000,2021-12-16 00:00:00,FIL/USDT,38.21000000,38.53000000,36.95000000,37.21000000,1986193.15000000,75155871.49770000,123552
1639526400000,2021-12-15 00:00:00,FIL/USDT,36.73000000,38.90000000,35.61000000,38.21000000,3444393.33000000,127770916.76010000,203941
1639440000000,2021-12-14 00:00:00,FIL/USDT,35.87000000,37.30000000,35.21000000,36.72000000,2850145.23000000,103458020.09110000,165439
1639353600000,2021-12-13 00:00:00,FIL/USDT,39.68000000,40.02000000,35.23000000,35.87000000,4044779.54000000,151836202.95380000,218263
1639267200000,2021-12-12 00:00:00,FIL/USDT,40.42000000,40.52000000,38.69000000,39.67000000,1938174.44000000,76902556.92230000,103389
1639180800000,2021-12-11 00:00:00,FIL/USDT,39.83000000,40.51000000,38.66000000,40.42000000,3471155.09000000,136708582.47740000,188500
1639094400000,2021-12-10 00:00:00,FIL/USDT,37.48000000,41.38000000,37.41000000,39.83000000,6344647.07000000,251226896.90030000,318537
1639008000000,2021-12-09 00:00:00,FIL/USDT,41.37000000,41.62000000,37.00000000,37.48000000,4101940.99000000,160729576.85900000,200408
1638921600000,2021-12-08 00:00:00,FIL/USDT,39.13000000,43.61000000,38.80000000,41.37000000,6432824.29000000,265749579.79420000,361365
1638835200000,2021-12-07 00:00:00,FIL/USDT,38.73000000,39.99000000,38.53000000,39.13000000,3533604.81000000,138690078.66440000,190977
1638748800000,2021-12-06 00:00:00,FIL/USDT,39.10000000,39.13000000,35.52000000,38.72000000,6711419.93000000,251897392.87270000,320077
1638662400000,2021-12-05 00:00:00,FIL/USDT,41.01000000,41.74000000,36.89000000,39.10000000,6915456.27000000,272483100.51560000,337139
1638576000000,2021-12-04 00:00:00,FIL/USDT,49.70000000,49.75000000,32.67000000,41.01000000,22461581.31130000,874011089.47021300,968719
1638489600000,2021-12-03 00:00:00,FIL/USDT,53.76000000,53.88000000,48.28000000,49.70000000,4723536.88000000,241292002.30241100,292500
1638403200000,2021-12-02 00:00:00,FIL/USDT,54.37000000,54.37000000,52.59000000,53.75000000,2672585.21000000,142988495.59460000,179832
1638316800000,2021-12-01 00:00:00,FIL/USDT,53.74000000,55.81000000,53.56000000,54.37000000,3297897.35000000,180283332.34840000,229227
1638230400000,2021-11-30 00:00:00,FIL/USDT,54.63000000,55.65000000,53.08000000,53.73000000,4139918.74000000,224382771.33460000,294077
1638144000000,2021-11-29 00:00:00,FIL/USDT,56.46000000,57.20000000,53.84000000,54.64000000,3114670.50000000,172519827.83840000,237796
1638057600000,2021-11-28 00:00:00,FIL/USDT,57.74000000,57.82000000,52.44000000,56.46000000,5269060.65000000,290719924.58790000,385361
1637971200000,2021-11-27 00:00:00,FIL/USDT,52.80000000,59.48000000,52.57000000,57.73000000,6964536.33000000,397360481.54260000,543213
1637884800000,2021-11-26 00:00:00,FIL/USDT,55.37000000,59.49000000,51.20000000,52.80000000,10313927.01000000,564176693.94920000,732330
1637798400000,2021-11-25 00:00:00,FIL/USDT,50.62000000,56.05000000,49.80000000,55.36000000,4916686.36000000,260944470.30070000,333404
1637712000000,2021-11-24 00:00:00,FIL/USDT,51.73000000,51.91000000,48.62000000,50.62000000,3405895.93000000,170435859.03420000,201678
1637625600000,2021-11-23 00:00:00,FIL/USDT,51.76000000,52.13000000,50.34000000,51.73000000,3303185.78000000,169841857.78970000,219001
1637539200000,2021-11-22 00:00:00,FIL/USDT,53.16000000,53.41000000,51.38000000,51.76000000,4187954.11000000,218643278.10100000,267189
1637452800000,2021-11-21 00:00:00,FIL/USDT,54.40000000,54.50000000,53.00000000,53.15000000,2650407.44000000,142136998.50360000,160323
1637366400000,2021-11-20 00:00:00,FIL/USDT,53.73000000,55.23000000,52.22000000,54.39000000,3050125.30000000,163835233.82720000,209071
1637280000000,2021-11-19 00:00:00,FIL/USDT,51.71000000,54.48000000,51.13000000,53.73000000,4362909.14000000,231302957.24810000,272142
1637193600000,2021-11-18 00:00:00,FIL/USDT,56.13000000,58.20000000,48.53000000,51.71000000,11467744.61330000,605973186.82709800,660040
1637107200000,2021-11-17 00:00:00,FIL/USDT,56.16000000,56.83000000,54.08000000,56.14000000,5019620.79000000,278266970.45080000,326155
1637020800000,2021-11-16 00:00:00,FIL/USDT,60.94000000,60.94000000,52.00000000,56.15000000,9225266.02000000,524455637.73350000,620527
1636934400000,2021-11-15 00:00:00,FIL/USDT,62.54000000,63.42000000,60.17000000,60.94000000,2662947.96000000,165316522.77190000,206927
1636848000000,2021-11-14 00:00:00,FIL/USDT,62.92000000,63.49000000,61.02000000,62.55000000,2055033.90000000,128064917.41280000,156220
1636761600000,2021-11-13 00:00:00,FIL/USDT,62.89000000,63.67000000,62.23000000,62.92000000,2014458.68000000,126647142.16960000,168255
1636675200000,2021-11-12 00:00:00,FIL/USDT,62.76000000,65.50000000,61.11000000,62.90000000,4427610.06000000,279479015.87020000,370304
1636588800000,2021-11-11 00:00:00,FIL/USDT,63.46000000,64.50000000,61.73000000,62.76000000,3213415.05000000,203717230.68940000,290481
1636502400000,2021-11-10 00:00:00,FIL/USDT,66.71000000,69.64000000,58.53000000,63.46000000,7646788.90000000,505523542.17360000,708670
1636416000000,2021-11-09 00:00:00,FIL/USDT,64.25000000,69.18000000,63.48000000,66.70000000,6527662.11000000,434120943.09680000,612748
1636329600000,2021-11-08 00:00:00,FIL/USDT,62.56000000,64.90000000,62.27000000,64.26000000,3303467.72000000,209411321.85530000,265025
1636243200000,2021-11-07 00:00:00,FIL/USDT,61.90000000,62.61000000,61.11000000,62.56000000,2390899.10000000,147866331.73840000,173896
1636156800000,2021-11-06 00:00:00,FIL/USDT,63.49000000,63.68000000,58.00000000,61.89000000,4288703.26000000,263014377.87020000,317959
1636070400000,2021-11-05 00:00:00,FIL/USDT,62.45000000,64.40000000,61.30000000,63.48000000,2921355.03000000,183734173.04790000,256283
1635984000000,2021-11-04 00:00:00,FIL/USDT,64.01000000,64.49000000,61.10000000,62.45000000,2315593.53000000,144969460.31190000,213035
1635897600000,2021-11-03 00:00:00,FIL/USDT,64.63000000,65.90000000,61.50000000,64.01000000,3618156.51000000,230476450.45920000,315402
1635811200000,2021-11-02 00:00:00,FIL/USDT,63.89000000,66.46000000,63.44000000,64.63000000,2853130.66000000,185213487.42930000,269027
1635724800000,2021-11-01 00:00:00,FIL/USDT,64.41000000,64.50000000,60.60000000,63.88000000,2488354.00000000,156197888.71040000,240373
1635638400000,2021-10-31 00:00:00,FIL/USDT,61.48000000,66.76000000,59.23000000,64.40000000,5987084.24000000,377818789.75290000,579404
1635552000000,2021-10-30 00:00:00,FIL/USDT,60.15000000,61.48000000,57.40000000,61.48000000,1623051.07000000,95766721.15060000,184217
1635465600000,2021-10-29 00:00:00,FIL/USDT,58.14000000,62.91000000,57.85000000,60.20000000,2719059.42000000,163701905.46350000,281824
1635379200000,2021-10-28 00:00:00,FIL/USDT,55.42000000,59.22000000,54.62000000,58.14000000,4546373.77000000,258555374.88580000,339885
1635292800000,2021-10-27 00:00:00,FIL/USDT,62.83000000,63.22000000,52.00000000,55.42000000,7414423.98000000,425674918.31660000,585212
1635206400000,2021-10-26 00:00:00,FIL/USDT,63.93000000,65.22000000,62.06000000,62.83000000,2920861.71000000,186414113.52890000,232832
1635120000000,2021-10-25 00:00:00,FIL/USDT,62.60000000,65.38000000,62.30000000,63.94000000,2338102.51000000,149354305.89530000,205142
1635033600000,2021-10-24 00:00:00,FIL/USDT,64.80000000,65.10000000,61.23000000,62.59000000,3966003.08000000,249901768.68720000,260324
1634947200000,2021-10-23 00:00:00,FIL/USDT,65.95000000,66.40000000,63.95000000,64.81000000,1699053.21000000,110386937.28160000,173090
1634860800000,2021-10-22 00:00:00,FIL/USDT,63.63000000,66.95000000,63.61000000,65.95000000,3112564.07000000,203219144.08600000,303193
1634774400000,2021-10-21 00:00:00,FIL/USDT,67.06000000,68.16000000,63.34000000,63.63000000,3631263.83000000,239593847.94950000,351562
1634688000000,2021-10-20 00:00:00,FIL/USDT,62.94000000,68.20000000,62.49000000,67.06000000,3416330.81000000,224721116.44830000,336473
1634601600000,2021-10-19 00:00:00,FIL/USDT,63.45000000,64.10000000,62.00000000,62.94000000,1965416.75000000,124108273.19910000,172678
1634515200000,2021-10-18 00:00:00,FIL/USDT,63.86000000,65.07000000,61.38000000,63.46000000,2912700.13000000,183688441.52230000,251998
1634428800000,2021-10-17 00:00:00,FIL/USDT,66.52000000,67.12000000,61.00000000,63.86000000,3186103.93000000,205000092.56500000,281591
1634342400000,2021-10-16 00:00:00,FIL/USDT,67.32000000,69.22000000,66.10000000,66.52000000,2137734.09000000,144389014.54050000,187928
1634256000000,2021-10-15 00:00:00,FIL/USDT,70.39000000,70.40000000,65.07000000,67.33000000,4707506.11000000,317846077.94050000,395106
1634169600000,2021-10-14 00:00:00,FIL/USDT,68.32000000,71.90000000,67.20000000,70.38000000,4019846.41000000,281611626.93630000,394154
1634083200000,2021-10-13 00:00:00,FIL/USDT,69.81000000,70.75000000,60.70000000,68.31000000,6934760.74000000,457544955.17310000,579899
1633996800000,2021-10-12 00:00:00,FIL/USDT,73.48000000,73.50000000,66.13000000,69.80000000,4776709.70000000,331175062.20940000,413387
1633910400000,2021-10-11 00:00:00,FIL/USDT,69.82000000,74.82000000,69.00000000,73.47000000,4551778.21000000,328145306.88690000,386297
1633824000000,2021-10-10 00:00:00,FIL/USDT,77.01000000,77.08000000,69.08000000,69.81000000,3681308.56000000,270478046.61130000,353731
1633737600000,2021-10-09 00:00:00,FIL/USDT,79.54000000,80.64000000,75.37000000,77.01000000,3958211.78000000,307797043.64320000,456345
1633651200000,2021-10-08 00:00:00,FIL/USDT,71.47000000,81.22000000,70.58000000,79.54000000,6879351.03000000,523721370.85060000,693454
1633564800000,2021-10-07 00:00:00,FIL/USDT,71.76000000,74.31000000,68.94000000,71.46000000,4617739.46000000,331193218.26040000,443417
1633478400000,2021-10-06 00:00:00,FIL/USDT,70.90000000,74.86000000,66.62000000,71.75000000,5421184.17000000,382755635.72980000,570320
1633392000000,2021-10-05 00:00:00,FIL/USDT,69.77000000,72.98000000,68.48000000,70.89000000,4170035.71000000,294707657.94050000,430462
1633305600000,2021-10-04 00:00:00,FIL/USDT,69.10000000,70.64000000,65.66000000,69.76000000,4726949.41000000,321417710.98740000,418432
1633219200000,2021-10-03 00:00:00,FIL/USDT,69.66000000,70.85000000,67.63000000,69.11000000,4228554.53000000,293471578.03540000,339053
1633132800000,2021-10-02 00:00:00,FIL/USDT,71.47000000,73.98000000,68.33000000,69.66000000,5690046.85000000,404333687.92730000,545829
1633046400000,2021-10-01 00:00:00,FIL/USDT,60.05000000,73.39000000,59.61000000,71.47000000,5594246.25940000,363935988.06733800,522318
1632960000000,2021-09-30 00:00:00,FIL/USDT,57.00000000,61.21000000,56.83000000,60.04000000,3364207.82000000,199576766.10090000,274308
1632873600000,2021-09-29 00:00:00,FIL/USDT,55.29000000,58.51000000,55.22000000,57.00000000,3708359.18000000,211432358.25240000,279995
1632787200000,2021-09-28 00:00:00,FIL/USDT,58.98000000,59.57000000,55.07000000,55.30000000,5629628.67000000,323140423.80900000,445498
1632700800000,2021-09-27 00:00:00,FIL/USDT,55.78000000,62.94000000,54.71000000,58.98000000,9074696.80000000,545298651.44260000,697772
1632614400000,2021-09-26 00:00:00,FIL/USDT,60.39000000,60.64000000,50.00000000,55.77000000,13709913.63120000,757830380.10615800,946223
1632528000000,2021-09-25 00:00:00,FIL/USDT,63.32000000,63.89000000,58.78000000,60.40000000,6263245.06730000,385488449.34801500,519682
1632441600000,2021-09-24 00:00:00,FIL/USDT,74.66000000,74.97000000,60.13000000,63.31000000,10129684.96870000,655575906.18550700,826285
1632355200000,2021-09-23 00:00:00,FIL/USDT,74.50000000,75.58000000,71.83000000,74.66000000,3073366.14000000,227033236.96600000,273800
1632268800000,2021-09-22 00:00:00,FIL/USDT,69.54000000,75.02000000,68.65000000,74.51000000,3294084.32000000,236318705.85850000,325915
1632182400000,2021-09-21 00:00:00,FIL/USDT,74.42000000,76.58000000,68.14000000,69.54000000,5187450.88930000,378378157.16955700,530760
1632096000000,2021-09-20 00:00:00,FIL/USDT,83.54000000,83.69000000,71.31000000,74.43000000,6160805.39000000,474150298.14060000,656669
1632009600000,2021-09-19 00:00:00,FIL/USDT,84.31000000,85.15000000,81.56000000,83.53000000,1629678.69000000,135881993.55990000,176891
1631923200000,2021-09-18 00:00:00,FIL/USDT,85.80000000,87.37000000,82.60000000,84.30000000,2437791.85000000,207685398.57370000,305725
1631836800000,2021-09-17 00:00:00,FIL/USDT,84.72000000,86.63000000,80.56000000,85.79000000,3144824.97000000,263004673.93850000,352687
1631750400000,2021-09-16 00:00:00,FIL/USDT,86.23000000,90.64000000,82.20000000,84.72000000,4531810.31000000,391888704.13040000,493015
1631664000000,2021-09-15 00:00:00,FIL/USDT,80.79000000,87.50000000,80.08000000,86.23000000,3817168.86000000,324306240.43930000,446141
1631577600000,2021-09-14 00:00:00,FIL/USDT,77.96000000,81.87000000,77.44000000,80.80000000,2334986.03000000,185376630.40640000,257526
1631491200000,2021-09-13 00:00:00,FIL/USDT,83.63000000,84.60000000,72.72000000,77.96000000,4367263.96000000,345654169.44050000,461110
1631404800000,2021-09-12 00:00:00,FIL/USDT,81.67000000,87.05000000,80.66000000,83.63000000,3811022.49000000,318704357.40720000,417061
1631318400000,2021-09-11 00:00:00,FIL/USDT,82.42000000,85.04000000,80.03000000,81.66000000,3341935.14000000,275905491.20250000,396826
1631232000000,2021-09-10 00:00:00,FIL/USDT,88.70000000,91.86000000,78.73000000,82.43000000,4887080.14000000,415239637.48410000,614313
1631145600000,2021-09-09 00:00:00,FIL/USDT,88.39000000,94.17000000,85.10000000,88.68000000,5353465.34000000,481264161.73020000,862105
1631059200000,2021-09-08 00:00:00,FIL/USDT,84.47000000,94.05000000,76.05000000,88.28000000,9668703.68000000,821277735.55300000,1127418
1630972800000,2021-09-07 00:00:00,FIL/USDT,106.22000000,110.97000000,71.20000000,84.46000000,13607499.00000000,1249496585.06660000,1608780
1630886400000,2021-09-06 00:00:00,FIL/USDT,113.64000000,118.50000000,103.88000000,106.22000000,7762399.75000000,866845024.64220000,1013362
1630800000000,2021-09-05 00:00:00,FIL/USDT,95.04000000,120.17000000,91.89000000,113.65000000,8863729.39510000,941404015.51086000,1303797
1630713600000,2021-09-04 00:00:00,FIL/USDT,77.64000000,96.65000000,77.47000000,95.04000000,5591528.11860000,485728316.57241700,756058
1630627200000,2021-09-03 00:00:00,FIL/USDT,77.39000000,78.98000000,75.72000000,77.65000000,1670784.36000000,129338866.68300000,195491
1630540800000,2021-09-02 00:00:00,FIL/USDT,78.68000000,79.58000000,77.01000000,77.39000000,1787834.62040000,139947977.11673100,219497
1630454400000,2021-09-01 00:00:00,FIL/USDT,75.96000000,78.79000000,75.27000000,78.69000000,2662164.35310000,204837088.01444100,331036
1630368000000,2021-08-31 00:00:00,FIL/USDT,71.20000000,77.80000000,70.43000000,75.97000000,3168608.57650000,236280192.22093700,382052
1630281600000,2021-08-30 00:00:00,FIL/USDT,73.62000000,74.24000000,70.94000000,71.20000000,1366890.45000000,99538026.79490000,151366
1630195200000,2021-08-29 00:00:00,FIL/USDT,73.97000000,75.42000000,72.40000000,73.63000000,1753070.70000000,129596411.25930000,188845
1630108800000,2021-08-28 00:00:00,FIL/USDT,75.20000000,75.46000000,72.86000000,73.96000000,1444189.07000000,106821727.61120000,159157
1630022400000,2021-08-27 00:00:00,FIL/USDT,72.29000000,75.77000000,70.33000000,75.19000000,2139466.44330000,155866610.52120800,266662
1629936000000,2021-08-26 00:00:00,FIL/USDT,76.53000000,78.78000000,71.40000000,72.29000000,2655189.48410000,197115517.87894600,304313
1629849600000,2021-08-25 00:00:00,FIL/USDT,74.33000000,77.93000000,72.41000000,76.53000000,2264953.11410000,170348512.35068000,248382
1629763200000,2021-08-24 00:00:00,FIL/USDT,79.74000000,80.55000000,72.17000000,74.34000000,3044715.35390000,233176895.58524500,333247
1629676800000,2021-08-23 00:00:00,FIL/USDT,77.16000000,82.48000000,76.56000000,79.75000000,3298154.71920000,264080355.97055400,361064
1629590400000,2021-08-22 00:00:00,FIL/USDT,78.45000000,79.15000000,75.05000000,77.17000000,2896082.27200000,223950749.79423500,351268
1629504000000,2021-08-21 00:00:00,FIL/USDT,73.06000000,79.29000000,71.40000000,78.45000000,3060779.10240000,227930696.80690400,375698
1629417600000,2021-08-20 00:00:00,FIL/USDT,70.47000000,73.79000000,69.69000000,73.06000000,1749122.98250000,125320146.16546100,206351
1629331200000,2021-08-19 00:00:00,FIL/USDT,67.47000000,70.54000000,66.26000000,70.48000000,1630499.56760000,110663908.50204600,193138
1629244800000,2021-08-18 00:00:00,FIL/USDT,69.49000000,70.15000000,66.00000000,67.47000000,2552150.08230000,173806494.94155700,277293
1629158400000,2021-08-17 00:00:00,FIL/USDT,73.25000000,74.69000000,69.04000000,69.45000000,2825486.84750000,205195194.19613700,325531
1629072000000,2021-08-16 00:00:00,FIL/USDT,73.06000000,75.89000000,72.42000000,73.26000000,3224869.88420000,238658643.24685400,370105
1628985600000,2021-08-15 00:00:00,FIL/USDT,72.39000000,74.47000000,70.08000000,73.06000000,2465722.97140000,177718525.99027900,291537
1628899200000,2021-08-14 00:00:00,FIL/USDT,74.47000000,75.00000000,69.99000000,72.40000000,2873070.20190000,209088335.98589600,358591
1628812800000,2021-08-13 00:00:00,FIL/USDT,68.33000000,74.83000000,68.29000000,74.47000000,2188063.78290000,155361186.76817100,284255
1628726400000,2021-08-12 00:00:00,FIL/USDT,71.76000000,75.59000000,66.04000000,68.32000000,3877037.84000000,271935327.39156000,432196
1628640000000,2021-08-11 00:00:00,FIL/USDT,66.69000000,74.03000000,66.64000000,71.76000000,3681758.61330000,260229223.43720200,422758
1628553600000,2021-08-10 00:00:00,FIL/USDT,67.52000000,69.82000000,64.95000000,66.69000000,2515419.99380000,169600464.46728800,275939
1628467200000,2021-08-09 00:00:00,FIL/USDT,64.49000000,68.18000000,61.42000000,67.54000000,2750083.36270000,180192078.46930700,290675
1628380800000,2021-08-08 00:00:00,FIL/USDT,69.24000000,69.43000000,63.39000000,64.48000000,2689308.62400000,178091189.55629000,285710
1628294400000,2021-08-07 00:00:00,FIL/USDT,64.19000000,70.84000000,63.67000000,69.24000000,4517936.65280000,306801579.21255900,499819
1628208000000,2021-08-06 00:00:00,FIL/USDT,57.87000000,64.96000000,57.17000000,64.20000000,3165350.17370000,192229471.45267800,337070
1628121600000,2021-08-05 00:00:00,FIL/USDT,56.48000000,58.22000000,55.01000000,57.88000000,2001953.75700000,112763386.77312800,194166
1628035200000,2021-08-04 00:00:00,FIL/USDT,54.30000000,57.34000000,53.98000000,56.49000000,2216026.87420000,123725591.95052100,203003
1627948800000,2021-08-03 00:00:00,FIL/USDT,54.43000000,55.08000000,52.72000000,54.29000000,1576484.82540000,84989989.56422700,155575
1627862400000,2021-08-02 00:00:00,FIL/USDT,53.85000000,56.01000000,53.08000000,54.43000000,1863404.60880000,101780209.98969200,179352
1627776000000,2021-08-01 00:00:00,FIL/USDT,52.01000000,58.35000000,51.56000000,53.85000000,4839961.94890000,270302106.28366900,401715
1627689600000,2021-07-31 00:00:00,FIL/USDT,51.32000000,52.83000000,50.34000000,52.02000000,1764912.17640000,90832212.34575000,148897
1627603200000,2021-07-30 00:00:00,FIL/USDT,49.37000000,51.37000000,48.63000000,51.32000000,1436700.97070000,71467807.15065400,130608
1627516800000,2021-07-29 00:00:00,FIL/USDT,49.56000000,49.79000000,48.50000000,49.37000000,999009.93220000,49091900.33123800,95512
1627430400000,2021-07-28 00:00:00,FIL/USDT,49.54000000,50.94000000,48.30000000,49.57000000,2159340.35970000,107433061.74662900,177248
1627344000000,2021-07-27 00:00:00,FIL/USDT,49.02000000,49.91000000,47.29000000,49.54000000,1784019.64090000,86575194.78662900,185853
1627257600000,2021-07-26 00:00:00,FIL/USDT,49.01000000,52.97000000,48.76000000,49.02000000,4189824.76750000,213766508.85144800,355584
1627171200000,2021-07-25 00:00:00,FIL/USDT,49.59000000,50.14000000,47.15000000,49.01000000,1960127.15900000,95226048.03768100,178427
1627084800000,2021-07-24 00:00:00,FIL/USDT,47.37000000,51.34000000,46.37000000,49.58000000,2530698.44320000,122625010.55111100,221731
1626998400000,2021-07-23 00:00:00,FIL/USDT,45.57000000,47.51000000,44.89000000,47.37000000,1296532.59060000,59973248.33721000,134328
1626912000000,2021-07-22 00:00:00,FIL/USDT,46.25000000,46.99000000,44.53000000,45.58000000,1164340.89590000,53015860.48561500,116003
1626825600000,2021-07-21 00:00:00,FIL/USDT,41.24000000,47.86000000,40.08000000,46.24000000,2153384.27850000,96082661.83248300,214146
1626739200000,2021-07-20 00:00:00,FIL/USDT,44.72000000,45.17000000,41.00000000,41.23000000,1602636.21750000,68263737.23419900,155510
1626652800000,2021-07-19 00:00:00,FIL/USDT,46.82000000,47.16000000,44.36000000,44.71000000,954857.64250000,43734232.87952300,87400
1626566400000,2021-07-18 00:00:00,FIL/USDT,45.62000000,47.47000000,45.55000000,46.83000000,1053811.86200000,49215792.74808300,75883
1626480000000,2021-07-17 00:00:00,FIL/USDT,45.82000000,46.18000000,45.12000000,45.62000000,890656.27260000,40632356.48759800,70067
1626393600000,2021-07-16 00:00:00,FIL/USDT,47.32000000,48.36000000,45.77000000,45.82000000,992668.95480000,46626350.39567500,89381
1626307200000,2021-07-15 00:00:00,FIL/USDT,49.68000000,50.35000000,46.20000000,47.32000000,1250561.10230000,60142171.16223000,114229
1626220800000,2021-07-14 00:00:00,FIL/USDT,50.97000000,51.24000000,48.10000000,49.68000000,1201652.47690000,59629794.69845500,118328
1626134400000,2021-07-13 00:00:00,FIL/USDT,52.47000000,53.05000000,50.38000000,50.98000000,1047433.33310000,54377892.60020100,106654
1626048000000,2021-07-12 00:00:00,FIL/USDT,55.11000000,55.49000000,52.20000000,52.48000000,787505.48700000,42488410.90394500,86122
1625961600000,2021-07-11 00:00:00,FIL/USDT,54.22000000,55.80000000,53.92000000,55.12000000,484171.09200000,26505337.86770000,55242
1625875200000,2021-07-10 00:00:00,FIL/USDT,55.26000000,56.03000000,53.55000000,54.25000000,669931.57900000,36680590.87749400,70613
1625788800000,2021-07-09 00:00:00,FIL/USDT,53.86000000,55.56000000,52.71000000,55.26000000,851839.55360000,46277287.39931800,92464
1625702400000,2021-07-08 00:00:00,FIL/USDT,56.42000000,56.51000000,52.79000000,53.85000000,1320214.88670000,72992582.06653200,126276
1625616000000,2021-07-07 00:00:00,FIL/USDT,57.01000000,58.04000000,56.32000000,56.42000000,869871.89580000,49918014.13551800,93034
1625529600000,2021-07-06 00:00:00,FIL/USDT,56.08000000,58.33000000,55.98000000,57.01000000,1175663.18750000,67050351.43390000,126176
1625443200000,2021-07-05 00:00:00,FIL/USDT,58.72000000,58.72000000,54.77000000,56.06000000,1319253.41420000,75091281.41781200,148144
1625356800000,2021-07-04 00:00:00,FIL/USDT,58.92000000,60.63000000,58.01000000,58.72000000,1018822.33840000,60506215.02608600,112574
1625270400000,2021-07-03 00:00:00,FIL/USDT,57.17000000,59.98000000,56.63000000,58.92000000,1238571.52940000,72423345.07282000,127617
1625184000000,2021-07-02 00:00:00,FIL/USDT,56.65000000,57.41000000,54.94000000,57.19000000,1314268.32620000,73737838.91029200,153293
1625097600000,2021-07-01 00:00:00,FIL/USDT,60.40000000,60.45000000,55.20000000,56.65000000,2019639.41590000,115370658.26591100,233241
1625011200000,2021-06-30 00:00:00,FIL/USDT,64.59000000,65.39000000,56.40000000,60.40000000,3555416.42210000,215603247.23360300,390562
1624924800000,2021-06-29 00:00:00,FIL/USDT,56.45000000,66.31000000,56.10000000,64.59000000,3394748.92520000,204066444.16825500,341566
1624838400000,2021-06-28 00:00:00,FIL/USDT,56.19000000,57.94000000,54.88000000,56.44000000,2325097.62800000,131152013.98283100,203247
1624752000000,2021-06-27 00:00:00,FIL/USDT,53.04000000,56.52000000,52.66000000,56.20000000,2000162.75980000,108405027.37674500,193674
1624665600000,2021-06-26 00:00:00,FIL/USDT,52.03000000,53.29000000,50.00000000,53.04000000,2132210.48160000,110519683.00396400,223382
1624579200000,2021-06-25 00:00:00,FIL/USDT,57.10000000,57.93000000,50.36000000,52.03000000,3034948.46860000,163337249.05789300,283428
1624492800000,2021-06-24 00:00:00,FIL/USDT,58.72000000,59.35000000,54.17000000,57.10000000,2749730.25020000,155937868.94525500,242621
1624406400000,2021-06-23 00:00:00,FIL/USDT,49.45000000,59.25000000,47.48000000,58.70000000,3757619.75710000,206001328.54052700,432423
1624320000000,2021-06-22 00:00:00,FIL/USDT,46.15000000,53.18000000,42.53000000,49.45000000,5375956.74400000,257022222.52080600,496556
1624233600000,2021-06-21 00:00:00,FIL/USDT,63.19000000,63.73000000,45.00000000,46.18000000,4690895.53100000,251668674.38556700,488378
1624147200000,2021-06-20 00:00:00,FIL/USDT,64.71000000,65.00000000,59.92000000,63.20000000,2188031.12900000,136618849.31757200,189167
1624060800000,2021-06-19 00:00:00,FIL/USDT,65.69000000,66.85000000,64.23000000,64.72000000,1076377.46040000,70628180.26249800,121535
1623974400000,2021-06-18 00:00:00,FIL/USDT,68.93000000,68.97000000,63.50000000,65.69000000,1365880.87780000,90643020.57132200,167544
1623888000000,2021-06-17 00:00:00,FIL/USDT,69.72000000,72.10000000,67.04000000,68.93000000,1167009.08850000,81500987.72451300,151977
1623801600000,2021-06-16 00:00:00,FIL/USDT,72.57000000,72.57000000,68.56000000,69.72000000,1373941.12160000,96729769.12483600,191024
1623715200000,2021-06-15 00:00:00,FIL/USDT,74.89000000,75.89000000,71.58000000,72.56000000,1476074.47860000,109103248.21825700,201509
1623628800000,2021-06-14 00:00:00,FIL/USDT,73.11000000,77.72000000,71.82000000,74.89000000,1645829.14760000,121921621.82298200,235223
1623542400000,2021-06-13 00:00:00,FIL/USDT,69.68000000,73.73000000,68.62000000,73.13000000,1281781.80070000,90553448.83792300,166207
1623456000000,2021-06-12 00:00:00,FIL/USDT,70.79000000,71.30000000,66.00000000,69.68000000,1819483.56830000,125578460.67541000,220775
1623369600000,2021-06-11 00:00:00,FIL/USDT,73.32000000,74.12000000,69.62000000,70.80000000,1554746.04020000,112864438.97396600,187343
1623283200000,2021-06-10 00:00:00,FIL/USDT,77.78000000,79.13000000,71.61000000,73.31000000,2308661.73510000,174776423.47161600,273426
1623196800000,2021-06-09 00:00:00,FIL/USDT,75.98000000,78.91000000,70.89000000,77.76000000,3182405.92980000,238147462.81732300,387560
1623110400000,2021-06-08 00:00:00,FIL/USDT,82.00000000,83.75000000,70.36000000,76.02000000,4778130.60100000,361804815.50829100,538104
1623024000000,2021-06-07 00:00:00,FIL/USDT,86.98000000,92.10000000,80.15000000,81.99000000,2876771.73510000,254314337.38151900,385657
1622937600000,2021-06-06 00:00:00,FIL/USDT,88.15000000,89.05000000,86.01000000,86.99000000,1401268.04880000,122484507.88166700,221264
1622851200000,2021-06-05 00:00:00,FIL/USDT,88.00000000,93.03000000,85.85000000,88.16000000,2864255.07930000,255544351.46079500,501119
1622764800000,2021-06-04 00:00:00,FIL/USDT,89.47000000,97.99000000,84.51000000,88.00000000,6430417.60170000,578634372.48845200,1112317
1622678400000,2021-06-03 00:00:00,FIL/USDT,70.09000000,94.05000000,69.47000000,89.48000000,5210285.14940000,432125036.02007400,903233
1622592000000,2021-06-02 00:00:00,FIL/USDT,69.18000000,72.06000000,68.15000000,70.09000000,1314034.60860000,91975144.44212600,230666
1622505600000,2021-06-01 00:00:00,FIL/USDT,72.52000000,73.17000000,68.02000000,69.18000000,1611400.02770000,113009095.50348100,292621
1622419200000,2021-05-31 00:00:00,FIL/USDT,68.34000000,72.92000000,66.28000000,72.52000000,2040700.74090000,142145489.54084800,337869
1622332800000,2021-05-30 00:00:00,FIL/USDT,68.25000000,69.44000000,65.25000000,68.34000000,1796269.42580000,121576101.33066100,270903
1622246400000,2021-05-29 00:00:00,FIL/USDT,66.74000000,69.87000000,64.50000000,68.24000000,1921950.24070000,129008891.14148000,319896
1622160000000,2021-05-28 00:00:00,FIL/USDT,71.417,71.760,64.847,66.732,2371941.0,160560739.5332,343585
1622073600000,2021-05-27 00:00:00,FIL/USDT,74.485,74.532,68.677,71.402,2219396.9,159084685.2134,313651
1621987200000,2021-05-26 00:00:00,FIL/USDT,72.242,74.970,69.976,74.506,2816246.1,204282603.8478,429263
1621900800000,2021-05-25 00:00:00,FIL/USDT,74.717,79.722,65.699,72.197,4465244.9,317781616.8431,639440
1621814400000,2021-05-24 00:00:00,FIL/USDT,64.795,75.099,62.186,74.733,5192254.0,355087498.5147,722879
1621728000000,2021-05-23 00:00:00,FIL/USDT,72.171,74.738,55.000,64.793,5312058.3,342171640.4813,755864
1621641600000,2021-05-22 00:00:00,FIL/USDT,76.865,77.422,66.389,72.187,4254110.9,308219137.4822,603277
1621555200000,2021-05-21 00:00:00,FIL/USDT,88.638,94.991,67.714,76.840,6477706.2,517293978.5949,984257
1621468800000,2021-05-20 00:00:00,FIL/USDT,65.245,95.381,60.917,88.681,10978336.8,910970726.9717,1530573
1621382400000,2021-05-19 00:00:00,FIL/USDT,100.243,101.863,44.389,65.246,8612525.1,672080653.2157,1227094
1621296000000,2021-05-18 00:00:00,FIL/USDT,99.508,106.210,96.877,100.218,2301034.5,233124991.2370,422718
1621209600000,2021-05-17 00:00:00,FIL/USDT,107.867,107.979,93.153,99.512,3428853.7,344532770.5333,595890
1621123200000,2021-05-16 00:00:00,FIL/USDT,110.533,116.266,100.077,107.844,2915579.7,316421304.5484,551964
1621036800000,2021-05-15 00:00:00,FIL/USDT,120.725,122.968,109.765,110.539,2603908.1,302899104.6751,441416
1620950400000,2021-05-14 00:00:00,FIL/USDT,117.846,125.000,113.793,120.711,2817361.2,336012471.9783,462318
1620864000000,2021-05-13 00:00:00,FIL/USDT,126.949,128.013,89.005,117.847,8452312.2,959081954.6131,1396285
1620777600000,2021-05-12 00:00:00,FIL/USDT,143.015,145.765,123.000,127.074,2511975.9,346625874.1318,446744
1620691200000,2021-05-11 00:00:00,FIL/USDT,135.758,143.550,133.859,143.023,1864671.0,257627736.4222,357424
1620604800000,2021-05-10 00:00:00,FIL/USDT,146.748,149.623,127.561,135.731,2686387.0,378392621.9633,480013
1620518400000,2021-05-09 00:00:00,FIL/USDT,148.318,149.874,140.550,146.778,1848592.8,267707560.2682,336521
1620432000000,2021-05-08 00:00:00,FIL/USDT,150.560,154.683,146.091,148.299,1575315.1,236997494.7602,297558
1620345600000,2021-05-07 00:00:00,FIL/USDT,153.848,155.378,146.550,150.554,1907572.4,290430245.2285,358575
1620259200000,2021-05-06 00:00:00,FIL/USDT,152.677,165.607,149.947,153.821,3883773.3,611812567.6637,675244
1620172800000,2021-05-05 00:00:00,FIL/USDT,140.836,155.298,139.630,152.697,2650674.8,397823406.1892,466968
1620086400000,2021-05-04 00:00:00,FIL/USDT,160.451,160.764,134.000,140.830,3430750.2,510370234.1738,602582
1620000000000,2021-05-03 00:00:00,FIL/USDT,162.566,164.310,158.587,160.412,1694745.7,273877242.8939,294634
1619913600000,2021-05-02 00:00:00,FIL/USDT,164.419,167.000,155.583,162.566,1802762.6,289354801.3241,324509
1619827200000,2021-05-01 00:00:00,FIL/USDT,164.066,168.000,161.275,164.407,1785050.0,293608899.9177,323439
1619740800000,2021-04-30 00:00:00,FIL/USDT,149.895,165.591,149.837,164.071,3336302.4,528592994.8826,586452
1619654400000,2021-04-29 00:00:00,FIL/USDT,151.090,152.397,147.386,149.895,1528780.7,229598235.5940,298463
1619568000000,2021-04-28 00:00:00,FIL/USDT,152.642,156.231,146.382,151.098,1691746.2,255657185.7742,334006
1619481600000,2021-04-27 00:00:00,FIL/USDT,154.276,155.488,148.002,152.637,2070555.9,315897813.9731,409367
1619395200000,2021-04-26 00:00:00,FIL/USDT,134.150,155.000,133.517,154.274,2735681.9,398644335.8165,542342
1619308800000,2021-04-25 00:00:00,FIL/USDT,133.674,137.041,131.800,134.126,1246661.8,167240016.6994,266261
1619222400000,2021-04-24 00:00:00,FIL/USDT,138.674,142.297,131.300,133.613,1800129.4,243042267.2233,387072
1619136000000,2021-04-23 00:00:00,FIL/USDT,145.927,148.038,129.859,138.641,3936109.1,537382520.9079,742382
1619049600000,2021-04-22 00:00:00,FIL/USDT,147.667,157.948,144.273,145.926,2653532.0,397017355.8066,562228
1618963200000,2021-04-21 00:00:00,FIL/USDT,153.893,158.919,147.000,147.645,1967350.6,303625772.8478,427240
1618876800000,2021-04-20 00:00:00,FIL/USDT,154.703,157.581,144.306,153.935,2591932.1,391386916.0931,569396
1618790400000,2021-04-19 00:00:00,FIL/USDT,156.234,164.800,150.399,154.705,2742195.9,432466172.6491,578867
1618704000000,2021-04-18 00:00:00,FIL/USDT,181.061,183.537,127.000,156.234,6180975.7,963547824.0196,1166385
1618617600000,2021-04-17 00:00:00,FIL/USDT,182.931,193.300,176.247,181.032,3725761.4,689426252.5462,741294
1618531200000,2021-04-16 00:00:00,FIL/USDT,170.999,196.465,170.956,182.932,7812454.7,1428801436.2641,1416237
1618444800000,2021-04-15 00:00:00,FIL/USDT,168.534,175.661,167.923,171.012,2691129.8,461359912.9395,529095
1618358400000,2021-04-14 00:00:00,FIL/USDT,164.522,179.850,160.088,168.540,4722518.2,795710186.8852,968609
1618272000000,2021-04-13 00:00:00,FIL/USDT,167.965,169.496,160.420,164.503,2921805.9,483168813.3178,615418
1618185600000,2021-04-12 00:00:00,FIL/USDT,179.490,182.609,159.160,167.978,4355339.5,738996645.1260,849534
1618099200000,2021-04-11 00:00:00,FIL/USDT,174.822,185.104,173.093,179.507,2460324.8,439405947.1007,559864
1618012800000,2021-04-10 00:00:00,FIL/USDT,172.349,189.215,170.833,174.815,5608095.2,1013942627.6446,1090116
1617926400000,2021-04-09 00:00:00,FIL/USDT,154.213,175.996,153.035,172.343,6758986.1,1135504575.1113,1131300
1617840000000,2021-04-08 00:00:00,FIL/USDT,156.313,158.979,146.363,154.216,4476548.5,682913652.7185,830907
1617753600000,2021-04-07 00:00:00,FIL/USDT,165.853,166.705,135.500,156.295,10137892.1,1504626906.6798,1693358
1617667200000,2021-04-06 00:00:00,FIL/USDT,176.619,179.214,163.811,165.806,3100473.5,530244567.8260,654173
1617580800000,2021-04-05 00:00:00,FIL/USDT,183.030,187.293,170.200,176.608,3938084.1,703274313.3357,815920
1617494400000,2021-04-04 00:00:00,FIL/USDT,178.228,193.961,175.343,183.000,7272455.5,1345746762.0523,1324700
1617408000000,2021-04-03 00:00:00,FIL/USDT,172.420,181.808,162.400,178.227,9438588.9,1636368996.8498,1761404
1617321600000,2021-04-02 00:00:00,FIL/USDT,185.547,206.000,160.565,172.388,14570463.5,2672047441.1151,2758395
1617235200000,2021-04-01 00:00:00,FIL/USDT,190.986,238.511,180.000,185.563,26279100.0,5508351222.2432,4949062
1617148800000,2021-03-31 00:00:00,FIL/USDT,149.864,198.427,144.000,190.997,21113337.3,3628775604.1126,3200420
1617062400000,2021-03-30 00:00:00,FIL/USDT,127.510,153.613,125.000,149.858,9683953.8,1360853409.3169,1347925
1616976000000,2021-03-29 00:00:00,FIL/USDT,125.193,130.612,123.701,127.521,4082356.6,520108872.9359,674663
1616889600000,2021-03-28 00:00:00,FIL/USDT,132.375,133.780,119.940,125.187,6944222.9,883535241.8541,1123162
1616803200000,2021-03-27 00:00:00,FIL/USDT,124.643,139.560,120.000,132.395,15890505.8,2067961835.3285,2293424
1616716800000,2021-03-26 00:00:00,FIL/USDT,90.896,129.265,90.896,124.631,12704753.3,1373121991.2239,1620498
1616630400000,2021-03-25 00:00:00,FIL/USDT,85.854,96.305,84.869,90.905,8553508.2,775684271.0623,1086699
1616544000000,2021-03-24 00:00:00,FIL/USDT,82.568,94.966,79.559,85.857,7416547.3,651582660.4399,891862
1616457600000,2021-03-23 00:00:00,FIL/USDT,76.388,85.371,73.133,82.585,4830696.8,385929021.6537,562947
1616371200000,2021-03-22 00:00:00,FIL/USDT,80.676,81.500,75.233,76.387,2401406.2,188691097.1252,316241
1616284800000,2021-03-21 00:00:00,FIL/USDT,82.119,83.380,80.169,80.684,2011222.4,164287770.8929,276378
1616198400000,2021-03-20 00:00:00,FIL/USDT,83.110,86.125,81.500,82.116,2474762.6,206430091.7137,369383
1616112000000,2021-03-19 00:00:00,FIL/USDT,79.629,86.000,75.768,83.081,5573377.1,452268499.2283,817745
1616025600000,2021-03-18 00:00:00,FIL/USDT,88.563,89.747,74.070,79.680,13150071.3,1077101685.5483,1638555
1615939200000,2021-03-17 00:00:00,FIL/USDT,63.671,96.570,62.687,88.563,17324082.8,1331504367.2280,1833025
1615852800000,2021-03-16 00:00:00,FIL/USDT,53.369,64.043,50.681,63.634,4670657.6,268432602.7063,508518
1615766400000,2021-03-15 00:00:00,FIL/USDT,53.869,56.794,51.970,53.380,3908644.9,211025299.6218,417850
1615680000000,2021-03-14 00:00:00,FIL/USDT,49.530,57.559,49.513,53.878,6470222.9,353035969.3715,714268
1615593600000,2021-03-13 00:00:00,FIL/USDT,44.086,52.216,43.508,49.531,4508779.2,217502568.2836,413751
1615507200000,2021-03-12 00:00:00,FIL/USDT,42.307,45.203,42.007,44.090,2913215.8,126685282.7532,266409
1615420800000,2021-03-11 00:00:00,FIL/USDT,42.521,43.191,41.686,42.306,1552123.2,65628857.3213,158824
1615334400000,2021-03-10 00:00:00,FIL/USDT,42.023,44.289,41.040,42.490,2347096.0,99975034.2822,212099
1615248000000,2021-03-09 00:00:00,FIL/USDT,41.591,42.630,41.258,42.014,1363052.6,57071310.1485,130874
1615161600000,2021-03-08 00:00:00,FIL/USDT,41.460,42.000,40.614,41.587,1206471.1,49808587.0667,117641
1615075200000,2021-03-07 00:00:00,FIL/USDT,40.426,42.500,40.291,41.459,1219373.8,50290043.0065,116703
1614988800000,2021-03-06 00:00:00,FIL/USDT,40.470,40.924,38.957,40.421,1070784.6,43054279.6296,119386
1614902400000,2021-03-05 00:00:00,FIL/USDT,40.809,40.848,37.081,40.468,1455589.7,57495289.6800,167858
1614816000000,2021-03-04 00:00:00,FIL/USDT,42.143,43.366,39.853,40.795,2176125.0,90315067.4080,236312
1614729600000,2021-03-03 00:00:00,FIL/USDT,38.242,45.000,38.026,42.143,4122780.7,171916818.0481,375995
1614643200000,2021-03-02 00:00:00,FIL/USDT,38.605,39.045,37.192,38.229,1650467.9,62993928.8008,174692
1614556800000,2021-03-01 00:00:00,FIL/USDT,35.937,39.478,35.651,38.607,1923626.1,71843240.5204,213819
1614470400000,2021-02-28 00:00:00,FIL/USDT,37.895,38.388,34.653,35.942,1964773.4,71032717.2270,195584
1614384000000,2021-02-27 00:00:00,FIL/USDT,35.133,38.807,35.082,37.915,2506162.7,92971367.3742,219878
1614297600000,2021-02-26 00:00:00,FIL/USDT,34.881,36.518,33.194,35.133,1902498.1,66548315.6760,187144
1614211200000,2021-02-25 00:00:00,FIL/USDT,36.583,37.472,34.634,34.890,2233005.0,80277525.3982,183169
1614124800000,2021-02-24 00:00:00,FIL/USDT,35.482,38.209,34.296,36.564,2563151.3,94442758.5831,250019
1614038400000,2021-02-23 00:00:00,FIL/USDT,39.325,39.436,30.443,35.479,5339196.3,188535887.5824,503359
1613952000000,2021-02-22 00:00:00,FIL/USDT,44.691,44.901,30.849,39.318,6902985.7,271159009.3748,663879
1613865600000,2021-02-21 00:00:00,FIL/USDT,43.083,46.050,42.501,44.695,3125664.7,138837012.3413,312793
1613779200000,2021-02-20 00:00:00,FIL/USDT,43.311,49.452,42.000,43.067,6868871.2,311721068.2719,535772
1613692800000,2021-02-19 00:00:00,FIL/USDT,43.493,43.920,41.303,43.274,3573546.6,151894766.7376,230633
1613606400000,2021-02-18 00:00:00,FIL/USDT,43.288,44.589,42.384,43.475,2621099.3,113872214.6774,209564
1613520000000,2021-02-17 00:00:00,FIL/USDT,41.955,44.862,40.266,43.266,3328940.5,141785298.7392,266241
1613433600000,2021-02-16 00:00:00,FIL/USDT,43.005,45.962,40.125,41.955,4300789.2,185861443.6162,363535
1613347200000,2021-02-15 00:00:00,FIL/USDT,47.223,50.899,34.471,42.962,11884244.3,518322523.9489,909264
1613260800000,2021-02-14 00:00:00,FIL/USDT,41.719,52.596,41.390,47.202,9859137.1,465275529.9523,747557
1613174400000,2021-02-13 00:00:00,FIL/USDT,42.732,45.758,39.500,41.702,5497705.8,234282395.5564,410368
1613088000000,2021-02-12 00:00:00,FIL/USDT,40.424,45.000,39.300,42.711,5871626.5,248239593.7983,410385
1613001600000,2021-02-11 00:00:00,FIL/USDT,39.900,43.261,35.363,40.420,6116845.5,246444882.9619,497507
1612915200000,2021-02-10 00:00:00,FIL/USDT,44.240,46.415,34.400,39.900,16219908.4,663587711.8058,1114452
1612828800000,2021-02-09 00:00:00,FIL/USDT,27.751,53.096,27.235,44.293,22016773.1,823073295.6516,1280417
1612742400000,2021-02-08 00:00:00,FIL/USDT,24.085,29.073,23.831,27.753,6677826.4,173296795.9983,408802
1612656000000,2021-02-07 00:00:00,FIL/USDT,24.295,24.689,23.730,24.079,1992557.6,48120913.1541,144083
1612569600000,2021-02-06 00:00:00,FIL/USDT,24.545,25.300,23.730,24.288,2755509.5,67449172.4121,209647
1612483200000,2021-02-05 00:00:00,FIL/USDT,22.921,25.710,22.823,24.545,4585538.6,111031375.1568,291143
1612396800000,2021-02-04 00:00:00,FIL/USDT,23.119,23.367,22.441,22.930,1735079.0,39915079.3098,110685
1612310400000,2021-02-03 00:00:00,FIL/USDT,22.521,23.590,22.469,23.117,1602857.0,36780815.5261,94066
1612224000000,2021-02-02 00:00:00,FIL/USDT,22.659,23.019,22.305,22.525,1249344.9,28274288.7804,89686
1612137600000,2021-02-01 00:00:00,FIL/USDT,22.289,24.178,22.050,22.656,4301069.7,98847584.9838,274877
1612051200000,2021-01-31 00:00:00,FIL/USDT,22.095,22.676,22.064,22.289,1449753.9,32398027.1794,90402
1611964800000,2021-01-30 00:00:00,FIL/USDT,22.344,22.636,21.980,22.098,1094229.9,24349929.5940,86674
1611878400000,2021-01-29 00:00:00,FIL/USDT,21.942,22.949,21.900,22.341,2109924.8,47276732.4622,138268
1611792000000,2021-01-28 00:00:00,FIL/USDT,21.444,22.132,21.328,21.933,977002.5,21375268.7479,79196
1611705600000,2021-01-27 00:00:00,FIL/USDT,22.218,22.252,21.199,21.450,1219345.6,26378160.4713,106330
1611619200000,2021-01-26 00:00:00,FIL/USDT,22.415,22.765,21.789,22.224,1069365.3,23747944.2117,103282
1611532800000,2021-01-25 00:00:00,FIL/USDT,22.724,23.127,22.335,22.415,1312536.8,29838167.0957,110463
1611446400000,2021-01-24 00:00:00,FIL/USDT,22.739,23.190,22.388,22.725,1622248.1,36979082.2204,127612
1611360000000,2021-01-23 00:00:00,FIL/USDT,22.298,23.623,22.166,22.740,2895997.9,66387123.2533,219789
1611273600000,2021-01-22 00:00:00,FIL/USDT,21.330,23.216,20.600,22.303,3955963.5,87768559.9580,293404
1611187200000,2021-01-21 00:00:00,FIL/USDT,22.391,22.777,20.804,21.317,1924732.3,41950956.1607,139934
1611100800000,2021-01-20 00:00:00,FIL/USDT,22.685,23.179,21.677,22.380,2459951.7,55045644.9955,178631
1611014400000,2021-01-19 00:00:00,FIL/USDT,23.828,25.322,22.617,22.670,2727013.1,64681698.6593,167516
1610928000000,2021-01-18 00:00:00,FIL/USDT,24.394,24.999,23.508,23.822,2302781.3,55513217.2526,163590
1610841600000,2021-01-17 00:00:00,FIL/USDT,22.865,26.209,22.445,24.409,6618286.6,162387827.9592,438081
1610755200000,2021-01-16 00:00:00,FIL/USDT,21.561,25.143,21.543,22.866,4191600.5,97465676.3099,220103
1610668800000,2021-01-15 00:00:00,FIL/USDT,21.629,22.302,21.226,21.561,1303510.1,28293386.6246,90336
1610582400000,2021-01-14 00:00:00,FIL/USDT,21.748,22.339,21.390,21.624,1221953.4,26659256.7636,83424
1610496000000,2021-01-13 00:00:00,FIL/USDT,21.017,21.951,20.936,21.740,1039463.1,22321744.4886,84160
1610409600000,2021-01-12 00:00:00,FIL/USDT,21.674,21.945,20.903,21.013,1135955.4,24370337.3160,89502
1610323200000,2021-01-11 00:00:00,FIL/USDT,23.453,23.593,20.878,21.684,2287179.0,49813406.1884,187987
1610236800000,2021-01-10 00:00:00,FIL/USDT,22.086,24.448,22.086,23.458,4002846.1,93148599.9687,262728
1610150400000,2021-01-09 00:00:00,FIL/USDT,21.645,22.710,21.379,22.085,1129865.0,24890156.4328,68629
1610064000000,2021-01-08 00:00:00,FIL/USDT,22.084,22.335,21.155,21.657,1340007.9,29110663.9900,99774
1609977600000,2021-01-07 00:00:00,FIL/USDT,21.986,23.152,21.784,22.101,2147655.5,48108548.3808,128658
1609891200000,2021-01-06 00:00:00,FIL/USDT,21.631,22.678,21.504,21.986,1479141.5,32454702.1225,96760
1609804800000,2021-01-05 00:00:00,FIL/USDT,21.412,22.493,21.000,21.629,1567169.4,33868244.9379,105009
1609718400000,2021-01-04 00:00:00,FIL/USDT,21.486,23.045,20.939,21.415,3137369.9,68422516.6305,168475
1609632000000,2021-01-03 00:00:00,FIL/USDT,21.777,22.049,20.774,21.480,1869400.9,40061369.0438,106954
1609545600000,2021-01-02 00:00:00,FIL/USDT,22.234,23.200,21.226,21.782,1595747.7,35354271.7865,89950
1609459200000,2021-01-01 00:00:00,FIL/USDT,24.357,25.054,21.813,22.233,2330773.9,54223159.5216,140936
1609372800000,2020-12-31 00:00:00,FIL/USDT,21.443,26.316,21.060,24.355,4331026.9,102759702.9432,268940
1609286400000,2020-12-30 00:00:00,FIL/USDT,20.395,22.000,20.161,21.445,1640581.0,35016035.8372,98917
1609200000000,2020-12-29 00:00:00,FIL/USDT,21.950,22.238,19.899,20.400,1498335.4,31239143.2510,105547
1609113600000,2020-12-28 00:00:00,FIL/USDT,22.135,23.091,21.890,21.954,939810.7,21149699.8945,63150
1609027200000,2020-12-27 00:00:00,FIL/USDT,23.571,23.694,22.134,22.134,1045363.2,24010056.9616,72738
1608940800000,2020-12-26 00:00:00,FIL/USDT,24.335,24.350,23.417,23.571,416443.9,9913922.3326,34388
1608854400000,2020-12-25 00:00:00,FIL/USDT,23.692,24.575,23.106,24.342,1439146.3,34291189.4026,93353
1608768000000,2020-12-24 00:00:00,FIL/USDT,22.373,24.457,21.842,23.693,1868814.6,42971817.6857,137428
1608681600000,2020-12-23 00:00:00,FIL/USDT,24.614,24.960,21.223,22.370,2039471.5,47416695.4575,164383
1608595200000,2020-12-22 00:00:00,FIL/USDT,24.977,25.550,24.261,24.611,1662914.5,41295931.7404,125873
1608508800000,2020-12-21 00:00:00,FIL/USDT,28.437,28.445,23.666,24.986,2878901.7,74172477.0702,202496
1608422400000,2020-12-20 00:00:00,FIL/USDT,28.203,28.498,27.946,28.435,494827.6,13972461.1760,40207
1608336000000,2020-12-19 00:00:00,FIL/USDT,28.490,28.900,28.070,28.204,766229.9,21827166.9395,53848
1608249600000,2020-12-18 00:00:00,FIL/USDT,28.481,28.903,28.324,28.490,456713.1,13067523.0966,47634
1608163200000,2020-12-17 00:00:00,FIL/USDT,28.420,29.544,28.284,28.481,1220089.4,35275141.3779,102791
1608076800000,2020-12-16 00:00:00,FIL/USDT,29.127,29.510,27.757,28.427,1148205.1,33158166.5633,102824
1607990400000,2020-12-15 00:00:00,FIL/USDT,29.340,29.800,29.014,29.127,566436.1,16661985.2576,65899
1607904000000,2020-12-14 00:00:00,FIL/USDT,29.972,30.152,29.078,29.326,655848.7,19486830.9198,50366
1607817600000,2020-12-13 00:00:00,FIL/USDT,29.925,30.350,29.871,29.973,484793.6,14586203.9181,38677
1607731200000,2020-12-12 00:00:00,FIL/USDT,29.877,30.328,29.814,29.924,523755.7,15746081.8863,42161
1607644800000,2020-12-11 00:00:00,FIL/USDT,30.550,30.730,29.802,29.878,1309936.4,39629969.1762,105534
1607558400000,2020-12-10 00:00:00,FIL/USDT,30.466,32.480,30.401,30.555,2685081.2,83784041.1979,164785
1607472000000,2020-12-09 00:00:00,FIL/USDT,29.900,31.440,29.594,30.470,2205320.0,67284829.0149,143257
1607385600000,2020-12-08 00:00:00,FIL/USDT,30.505,30.959,29.584,29.900,1609570.8,48924605.0391,109410
1607299200000,2020-12-07 00:00:00,FIL/USDT,29.334,34.021,29.285,30.505,2724477.1,85414697.7955,194985
1607212800000,2020-12-06 00:00:00,FIL/USDT,29.858,30.099,29.010,29.339,428622.2,12652110.1326,37435
1607126400000,2020-12-05 00:00:00,FIL/USDT,28.970,30.150,28.825,29.857,469870.8,13897387.4060,42051
1607040000000,2020-12-04 00:00:00,FIL/USDT,30.436,30.600,28.770,28.983,1006396.7,29944131.1913,75545
1606953600000,2020-12-03 00:00:00,FIL/USDT,30.620,30.946,30.171,30.443,870835.0,26645900.7277,57914
1606867200000,2020-12-02 00:00:00,FIL/USDT,30.337,31.341,30.090,30.628,1068167.5,32748849.5349,81619
1606780800000,2020-12-01 00:00:00,FIL/USDT,30.446,32.059,29.601,30.353,1747667.6,53538235.2046,130284
1606694400000,2020-11-30 00:00:00,FIL/USDT,30.066,30.936,30.048,30.440,1105356.3,33688811.8331,87425
1606608000000,2020-11-29 00:00:00,FIL/USDT,29.965,30.251,29.748,30.058,610317.4,18318854.3949,50829
1606521600000,2020-11-28 00:00:00,FIL/USDT,29.931,30.424,29.662,29.968,729809.2,21921081.7968,68598
1606435200000,2020-11-27 00:00:00,FIL/USDT,29.901,30.494,29.263,29.943,1064136.2,31783313.0698,102817
1606348800000,2020-11-26 00:00:00,FIL/USDT,31.015,32.155,28.300,29.899,3566044.5,106839448.1728,283216
1606262400000,2020-11-25 00:00:00,FIL/USDT,29.795,35.471,29.600,31.005,6087640.2,200284168.9223,430068
1606176000000,2020-11-24 00:00:00,FIL/USDT,29.239,30.971,28.572,29.795,2436595.3,72677509.5687,183848
1606089600000,2020-11-23 00:00:00,FIL/USDT,28.943,29.630,28.727,29.242,1141584.4,33262285.6371,98414
1606003200000,2020-11-22 00:00:00,FIL/USDT,30.020,30.320,28.503,28.942,1320168.0,38651444.3300,123480
1605916800000,2020-11-21 00:00:00,FIL/USDT,29.065,31.235,28.787,29.994,2495619.4,74578168.1561,183834
1605830400000,2020-11-20 00:00:00,FIL/USDT,28.807,30.700,28.473,29.069,1437720.7,42228047.2708,117690
1605744000000,2020-11-19 00:00:00,FIL/USDT,28.820,29.375,28.003,28.808,682504.3,19701030.1319,71676
1605657600000,2020-11-18 00:00:00,FIL/USDT,29.126,29.832,27.343,28.820,1306902.9,37609552.9605,125402
1605571200000,2020-11-17 00:00:00,FIL/USDT,27.399,29.928,27.311,29.113,1986009.6,57530163.4922,166488
1605484800000,2020-11-16 00:00:00,FIL/USDT,27.682,28.011,27.100,27.406,986896.2,27244200.2179,93639
1605398400000,2020-11-15 00:00:00,FIL/USDT,29.261,29.350,27.340,27.684,954972.2,27108206.8612,96563
1605312000000,2020-11-14 00:00:00,FIL/USDT,29.125,29.448,28.401,29.266,794184.6,22978965.9229,80609
1605225600000,2020-11-13 00:00:00,FIL/USDT,29.447,30.056,29.010,29.134,775836.6,22882855.7880,77013
1605139200000,2020-11-12 00:00:00,FIL/USDT,30.057,30.333,28.472,29.463,896517.2,26475993.2947,104160
1605052800000,2020-11-11 00:00:00,FIL/USDT,30.372,30.998,29.290,30.066,1310805.7,39918719.6901,112284
1604966400000,2020-11-10 00:00:00,FIL/USDT,31.172,31.380,30.243,30.366,1655533.9,50940420.6481,143945
1604880000000,2020-11-09 00:00:00,FIL/USDT,30.714,32.171,30.180,31.187,1805987.1,56191859.3552,150211
1604793600000,2020-11-08 00:00:00,FIL/USDT,29.890,31.999,29.500,30.722,1262322.5,38492253.6279,126588
1604707200000,2020-11-07 00:00:00,FIL/USDT,31.675,33.372,29.221,29.889,3912790.0,121991020.9067,265525
1604620800000,2020-11-06 00:00:00,FIL/USDT,29.351,33.291,29.152,31.677,3567553.9,111367920.3987,245701
1604534400000,2020-11-05 00:00:00,FIL/USDT,28.817,30.262,28.300,29.356,2072858.1,60544194.7234,137282
1604448000000,2020-11-04 00:00:00,FIL/USDT,28.825,29.466,28.015,28.823,2333022.3,66855031.8301,157248
1604361600000,2020-11-03 00:00:00,FIL/USDT,29.556,29.649,27.847,28.820,2336767.6,66724211.0662,163499
1604275200000,2020-11-02 00:00:00,FIL/USDT,31.526,31.960,29.305,29.557,2761232.8,83291037.3092,193740
1604188800000,2020-11-01 00:00:00,FIL/USDT,31.190,31.852,30.473,31.544,2423092.2,75234216.1688,169846
1604102400000,2020-10-31 00:00:00,FIL/USDT,29.100,32.738,28.100,31.201,4003763.8,121118702.5749,280972
1604016000000,2020-10-30 00:00:00,FIL/USDT,32.452,32.471,28.400,29.100,5550097.7,166362858.3972,438283
1603929600000,2020-10-29 00:00:00,FIL/USDT,33.450,33.969,31.131,32.452,4289565.0,140838985.3235,325286
1603843200000,2020-10-28 00:00:00,FIL/USDT,34.917,35.900,31.800,33.459,5975538.9,201489749.4280,498057
1603756800000,2020-10-27 00:00:00,FIL/USDT,28.678,37.000,27.880,34.903,8331819.0,273598849.2451,696137
1603670400000,2020-10-26 00:00:00,FIL/USDT,32.925,34.480,27.129,28.649,11686127.2,360911700.4385,933777
1603584000000,2020-10-25 00:00:00,FIL/USDT,24.514,37.240,24.065,32.900,17588994.7,525810944.5202,1330671
1603497600000,2020-10-24 00:00:00,FIL/USDT,23.766,25.550,21.660,24.486,8507454.6,199853354.0584,655530
1603411200000,2020-10-23 00:00:00,FIL/USDT,23.031,25.899,19.765,23.760,9244732.0,206355311.5720,663207
1603324800000,2020-10-22 00:00:00,FIL/USDT,26.400,26.591,22.055,23.058,5930854.4,146009356.3757,496632
1603238400000,2020-10-21 00:00:00,FIL/USDT,29.816,31.517,26.400,26.400,3981233.7,115780131.4823,369429
1603152000000,2020-10-20 00:00:00,FIL/USDT,30.025,30.500,27.834,29.800,3611696.2,105217043.0360,353224
1603065600000,2020-10-19 00:00:00,FIL/USDT,31.527,31.850,26.660,30.080,7205885.4,205525691.5206,671671
1602979200000,2020-10-18 00:00:00,FIL/USDT,34.620,35.590,30.711,31.570,3993747.3,130954874.1909,451871
1602892800000,2020-10-17 00:00:00,FIL/USDT,30.205,37.500,28.100,34.700,6897928.6,223079303.1589,744041
1602806400000,2020-10-16 00:00:00,FIL/USDT,60.455,60.462,24.500,30.318,10257406.6,370397964.5961,890007
