unix,date,symbol,open,high,low,close,Volume DOT,Volume USDT,tradecount
1658275200000,2022-07-20 00:00:00,DOT/USDT,7.79000000,7.82000000,7.67000000,7.70000000,166134.43000000,1287221.81850000,2596
1658188800000,2022-07-19 00:00:00,DOT/USDT,7.65000000,8.03000000,7.49000000,7.79000000,14586041.75000000,113531372.53220000,180975
1658102400000,2022-07-18 00:00:00,DOT/USDT,6.91000000,7.73000000,6.90000000,7.66000000,12596431.22000000,93668175.33000000,146911
1658016000000,2022-07-17 00:00:00,DOT/USDT,7.20000000,7.33000000,6.88000000,6.92000000,5172727.22000000,36744629.67110000,68732
1657929600000,2022-07-16 00:00:00,DOT/USDT,6.79000000,7.22000000,6.56000000,7.20000000,6479588.08000000,44569898.48420000,74939
1657843200000,2022-07-15 00:00:00,DOT/USDT,6.73000000,6.99000000,6.65000000,6.79000000,6331276.95000000,43246930.69120000,72915
1657756800000,2022-07-14 00:00:00,DOT/USDT,6.47000000,6.77000000,6.29000000,6.72000000,5683331.12000000,37031562.88560000,67101
1657670400000,2022-07-13 00:00:00,DOT/USDT,6.29000000,6.55000000,6.00000000,6.47000000,6999118.42000000,44083802.37650900,91643
1657584000000,2022-07-12 00:00:00,DOT/USDT,6.53000000,6.63000000,6.26000000,6.28000000,4787702.68000000,30983674.95090000,67143
1657497600000,2022-07-11 00:00:00,DOT/USDT,6.85000000,6.91000000,6.50000000,6.53000000,4986347.38000000,33661310.03160000,64923
1657411200000,2022-07-10 00:00:00,DOT/USDT,7.25000000,7.27000000,6.76000000,6.86000000,4503146.23000000,31370359.88230000,56618
1657324800000,2022-07-09 00:00:00,DOT/USDT,7.04000000,7.36000000,7.03000000,7.25000000,3537025.96000000,25553595.66080000,50100
1657238400000,2022-07-08 00:00:00,DOT/USDT,7.30000000,7.46000000,6.94000000,7.04000000,6835377.20000000,48843187.65700000,80147
1657152000000,2022-07-07 00:00:00,DOT/USDT,6.92000000,7.36000000,6.88000000,7.30000000,6147860.15000000,43704182.48920000,73511
1657065600000,2022-07-06 00:00:00,DOT/USDT,6.84000000,7.01000000,6.69000000,6.93000000,5792837.78000000,39832785.77460000,70443
1656979200000,2022-07-05 00:00:00,DOT/USDT,7.17000000,7.23000000,6.60000000,6.84000000,8211754.60000000,56368200.56690000,108593
1656892800000,2022-07-04 00:00:00,DOT/USDT,6.86000000,7.21000000,6.66000000,7.17000000,4883415.15000000,33941363.84000000,69376
1656806400000,2022-07-03 00:00:00,DOT/USDT,6.83000000,6.99000000,6.61000000,6.85000000,3092743.90000000,20955883.21970000,48284
1656720000000,2022-07-02 00:00:00,DOT/USDT,6.75000000,6.91000000,6.62000000,6.83000000,3127372.77000000,21155298.34470000,43896
1656633600000,2022-07-01 00:00:00,DOT/USDT,7.06000000,7.26000000,6.54000000,6.75000000,7477875.43000000,51016914.48550000,97326
1656547200000,2022-06-30 00:00:00,DOT/USDT,7.04000000,7.10000000,6.64000000,7.06000000,6917468.18000000,47323996.64910000,94117
1656460800000,2022-06-29 00:00:00,DOT/USDT,7.31000000,7.44000000,6.95000000,7.03000000,6972853.93000000,50044314.10090000,89615
1656374400000,2022-06-28 00:00:00,DOT/USDT,7.74000000,8.00000000,7.26000000,7.31000000,6104944.23000000,46731831.56590000,86584
1656288000000,2022-06-27 00:00:00,DOT/USDT,7.84000000,8.20000000,7.68000000,7.74000000,4689419.47000000,37231117.60740000,71708
1656201600000,2022-06-26 00:00:00,DOT/USDT,8.14000000,8.49000000,7.81000000,7.84000000,4772371.56000000,38890222.01240000,77539
1656115200000,2022-06-25 00:00:00,DOT/USDT,8.19000000,8.37000000,7.79000000,8.13000000,3861028.21000000,31232213.41590000,64495
1656028800000,2022-06-24 00:00:00,DOT/USDT,7.78000000,8.34000000,7.72000000,8.18000000,5534788.24000000,44563465.56050000,88031
1655942400000,2022-06-23 00:00:00,DOT/USDT,7.40000000,7.82000000,7.36000000,7.78000000,4766745.68000000,36326635.48640000,72097
1655856000000,2022-06-22 00:00:00,DOT/USDT,7.76000000,7.82000000,7.35000000,7.39000000,5249428.04000000,39661309.72030000,82576
1655769600000,2022-06-21 00:00:00,DOT/USDT,7.88000000,8.28000000,7.67000000,7.77000000,6447239.03000000,51745513.03430000,106059
1655683200000,2022-06-20 00:00:00,DOT/USDT,7.53000000,8.02000000,7.17000000,7.87000000,8079205.13000000,62081274.75320000,128520
1655596800000,2022-06-19 00:00:00,DOT/USDT,7.06000000,7.65000000,6.76000000,7.53000000,7341233.58000000,52686016.51800000,102644
1655510400000,2022-06-18 00:00:00,DOT/USDT,7.28000000,7.41000000,6.47000000,7.05000000,10420321.76000000,71400347.61840000,135699
1655424000000,2022-06-17 00:00:00,DOT/USDT,7.13000000,7.47000000,7.03000000,7.28000000,6187728.40000000,45074013.91870000,87678
1655337600000,2022-06-16 00:00:00,DOT/USDT,8.50000000,8.56000000,6.97000000,7.13000000,11913274.40000000,91641018.53800000,187912
1655251200000,2022-06-15 00:00:00,DOT/USDT,7.36000000,8.79000000,6.84000000,8.49000000,18683708.96000000,139120802.85040000,280199
1655164800000,2022-06-14 00:00:00,DOT/USDT,7.04000000,7.56000000,6.68000000,7.36000000,14217216.87000000,102415414.45340000,195338
1655078400000,2022-06-13 00:00:00,DOT/USDT,7.40000000,7.48000000,6.36000000,7.04000000,18666647.18100000,128651903.38803000,286131
1654992000000,2022-06-12 00:00:00,DOT/USDT,8.04000000,8.11000000,7.38000000,7.41000000,9340811.88000000,72280212.65500000,140323
1654905600000,2022-06-11 00:00:00,DOT/USDT,8.66000000,8.85000000,7.90000000,8.03000000,6779329.31000000,56441803.35580000,115676
1654819200000,2022-06-10 00:00:00,DOT/USDT,9.23000000,9.37000000,8.52000000,8.65000000,6447468.57000000,57441554.29000000,115506
1654732800000,2022-06-09 00:00:00,DOT/USDT,9.01000000,9.47000000,8.91000000,9.24000000,4879363.93000000,45051208.85530000,83722
1654646400000,2022-06-08 00:00:00,DOT/USDT,9.22000000,9.40000000,8.90000000,9.01000000,3812382.23000000,34736843.74900000,74199
1654560000000,2022-06-07 00:00:00,DOT/USDT,9.51000000,9.51000000,8.84000000,9.23000000,5096057.45000000,46606636.95470000,101635
1654473600000,2022-06-06 00:00:00,DOT/USDT,9.35000000,9.94000000,9.32000000,9.51000000,5016416.01000000,48679189.08470000,90771
1654387200000,2022-06-05 00:00:00,DOT/USDT,9.45000000,9.56000000,9.25000000,9.35000000,2387500.54000000,22401385.27980000,44509
1654300800000,2022-06-04 00:00:00,DOT/USDT,9.38000000,9.56000000,9.14000000,9.44000000,2764967.02000000,25867054.41970000,49414
1654214400000,2022-06-03 00:00:00,DOT/USDT,9.88000000,9.93000000,9.20000000,9.37000000,5185222.06000000,49178642.36350000,91231
1654128000000,2022-06-02 00:00:00,DOT/USDT,9.45000000,10.13000000,9.29000000,9.89000000,5917176.47000000,56882983.14900000,96897
1654041600000,2022-06-01 00:00:00,DOT/USDT,10.36000000,10.75000000,9.26000000,9.46000000,10157569.75000000,102483915.27230000,159686
1653955200000,2022-05-31 00:00:00,DOT/USDT,10.47000000,10.65000000,9.94000000,10.35000000,8792549.01000000,90890230.76760000,134597
1653868800000,2022-05-30 00:00:00,DOT/USDT,9.99000000,10.79000000,9.91000000,10.47000000,8473368.99000000,87691394.10140000,131600
1653782400000,2022-05-29 00:00:00,DOT/USDT,9.66000000,10.04000000,9.33000000,9.98000000,5865314.46000000,56842400.61200000,104928
1653696000000,2022-05-28 00:00:00,DOT/USDT,9.12000000,9.80000000,8.95000000,9.65000000,5955686.38000000,55738281.78040000,101637
1653609600000,2022-05-27 00:00:00,DOT/USDT,9.14000000,10.00000000,8.56000000,9.12000000,15631681.11000000,145061636.19850000,231349
1653523200000,2022-05-26 00:00:00,DOT/USDT,9.87000000,10.00000000,8.82000000,9.14000000,13610458.18000000,127248556.30160000,170161
1653436800000,2022-05-25 00:00:00,DOT/USDT,10.19000000,10.34000000,9.77000000,9.87000000,6770708.75000000,67750596.92540000,92236
1653350400000,2022-05-24 00:00:00,DOT/USDT,9.88000000,10.27000000,9.56000000,10.19000000,6933332.57000000,68760611.40690000,99855
1653264000000,2022-05-23 00:00:00,DOT/USDT,10.16000000,10.80000000,9.80000000,9.88000000,9534059.79000000,98450333.38550000,159435
1653177600000,2022-05-22 00:00:00,DOT/USDT,10.00000000,10.34000000,9.87000000,10.16000000,4485374.89000000,45305518.45510000,80446
1653091200000,2022-05-21 00:00:00,DOT/USDT,9.67000000,10.10000000,9.46000000,10.00000000,4106354.74000000,40273702.85010000,72163
1653004800000,2022-05-20 00:00:00,DOT/USDT,10.04000000,10.26000000,9.45000000,9.67000000,8304278.67000000,81820169.60090000,133824
1652918400000,2022-05-19 00:00:00,DOT/USDT,9.49000000,10.41000000,9.22000000,10.03000000,10352256.32000000,101903360.80940000,176101
1652832000000,2022-05-18 00:00:00,DOT/USDT,11.03000000,11.17000000,9.43000000,9.49000000,10809076.66000000,110317390.98000000,195469
1652745600000,2022-05-17 00:00:00,DOT/USDT,10.62000000,11.34000000,10.43000000,11.04000000,8641438.95000000,94535273.07170000,167846
1652659200000,2022-05-16 00:00:00,DOT/USDT,11.81000000,11.81000000,10.37000000,10.63000000,10051194.44000000,109369336.75590000,213935
1652572800000,2022-05-15 00:00:00,DOT/USDT,11.31000000,11.87000000,10.57000000,11.81000000,11082707.18000000,123422082.40150000,218941
1652486400000,2022-05-14 00:00:00,DOT/USDT,10.45000000,11.56000000,9.76000000,11.30000000,15902710.63000000,168541392.98000000,300699
1652400000000,2022-05-13 00:00:00,DOT/USDT,8.70000000,11.79000000,8.56000000,10.46000000,25890493.66000000,272524262.62270000,427446
1652313600000,2022-05-12 00:00:00,DOT/USDT,9.07000000,9.52000000,7.30000000,8.71000000,25729345.37500000,215253954.22271000,502173
1652227200000,2022-05-11 00:00:00,DOT/USDT,11.35000000,11.66000000,8.06000000,9.09000000,31995073.85900000,316359655.61068700,683576
1652140800000,2022-05-10 00:00:00,DOT/USDT,10.63000000,12.44000000,10.31000000,11.36000000,18906768.51100000,216809026.27638500,385047
1652054400000,2022-05-09 00:00:00,DOT/USDT,13.26000000,13.49000000,10.51000000,10.62000000,19395824.82900000,229337958.94569600,385487
1651968000000,2022-05-08 00:00:00,DOT/USDT,13.75000000,13.88000000,13.03000000,13.25000000,7019382.93100000,94131882.21166800,140423
1651881600000,2022-05-07 00:00:00,DOT/USDT,14.33000000,14.38000000,13.36000000,13.75000000,4305832.06800000,60366358.33960800,100115
1651795200000,2022-05-06 00:00:00,DOT/USDT,14.58000000,14.67000000,13.81000000,14.32000000,6781078.50000000,96930315.19068300,156333
1651708800000,2022-05-05 00:00:00,DOT/USDT,16.34000000,16.45000000,14.02000000,14.58000000,9116577.82000000,137294027.67580000,214438
1651622400000,2022-05-04 00:00:00,DOT/USDT,14.73000000,16.35000000,14.66000000,16.34000000,6243464.14000000,96420634.58890000,141696
1651536000000,2022-05-03 00:00:00,DOT/USDT,14.97000000,15.23000000,14.52000000,14.72000000,3404204.43000000,50784170.61800000,78494
1651449600000,2022-05-02 00:00:00,DOT/USDT,15.36000000,15.60000000,14.56000000,14.96000000,5385162.38000000,80994840.17450000,131461
1651363200000,2022-05-01 00:00:00,DOT/USDT,14.50000000,15.53000000,14.48000000,15.36000000,5066643.89000000,76000246.15260000,142003
1651276800000,2022-04-30 00:00:00,DOT/USDT,16.19000000,16.45000000,14.18000000,14.50000000,6047042.51000000,93498795.72190000,155043
1651190400000,2022-04-29 00:00:00,DOT/USDT,16.99000000,17.07000000,15.99000000,16.19000000,4036404.24000000,66481128.25670000,110239
1651104000000,2022-04-28 00:00:00,DOT/USDT,16.94000000,17.43000000,16.75000000,16.99000000,4260939.10000000,72640479.27650000,120035
1651017600000,2022-04-27 00:00:00,DOT/USDT,16.68000000,17.27000000,16.48000000,16.94000000,3781290.25000000,64041285.25950000,102653
1650931200000,2022-04-26 00:00:00,DOT/USDT,18.11000000,18.34000000,16.40000000,16.68000000,5792628.08000000,100624509.79980000,153082
1650844800000,2022-04-25 00:00:00,DOT/USDT,18.17000000,18.25000000,17.12000000,18.10000000,5316099.45000000,93660434.22060000,152371
1650758400000,2022-04-24 00:00:00,DOT/USDT,18.69000000,19.16000000,18.07000000,18.17000000,3027438.28000000,56196588.48330000,90421
1650672000000,2022-04-23 00:00:00,DOT/USDT,18.28000000,19.27000000,17.96000000,18.69000000,3583194.77000000,66980562.55070000,110244
1650585600000,2022-04-22 00:00:00,DOT/USDT,18.17000000,18.53000000,18.07000000,18.28000000,3634735.07000000,66517627.91520000,93788
1650499200000,2022-04-21 00:00:00,DOT/USDT,19.10000000,19.68000000,18.03000000,18.18000000,4574629.37000000,87013012.06870000,147076
1650412800000,2022-04-20 00:00:00,DOT/USDT,18.89000000,19.54000000,18.54000000,19.09000000,5373410.27000000,102401843.85270000,162840
1650326400000,2022-04-19 00:00:00,DOT/USDT,18.16000000,18.96000000,18.04000000,18.88000000,3242472.57000000,59892582.05540000,93175
1650240000000,2022-04-18 00:00:00,DOT/USDT,17.74000000,18.36000000,17.10000000,18.15000000,4831063.54000000,85429480.17900000,130168
1650153600000,2022-04-17 00:00:00,DOT/USDT,18.61000000,18.81000000,17.65000000,17.74000000,2796505.88000000,51355426.95070000,79407
1650067200000,2022-04-16 00:00:00,DOT/USDT,18.35000000,18.70000000,18.17000000,18.61000000,2340391.42000000,43115226.53520000,67396
1649980800000,2022-04-15 00:00:00,DOT/USDT,17.91000000,18.43000000,17.78000000,18.34000000,2489380.26000000,45171891.51460000,76905
1649894400000,2022-04-14 00:00:00,DOT/USDT,18.20000000,18.48000000,17.47000000,17.91000000,3580226.26000000,64403775.68250000,100658
1649808000000,2022-04-13 00:00:00,DOT/USDT,17.77000000,18.30000000,17.37000000,18.20000000,3723536.86000000,66760393.29010000,109086
1649721600000,2022-04-12 00:00:00,DOT/USDT,17.20000000,18.04000000,17.16000000,17.77000000,5075204.98000000,89394319.72510000,140966
1649635200000,2022-04-11 00:00:00,DOT/USDT,19.23000000,19.29000000,17.00000000,17.20000000,7676575.11000000,138208099.36420000,196300
1649548800000,2022-04-10 00:00:00,DOT/USDT,19.76000000,20.25000000,19.16000000,19.22000000,3716291.30000000,73328405.15570000,92359
1649462400000,2022-04-09 00:00:00,DOT/USDT,19.43000000,19.83000000,19.29000000,19.75000000,2328439.00000000,45610810.15240000,60605
1649376000000,2022-04-08 00:00:00,DOT/USDT,20.40000000,20.58000000,19.14000000,19.43000000,4641004.36000000,93149029.40700000,119032
1649289600000,2022-04-07 00:00:00,DOT/USDT,19.84000000,20.65000000,19.45000000,20.40000000,5000936.99000000,100597301.64930000,143840
1649203200000,2022-04-06 00:00:00,DOT/USDT,21.78000000,21.82000000,19.71000000,19.85000000,8285158.05000000,172120456.41770000,254683
1649116800000,2022-04-05 00:00:00,DOT/USDT,22.90000000,23.12000000,21.68000000,21.78000000,6045973.86000000,136552989.25880000,169360
1649030400000,2022-04-04 00:00:00,DOT/USDT,23.21000000,23.23000000,21.60000000,22.89000000,7444175.86000000,167399546.21410000,209325
1648944000000,2022-04-03 00:00:00,DOT/USDT,22.61000000,23.57000000,22.51000000,23.21000000,7497259.93000000,172737851.89520000,209588
1648857600000,2022-04-02 00:00:00,DOT/USDT,22.07000000,23.85000000,21.95000000,22.61000000,10723061.37000000,245877307.21840000,391350
1648771200000,2022-04-01 00:00:00,DOT/USDT,21.33000000,22.17000000,20.60000000,22.07000000,7952049.94000000,170143990.99540000,237844
1648684800000,2022-03-31 00:00:00,DOT/USDT,22.46000000,23.06000000,21.08000000,21.33000000,8749758.60000000,193846033.75790000,248492
1648598400000,2022-03-30 00:00:00,DOT/USDT,22.43000000,23.00000000,21.62000000,22.45000000,7985199.05000000,178216316.66870000,229519
1648512000000,2022-03-29 00:00:00,DOT/USDT,21.99000000,22.96000000,21.83000000,22.42000000,7738475.52000000,173592000.54550000,214376
1648425600000,2022-03-28 00:00:00,DOT/USDT,22.47000000,23.33000000,21.78000000,21.99000000,9121823.41000000,207898225.83000000,297796
1648339200000,2022-03-27 00:00:00,DOT/USDT,20.92000000,22.48000000,20.71000000,22.46000000,5215022.34000000,111669490.89430000,204128
1648252800000,2022-03-26 00:00:00,DOT/USDT,20.54000000,21.04000000,20.24000000,20.91000000,3152433.21000000,65393377.61910000,83292
1648166400000,2022-03-25 00:00:00,DOT/USDT,21.26000000,21.38000000,20.18000000,20.53000000,5860263.46000000,122159246.63690000,179435
1648080000000,2022-03-24 00:00:00,DOT/USDT,21.02000000,21.50000000,20.25000000,21.26000000,7157667.86000000,149850409.67940000,253390
1647993600000,2022-03-23 00:00:00,DOT/USDT,20.22000000,21.13000000,19.80000000,21.02000000,8218890.14000000,168389826.75030000,358597
1647907200000,2022-03-22 00:00:00,DOT/USDT,18.75000000,20.48000000,18.68000000,20.21000000,8290773.03000000,164180480.43950000,299893
1647820800000,2022-03-21 00:00:00,DOT/USDT,18.66000000,19.06000000,18.40000000,18.74000000,4133739.80000000,77622162.85130000,133812
1647734400000,2022-03-20 00:00:00,DOT/USDT,19.40000000,19.46000000,18.32000000,18.65000000,3665220.06000000,69138849.91930000,125787
1647648000000,2022-03-19 00:00:00,DOT/USDT,18.95000000,19.79000000,18.86000000,19.40000000,4955267.89000000,95919571.51950000,173538
1647561600000,2022-03-18 00:00:00,DOT/USDT,18.75000000,19.20000000,18.13000000,18.95000000,4587101.48000000,85522884.97680000,136167
1647475200000,2022-03-17 00:00:00,DOT/USDT,19.05000000,19.35000000,18.63000000,18.75000000,4721544.69000000,89440439.93460000,131772
1647388800000,2022-03-16 00:00:00,DOT/USDT,17.81000000,19.19000000,17.69000000,19.05000000,8986827.35000000,164584412.32860000,272437
1647302400000,2022-03-15 00:00:00,DOT/USDT,17.70000000,18.06000000,17.05000000,17.81000000,4076701.31000000,71398973.66280000,139848
1647216000000,2022-03-14 00:00:00,DOT/USDT,17.22000000,17.86000000,17.00000000,17.70000000,4696610.20000000,82067579.76850000,132672
1647129600000,2022-03-13 00:00:00,DOT/USDT,18.14000000,18.40000000,17.13000000,17.22000000,4818274.40000000,86043792.84750000,170760
1647043200000,2022-03-12 00:00:00,DOT/USDT,17.70000000,18.75000000,17.68000000,18.14000000,6497976.77000000,118947709.24800000,229172
1646956800000,2022-03-11 00:00:00,DOT/USDT,16.97000000,18.49000000,16.69000000,17.69000000,9499810.42000000,168964892.80600000,258063
1646870400000,2022-03-10 00:00:00,DOT/USDT,17.87000000,17.93000000,16.68000000,16.96000000,5040319.15000000,86136500.09760000,144441
1646784000000,2022-03-09 00:00:00,DOT/USDT,16.97000000,18.09000000,16.88000000,17.86000000,5742934.66000000,101623622.26220000,163035
1646697600000,2022-03-08 00:00:00,DOT/USDT,16.41000000,17.28000000,16.31000000,16.97000000,6274147.57000000,105483150.65200000,167468
1646611200000,2022-03-07 00:00:00,DOT/USDT,16.99000000,17.14000000,16.00000000,16.41000000,7315211.21000000,121108507.96400000,205994
1646524800000,2022-03-06 00:00:00,DOT/USDT,17.33000000,17.59000000,16.51000000,16.99000000,5491289.20000000,93558590.64100000,158563
1646438400000,2022-03-05 00:00:00,DOT/USDT,16.79000000,17.80000000,16.18000000,17.33000000,5101742.90000000,86612442.44660000,160982
1646352000000,2022-03-04 00:00:00,DOT/USDT,18.02000000,18.06000000,16.50000000,16.79000000,8560042.35000000,147170903.42020000,217361
1646265600000,2022-03-03 00:00:00,DOT/USDT,18.61000000,18.67000000,17.77000000,18.02000000,7635060.13000000,139034673.92460000,199171
1646179200000,2022-03-02 00:00:00,DOT/USDT,18.90000000,19.26000000,18.35000000,18.61000000,8422865.21000000,158046725.71660000,236252
1646092800000,2022-03-01 00:00:00,DOT/USDT,18.94000000,19.56000000,18.32000000,18.89000000,11677345.78000000,220601939.17170000,320889
1646006400000,2022-02-28 00:00:00,DOT/USDT,17.50000000,19.11000000,16.62000000,18.94000000,14924830.91000000,262571854.01230000,326935
1645920000000,2022-02-27 00:00:00,DOT/USDT,18.03000000,18.72000000,17.07000000,17.50000000,9879341.39000000,176867091.99670000,262992
1645833600000,2022-02-26 00:00:00,DOT/USDT,17.26000000,18.78000000,17.16000000,18.03000000,10979780.48000000,198667445.30760000,309549
1645747200000,2022-02-25 00:00:00,DOT/USDT,16.17000000,17.52000000,15.78000000,17.25000000,8246998.11000000,134910660.02790000,211521
1645660800000,2022-02-24 00:00:00,DOT/USDT,15.97000000,16.75000000,14.05000000,16.16000000,22293881.52800000,336875109.94484700,466213
1645574400000,2022-02-23 00:00:00,DOT/USDT,16.61000000,17.51000000,15.91000000,15.97000000,10055911.02000000,168295996.14670000,237953
1645488000000,2022-02-22 00:00:00,DOT/USDT,16.18000000,16.73000000,15.80000000,16.60000000,8427783.22000000,136778287.80050000,185607
1645401600000,2022-02-21 00:00:00,DOT/USDT,16.91000000,17.74000000,16.03000000,16.18000000,11178458.24000000,188216746.64640000,273365
1645315200000,2022-02-20 00:00:00,DOT/USDT,17.85000000,17.87000000,16.67000000,16.91000000,6518197.69000000,110985772.17130000,165504
1645228800000,2022-02-19 00:00:00,DOT/USDT,17.82000000,18.22000000,17.34000000,17.84000000,3507413.77000000,62338104.68880000,105340
1645142400000,2022-02-18 00:00:00,DOT/USDT,18.17000000,18.60000000,17.59000000,17.82000000,6205167.39000000,112325850.22070000,180630
1645056000000,2022-02-17 00:00:00,DOT/USDT,19.77000000,20.01000000,17.80000000,18.16000000,7873044.60000000,147856052.99310000,244846
1644969600000,2022-02-16 00:00:00,DOT/USDT,20.17000000,20.19000000,19.05000000,19.76000000,5643848.37000000,110895415.86910000,174940
1644883200000,2022-02-15 00:00:00,DOT/USDT,18.70000000,20.34000000,18.64000000,20.16000000,5428840.64000000,106302711.80980000,175305
1644796800000,2022-02-14 00:00:00,DOT/USDT,18.74000000,18.95000000,18.02000000,18.70000000,5075585.02000000,93800750.71520000,146572
1644710400000,2022-02-13 00:00:00,DOT/USDT,18.83000000,19.28000000,18.38000000,18.73000000,4675422.19000000,88371484.01400000,126204
1644624000000,2022-02-12 00:00:00,DOT/USDT,18.98000000,19.42000000,18.25000000,18.82000000,6512111.12000000,122688402.68880000,187030
1644537600000,2022-02-11 00:00:00,DOT/USDT,20.51000000,20.73000000,18.58000000,18.98000000,9586582.78000000,192061181.46840000,269262
1644451200000,2022-02-10 00:00:00,DOT/USDT,21.95000000,22.48000000,20.49000000,20.51000000,9903304.31000000,213074605.83560000,328132
1644364800000,2022-02-09 00:00:00,DOT/USDT,21.66000000,22.24000000,21.05000000,21.94000000,5280116.45000000,114891147.54860000,169292
1644278400000,2022-02-08 00:00:00,DOT/USDT,22.36000000,23.19000000,21.06000000,21.66000000,10692150.43000000,234488489.33290000,367800
1644192000000,2022-02-07 00:00:00,DOT/USDT,21.91000000,22.70000000,21.39000000,22.35000000,9933306.22000000,220581220.08290000,367182
1644105600000,2022-02-06 00:00:00,DOT/USDT,21.32000000,21.93000000,20.78000000,21.91000000,4783912.16000000,102159037.65280000,197998
1644019200000,2022-02-05 00:00:00,DOT/USDT,20.49000000,22.29000000,20.30000000,21.33000000,8873091.18000000,190945390.97330000,369642
1643932800000,2022-02-04 00:00:00,DOT/USDT,18.91000000,20.53000000,18.71000000,20.48000000,9084604.77000000,177769349.92170000,275807
1643846400000,2022-02-03 00:00:00,DOT/USDT,18.77000000,18.96000000,17.97000000,18.92000000,6622008.64000000,122238026.59080000,223082
1643760000000,2022-02-02 00:00:00,DOT/USDT,19.57000000,20.58000000,18.53000000,18.76000000,8769960.78000000,172307776.65460000,334194
1643673600000,2022-02-01 00:00:00,DOT/USDT,19.38000000,20.00000000,19.15000000,19.57000000,8041127.34000000,157536671.67360000,270508
1643587200000,2022-01-31 00:00:00,DOT/USDT,18.15000000,19.61000000,17.12000000,19.37000000,8316149.90000000,151700168.25560000,266922
1643500800000,2022-01-30 00:00:00,DOT/USDT,18.75000000,19.00000000,17.80000000,18.15000000,5074979.97000000,93864670.27530000,162024
1643414400000,2022-01-29 00:00:00,DOT/USDT,18.34000000,19.06000000,18.08000000,18.74000000,4892745.70000000,90937096.60650000,164519
1643328000000,2022-01-28 00:00:00,DOT/USDT,18.12000000,18.49000000,17.36000000,18.34000000,7390664.94000000,132944555.83310000,230443
1643241600000,2022-01-27 00:00:00,DOT/USDT,18.08000000,18.42000000,17.14000000,18.12000000,9271719.10000000,164875191.18370000,265141
1643155200000,2022-01-26 00:00:00,DOT/USDT,18.32000000,20.06000000,17.51000000,18.08000000,14459131.31000000,272101060.86270000,441587
1643068800000,2022-01-25 00:00:00,DOT/USDT,18.02000000,19.05000000,17.36000000,18.31000000,9945213.12000000,181544754.50880000,285360
1642982400000,2022-01-24 00:00:00,DOT/USDT,18.81000000,18.82000000,15.83000000,18.02000000,20381626.57300000,345828687.90308000,535040
1642896000000,2022-01-23 00:00:00,DOT/USDT,18.27000000,19.20000000,17.73000000,18.81000000,11483380.21000000,212079989.02780000,338840
1642809600000,2022-01-22 00:00:00,DOT/USDT,19.66000000,20.16000000,16.17000000,18.27000000,23239217.06800000,424011444.45833800,629097
1642723200000,2022-01-21 00:00:00,DOT/USDT,23.01000000,23.48000000,19.04000000,19.67000000,17269209.91200000,371432669.91895000,599228
1642636800000,2022-01-20 00:00:00,DOT/USDT,24.06000000,25.62000000,22.84000000,23.01000000,6578668.82000000,160357989.39780000,278348
1642550400000,2022-01-19 00:00:00,DOT/USDT,25.15000000,25.30000000,23.68000000,24.05000000,6462252.41000000,157244747.27950000,241686
1642464000000,2022-01-18 00:00:00,DOT/USDT,25.69000000,26.07000000,24.24000000,25.15000000,7145666.21000000,178517774.89070000,275151
1642377600000,2022-01-17 00:00:00,DOT/USDT,27.70000000,27.76000000,25.10000000,25.69000000,8233269.46000000,217042645.22860000,326373
1642291200000,2022-01-16 00:00:00,DOT/USDT,27.60000000,28.47000000,27.26000000,27.70000000,7073389.72000000,197261377.66720000,327845
1642204800000,2022-01-15 00:00:00,DOT/USDT,27.75000000,28.41000000,26.83000000,27.60000000,5575781.94000000,153649373.07510000,274699
1642118400000,2022-01-14 00:00:00,DOT/USDT,25.79000000,27.88000000,25.53000000,27.75000000,9449831.90000000,254448275.94570000,421778
1642032000000,2022-01-13 00:00:00,DOT/USDT,27.33000000,27.68000000,25.71000000,25.79000000,7656681.93000000,204220516.39490000,327157
1641945600000,2022-01-12 00:00:00,DOT/USDT,25.56000000,27.58000000,25.45000000,27.32000000,7566219.50000000,201191355.56960000,319932
1641859200000,2022-01-11 00:00:00,DOT/USDT,23.73000000,26.00000000,23.48000000,25.56000000,9473674.68000000,235078342.33510000,309738
1641772800000,2022-01-10 00:00:00,DOT/USDT,24.63000000,25.22000000,22.43000000,23.72000000,11667129.55000000,276522625.56632000,391299
1641686400000,2022-01-09 00:00:00,DOT/USDT,23.98000000,25.32000000,23.67000000,24.63000000,7523995.26000000,184387901.22260000,270529
1641600000000,2022-01-08 00:00:00,DOT/USDT,24.90000000,25.54000000,23.12000000,23.99000000,9965873.23000000,244572660.78600000,377457
1641513600000,2022-01-07 00:00:00,DOT/USDT,26.72000000,26.86000000,24.24000000,24.90000000,14333874.43000000,363043454.68430000,559374
1641427200000,2022-01-06 00:00:00,DOT/USDT,26.73000000,27.36000000,25.50000000,26.72000000,11412775.24000000,299936557.65050000,449221
1641340800000,2022-01-05 00:00:00,DOT/USDT,28.69000000,30.39000000,25.05000000,26.72000000,14135011.01000000,401227022.41030000,653564
1641254400000,2022-01-04 00:00:00,DOT/USDT,30.10000000,30.58000000,28.66000000,28.69000000,11149885.08000000,331365102.55830000,471505
1641168000000,2022-01-03 00:00:00,DOT/USDT,29.69000000,30.88000000,28.62000000,30.11000000,11890491.01000000,353857200.14970000,584743
1641081600000,2022-01-02 00:00:00,DOT/USDT,28.60000000,30.62000000,27.82000000,29.69000000,8942930.92000000,262077782.30530000,385030
1640995200000,2022-01-01 00:00:00,DOT/USDT,26.67000000,28.65000000,26.66000000,28.60000000,5227230.45000000,143998965.10340000,209177
1640908800000,2021-12-31 00:00:00,DOT/USDT,27.54000000,28.12000000,26.24000000,26.66000000,9510787.97000000,258322507.23640000,364393
1640822400000,2021-12-30 00:00:00,DOT/USDT,26.81000000,28.42000000,26.17000000,27.54000000,7797319.16000000,213673335.74660000,297943
1640736000000,2021-12-29 00:00:00,DOT/USDT,27.84000000,28.96000000,26.48000000,26.82000000,9578005.60000000,267712846.40270000,395041
1640649600000,2021-12-28 00:00:00,DOT/USDT,30.96000000,30.97000000,27.46000000,27.83000000,15826935.59000000,460908150.64760000,585511
1640563200000,2021-12-27 00:00:00,DOT/USDT,31.32000000,32.78000000,30.83000000,30.97000000,8619790.22000000,274112089.62870000,482841
1640476800000,2021-12-26 00:00:00,DOT/USDT,28.86000000,31.74000000,28.27000000,31.32000000,9409786.98000000,281858170.17320000,517325
1640390400000,2021-12-25 00:00:00,DOT/USDT,28.14000000,29.12000000,27.94000000,28.84000000,3990671.82000000,113646965.00960000,162561
1640304000000,2021-12-24 00:00:00,DOT/USDT,29.16000000,29.67000000,27.83000000,28.14000000,6450389.72000000,186847375.34230000,298430
1640217600000,2021-12-23 00:00:00,DOT/USDT,27.23000000,29.81000000,26.73000000,29.16000000,10938539.93000000,306790205.36870000,529622
1640131200000,2021-12-22 00:00:00,DOT/USDT,25.16000000,28.23000000,24.98000000,27.22000000,10788179.43000000,288608060.39130000,477294
1640044800000,2021-12-21 00:00:00,DOT/USDT,24.07000000,25.59000000,23.74000000,25.16000000,7752931.61000000,191688314.81860000,257375
1639958400000,2021-12-20 00:00:00,DOT/USDT,24.78000000,25.01000000,23.27000000,24.07000000,7053641.28000000,170007060.20100000,252704
1639872000000,2021-12-19 00:00:00,DOT/USDT,25.48000000,25.86000000,24.63000000,24.78000000,5757699.98000000,145010019.38190000,213829
1639785600000,2021-12-18 00:00:00,DOT/USDT,24.64000000,25.72000000,24.21000000,25.49000000,7437623.45000000,186389544.41690000,259813
1639699200000,2021-12-17 00:00:00,DOT/USDT,26.02000000,26.21000000,24.16000000,24.64000000,10403388.65000000,261264454.22410000,335540
1639612800000,2021-12-16 00:00:00,DOT/USDT,27.14000000,27.84000000,25.55000000,26.02000000,14427194.90000000,387629608.95230000,472704
1639526400000,2021-12-15 00:00:00,DOT/USDT,26.14000000,28.03000000,24.27000000,27.14000000,13450685.93000000,353163805.85930000,472465
1639440000000,2021-12-14 00:00:00,DOT/USDT,25.97000000,26.71000000,25.00000000,26.15000000,10443455.71000000,271233551.25720000,346210
1639353600000,2021-12-13 00:00:00,DOT/USDT,29.54000000,29.87000000,25.54000000,25.96000000,10566935.28000000,291320002.88200000,407130
1639267200000,2021-12-12 00:00:00,DOT/USDT,27.82000000,30.12000000,27.31000000,29.54000000,5833358.42000000,167307239.66630000,262481
1639180800000,2021-12-11 00:00:00,DOT/USDT,26.44000000,28.18000000,25.81000000,27.81000000,8148503.07000000,224132666.45000000,295702
1639094400000,2021-12-10 00:00:00,DOT/USDT,26.91000000,28.43000000,25.71000000,26.44000000,11306697.95000000,304674251.84320000,363700
1639008000000,2021-12-09 00:00:00,DOT/USDT,29.85000000,30.13000000,26.80000000,26.90000000,9383772.00000000,264460990.28590000,322649
1638921600000,2021-12-08 00:00:00,DOT/USDT,30.49000000,30.63000000,28.02000000,29.84000000,10373073.12000000,303196296.97370000,358512
1638835200000,2021-12-07 00:00:00,DOT/USDT,28.12000000,31.49000000,27.69000000,30.50000000,13072414.91000000,384971841.13150000,523750
1638748800000,2021-12-06 00:00:00,DOT/USDT,28.31000000,28.92000000,24.84000000,28.13000000,16137260.41000000,430716088.79160000,533025
1638662400000,2021-12-05 00:00:00,DOT/USDT,29.38000000,29.74000000,26.33000000,28.31000000,11536652.53000000,323667386.27500000,397320
1638576000000,2021-12-04 00:00:00,DOT/USDT,33.70000000,33.86000000,24.35000000,29.38000000,24608037.90000000,700064729.26810000,946882
1638489600000,2021-12-03 00:00:00,DOT/USDT,35.76000000,36.84000000,32.56000000,33.70000000,9114532.42000000,317527763.29120000,450494
1638403200000,2021-12-02 00:00:00,DOT/USDT,36.76000000,36.79000000,35.05000000,35.75000000,5653240.06000000,202979098.73290000,308854
1638316800000,2021-12-01 00:00:00,DOT/USDT,37.96000000,38.78000000,36.22000000,36.76000000,6936636.91000000,261055768.32500000,385146
1638230400000,2021-11-30 00:00:00,DOT/USDT,37.10000000,39.35000000,35.28000000,37.95000000,9758902.60000000,365534586.85890000,633558
1638144000000,2021-11-29 00:00:00,DOT/USDT,35.75000000,37.53000000,35.40000000,37.10000000,7442054.72000000,270930920.94380000,417415
1638057600000,2021-11-28 00:00:00,DOT/USDT,35.16000000,35.85000000,32.21000000,35.76000000,10439305.23000000,353148799.11720000,406960
1637971200000,2021-11-27 00:00:00,DOT/USDT,34.55000000,36.12000000,34.43000000,35.16000000,6817533.23000000,240751573.55630000,272723
1637884800000,2021-11-26 00:00:00,DOT/USDT,39.48000000,39.62000000,33.67000000,34.56000000,16596267.73000000,595573466.43970000,731785
1637798400000,2021-11-25 00:00:00,DOT/USDT,38.27000000,40.93000000,38.04000000,39.47000000,7371944.97000000,291275670.02750000,420429
1637712000000,2021-11-24 00:00:00,DOT/USDT,40.76000000,40.92000000,38.04000000,38.28000000,7264687.01000000,284751411.11490000,387815
1637625600000,2021-11-23 00:00:00,DOT/USDT,39.48000000,41.47000000,38.54000000,40.78000000,6985881.02000000,278796802.92360000,402824
1637539200000,2021-11-22 00:00:00,DOT/USDT,41.95000000,42.16000000,38.80000000,39.49000000,8474290.45000000,340615758.34760000,462814
1637452800000,2021-11-21 00:00:00,DOT/USDT,42.09000000,43.56000000,40.64000000,41.94000000,6646315.92000000,278048692.57500000,522275
1637366400000,2021-11-20 00:00:00,DOT/USDT,41.23000000,42.10000000,39.83000000,42.10000000,5821401.36000000,239855623.26780000,392290
1637280000000,2021-11-19 00:00:00,DOT/USDT,39.03000000,42.28000000,38.36000000,41.24000000,8936329.85000000,359833271.32610000,624573
1637193600000,2021-11-18 00:00:00,DOT/USDT,42.75000000,43.27000000,37.53000000,39.03000000,14653376.83000000,588692131.89660000,856633
1637107200000,2021-11-17 00:00:00,DOT/USDT,40.84000000,42.78000000,38.76000000,42.75000000,11336082.44000000,461011878.43660000,789733
1637020800000,2021-11-16 00:00:00,DOT/USDT,44.78000000,44.78000000,38.10000000,40.84000000,19699792.90000000,819109093.74690000,1104386
1636934400000,2021-11-15 00:00:00,DOT/USDT,46.39000000,47.46000000,44.50000000,44.77000000,6580865.03000000,304443112.86680000,454265
1636848000000,2021-11-14 00:00:00,DOT/USDT,47.07000000,47.83000000,45.02000000,46.39000000,4667465.13000000,215921873.10910000,375059
1636761600000,2021-11-13 00:00:00,DOT/USDT,45.90000000,47.55000000,44.86000000,47.07000000,6068714.10000000,279926960.72470000,498287
1636675200000,2021-11-12 00:00:00,DOT/USDT,47.44000000,47.72000000,44.04000000,45.90000000,10700975.88000000,491599417.90780000,872012
1636588800000,2021-11-11 00:00:00,DOT/USDT,46.74000000,49.44000000,45.55000000,47.44000000,9323684.55000000,445829246.23230000,866544
1636502400000,2021-11-10 00:00:00,DOT/USDT,50.79000000,52.08000000,42.50000000,46.74000000,19625912.74000000,955283652.77330000,1301900
1636416000000,2021-11-09 00:00:00,DOT/USDT,53.36000000,53.39000000,50.52000000,50.78000000,10322506.13000000,536088035.35270000,687062
1636329600000,2021-11-08 00:00:00,DOT/USDT,52.22000000,53.87000000,51.63000000,53.36000000,7797418.81000000,412988422.60740000,549923
1636243200000,2021-11-07 00:00:00,DOT/USDT,52.03000000,53.53000000,51.29000000,52.22000000,7102199.25000000,372971989.08640000,581999
1636156800000,2021-11-06 00:00:00,DOT/USDT,51.75000000,52.42000000,49.00000000,52.02000000,8114011.78000000,411523728.38180000,650701
1636070400000,2021-11-05 00:00:00,DOT/USDT,53.83000000,53.93000000,50.56000000,51.76000000,8742278.80000000,454487603.34950000,712132
1635984000000,2021-11-04 00:00:00,DOT/USDT,53.35000000,55.09000000,52.16000000,53.82000000,14091354.81800000,752535110.92489800,1168396
1635897600000,2021-11-03 00:00:00,DOT/USDT,51.66000000,54.54000000,49.07000000,53.34000000,17237167.47000000,892383869.28269200,1681025
1635811200000,2021-11-02 00:00:00,DOT/USDT,49.98000000,53.35000000,48.01000000,51.66000000,19822814.52800000,1008388946.71802500,1679065
1635724800000,2021-11-01 00:00:00,DOT/USDT,42.78000000,51.57000000,41.70000000,49.98000000,23714028.21300000,1121822068.80107100,2616111
1635638400000,2021-10-31 00:00:00,DOT/USDT,42.73000000,43.36000000,41.01000000,42.77000000,6375433.77000000,268094221.56990000,390771
1635552000000,2021-10-30 00:00:00,DOT/USDT,44.19000000,44.31000000,42.08000000,42.73000000,5254551.32000000,226326757.55730000,339208
1635465600000,2021-10-29 00:00:00,DOT/USDT,41.82000000,44.35000000,41.56000000,44.20000000,8788034.21000000,379251608.69980000,560104
1635379200000,2021-10-28 00:00:00,DOT/USDT,40.43000000,43.12000000,39.81000000,41.82000000,11629300.38000000,486938116.69840000,726484
1635292800000,2021-10-27 00:00:00,DOT/USDT,44.93000000,45.77000000,38.70000000,40.44000000,17560562.15000000,738526790.56130000,1215968
1635206400000,2021-10-26 00:00:00,DOT/USDT,44.55000000,46.00000000,43.31000000,44.93000000,9161833.46000000,406675314.58520000,778131
1635120000000,2021-10-25 00:00:00,DOT/USDT,42.30000000,44.80000000,42.11000000,44.55000000,7291785.53000000,318759784.02630000,507703
1635033600000,2021-10-24 00:00:00,DOT/USDT,43.94000000,44.17000000,41.27000000,42.31000000,7260724.06000000,310356005.19920000,487576
1634947200000,2021-10-23 00:00:00,DOT/USDT,43.50000000,44.79000000,43.08000000,43.95000000,6138290.14000000,269684423.44780000,441867
1634860800000,2021-10-22 00:00:00,DOT/USDT,42.83000000,46.39000000,42.68000000,43.51000000,16062749.38000000,715523454.98632000,1241116
1634774400000,2021-10-21 00:00:00,DOT/USDT,44.41000000,45.53000000,41.91000000,42.84000000,14782015.91600000,646186612.18004700,1014715
1634688000000,2021-10-20 00:00:00,DOT/USDT,41.35000000,45.22000000,41.08000000,44.42000000,13310248.05300000,575094186.70469300,991320
1634601600000,2021-10-19 00:00:00,DOT/USDT,41.16000000,41.65000000,40.01000000,41.34000000,8843904.77000000,362263239.55870000,405631
1634515200000,2021-10-18 00:00:00,DOT/USDT,42.11000000,43.25000000,40.25000000,41.17000000,10911226.84000000,455982949.04260000,550249
1634428800000,2021-10-17 00:00:00,DOT/USDT,41.74000000,42.87000000,39.52000000,42.12000000,10386680.07000000,433074569.93680000,526261
1634342400000,2021-10-16 00:00:00,DOT/USDT,43.27000000,44.78000000,41.26000000,41.75000000,13673173.22900000,587677170.43715100,821141
1634256000000,2021-10-15 00:00:00,DOT/USDT,40.69000000,44.24000000,39.45000000,43.28000000,22085746.42600000,916993507.34561200,1533664
1634169600000,2021-10-14 00:00:00,DOT/USDT,41.69000000,42.54000000,39.33000000,40.71000000,20178003.61000000,827523963.60190000,1204347
1634083200000,2021-10-13 00:00:00,DOT/USDT,35.16000000,43.22000000,33.57000000,41.69000000,36492731.21300000,1421849266.39025900,2504028
1633996800000,2021-10-12 00:00:00,DOT/USDT,34.12000000,35.43000000,32.07000000,35.17000000,13326459.40000000,447030078.01770000,620021
1633910400000,2021-10-11 00:00:00,DOT/USDT,34.42000000,36.09000000,33.25000000,34.13000000,11467492.31000000,399306003.06630000,469155
1633824000000,2021-10-10 00:00:00,DOT/USDT,36.33000000,37.45000000,34.13000000,34.43000000,13147574.66000000,473745609.48130000,784594
1633737600000,2021-10-09 00:00:00,DOT/USDT,33.36000000,36.90000000,33.00000000,36.33000000,12546752.37000000,441329764.12360000,853574
1633651200000,2021-10-08 00:00:00,DOT/USDT,33.98000000,34.49000000,33.03000000,33.35000000,11134583.44000000,375707512.13650000,489045
1633564800000,2021-10-07 00:00:00,DOT/USDT,32.19000000,35.31000000,30.93000000,33.98000000,20356598.29000000,682316606.88330000,1286323
1633478400000,2021-10-06 00:00:00,DOT/USDT,31.39000000,33.09000000,29.11000000,32.19000000,14373589.09000000,448633539.30000000,704071
1633392000000,2021-10-05 00:00:00,DOT/USDT,31.15000000,32.16000000,30.52000000,31.39000000,8537858.77000000,268161491.12910000,374395
1633305600000,2021-10-04 00:00:00,DOT/USDT,32.10000000,32.11000000,30.04000000,31.15000000,9287969.05000000,288547980.66280000,414743
1633219200000,2021-10-03 00:00:00,DOT/USDT,32.01000000,32.69000000,31.17000000,32.11000000,7871434.22000000,252056591.14850000,350329
1633132800000,2021-10-02 00:00:00,DOT/USDT,31.94000000,33.39000000,31.52000000,32.01000000,8748363.88000000,283814409.55190000,522276
1633046400000,2021-10-01 00:00:00,DOT/USDT,28.61000000,32.33000000,28.50000000,31.94000000,13176348.21000000,402700970.64510000,735059
1632960000000,2021-09-30 00:00:00,DOT/USDT,27.28000000,28.99000000,27.13000000,28.62000000,8201551.44000000,230622998.43010000,339737
1632873600000,2021-09-29 00:00:00,DOT/USDT,26.31000000,28.59000000,26.11000000,27.28000000,10207287.33000000,280535376.37540000,376232
1632787200000,2021-09-28 00:00:00,DOT/USDT,27.72000000,28.38000000,26.14000000,26.31000000,9784154.53000000,267560973.68820000,362304
1632700800000,2021-09-27 00:00:00,DOT/USDT,28.84000000,30.26000000,27.50000000,27.71000000,11094418.10000000,320340017.82100000,449178
1632614400000,2021-09-26 00:00:00,DOT/USDT,29.83000000,30.06000000,26.76000000,28.84000000,18340714.24000000,525671091.00060000,701651
1632528000000,2021-09-25 00:00:00,DOT/USDT,30.79000000,32.22000000,29.41000000,29.82000000,13368526.84000000,409243879.47480000,617924
1632441600000,2021-09-24 00:00:00,DOT/USDT,33.42000000,33.54000000,27.90000000,30.79000000,28521525.89000000,867821691.51130000,1220851
1632355200000,2021-09-23 00:00:00,DOT/USDT,31.58000000,33.60000000,30.37000000,33.41000000,13516616.87000000,429208790.35590000,688802
1632268800000,2021-09-22 00:00:00,DOT/USDT,26.39000000,32.00000000,25.91000000,31.60000000,18161430.28000000,530262588.76890000,852355
1632182400000,2021-09-21 00:00:00,DOT/USDT,28.31000000,30.38000000,25.50000000,26.39000000,24316299.56000000,685120449.60780000,942973
1632096000000,2021-09-20 00:00:00,DOT/USDT,33.86000000,33.91000000,26.55000000,28.31000000,28383483.49000000,843311766.99830000,1183841
1632009600000,2021-09-19 00:00:00,DOT/USDT,34.86000000,34.90000000,33.01000000,33.85000000,7884331.02000000,267305492.05880000,411649
1631923200000,2021-09-18 00:00:00,DOT/USDT,33.04000000,35.90000000,32.51000000,34.87000000,9990438.88000000,347152604.88010000,508492
1631836800000,2021-09-17 00:00:00,DOT/USDT,35.51000000,36.94000000,32.19000000,33.03000000,14073919.00000000,486546805.55630000,776866
1631750400000,2021-09-16 00:00:00,DOT/USDT,36.46000000,36.97000000,34.00000000,35.50000000,13726309.35000000,484409459.94100000,601519
1631664000000,2021-09-15 00:00:00,DOT/USDT,37.35000000,38.01000000,35.55000000,36.47000000,12212842.72000000,446407140.69080000,579667
1631577600000,2021-09-14 00:00:00,DOT/USDT,34.84000000,38.77000000,34.08000000,37.36000000,23675929.09400000,871535388.40482800,1329447
1631491200000,2021-09-13 00:00:00,DOT/USDT,35.81000000,38.07000000,31.50000000,34.84000000,49715992.15200000,1749798444.35226600,2819337
1631404800000,2021-09-12 00:00:00,DOT/USDT,31.57000000,36.45000000,30.66000000,35.79000000,28871476.13000000,967608451.30354500,1825842
1631318400000,2021-09-11 00:00:00,DOT/USDT,29.18000000,32.10000000,28.25000000,31.57000000,15331069.56000000,464022098.37140000,776981
1631232000000,2021-09-10 00:00:00,DOT/USDT,29.82000000,32.65000000,28.00000000,29.19000000,27860740.96000000,847452024.90740000,1292621
1631145600000,2021-09-09 00:00:00,DOT/USDT,27.76000000,31.88000000,27.00000000,29.82000000,21170365.50000000,622867857.17740000,1032337
1631059200000,2021-09-08 00:00:00,DOT/USDT,27.97000000,28.88000000,25.20000000,27.76000000,23830480.97000000,655108735.09480000,927132
1630972800000,2021-09-07 00:00:00,DOT/USDT,34.35000000,35.68000000,22.66000000,27.97000000,40408249.41100000,1205391658.07487900,1820580
1630886400000,2021-09-06 00:00:00,DOT/USDT,34.43000000,35.10000000,32.30000000,34.35000000,12428084.43000000,424302148.82030900,842180
1630800000000,2021-09-05 00:00:00,DOT/USDT,32.41000000,34.78000000,31.97000000,34.42000000,9486930.41800000,316320840.47112400,607589
1630713600000,2021-09-04 00:00:00,DOT/USDT,33.58000000,34.13000000,32.00000000,32.40000000,7731353.80600000,255406149.69407900,421992
1630627200000,2021-09-03 00:00:00,DOT/USDT,31.78000000,34.00000000,30.51000000,33.57000000,14346166.88400000,471768852.31701300,781638
1630540800000,2021-09-02 00:00:00,DOT/USDT,33.17000000,33.20000000,31.24000000,31.79000000,13487628.41000000,435633544.99780000,644152
1630454400000,2021-09-01 00:00:00,DOT/USDT,31.34000000,33.83800000,29.60000000,33.18000000,26017654.83900000,811089511.95859200,1391745
1630368000000,2021-08-31 00:00:00,DOT/USDT,26.05000000,31.95000000,25.61000000,31.35000000,40601758.66900000,1185799173.52049500,2088535
1630281600000,2021-08-30 00:00:00,DOT/USDT,25.71000000,27.58000000,24.32000000,26.03000000,14865324.48800000,385241291.33630200,570795
1630195200000,2021-08-29 00:00:00,DOT/USDT,25.96000000,26.46000000,25.24000000,25.70000000,5969161.70000000,154373694.71830000,228248
1630108800000,2021-08-28 00:00:00,DOT/USDT,26.53000000,26.76000000,25.40000000,25.96000000,6962096.43000000,181083508.46700000,255638
1630022400000,2021-08-27 00:00:00,DOT/USDT,23.92000000,26.79000000,23.45000000,26.53000000,12760582.38200000,321109759.21525400,439399
1629936000000,2021-08-26 00:00:00,DOT/USDT,25.98200000,26.40000000,23.46000000,23.92000000,12202094.79300000,300116759.07238900,517016
1629849600000,2021-08-25 00:00:00,DOT/USDT,25.07000000,26.55000000,24.47100000,25.98200000,13580763.06300000,348621380.77669300,538185
1629763200000,2021-08-24 00:00:00,DOT/USDT,27.87600000,28.17200000,24.35100000,25.06700000,15563782.33200000,408251702.69915100,661239
1629676800000,2021-08-23 00:00:00,DOT/USDT,27.68300000,28.62700000,27.31200000,27.87700000,12452305.83700000,348507620.53630200,598130
1629590400000,2021-08-22 00:00:00,DOT/USDT,27.86100000,28.52000000,26.50000000,27.68500000,12726834.13100000,350198421.79170200,756254
1629504000000,2021-08-21 00:00:00,DOT/USDT,28.14900000,29.35100000,27.47000000,27.86300000,15380800.77700000,437767477.18119500,901456
1629417600000,2021-08-20 00:00:00,DOT/USDT,26.57900000,28.47700000,26.06600000,28.14900000,18087062.29800000,496553312.93377000,936247
1629331200000,2021-08-19 00:00:00,DOT/USDT,23.86800000,26.84900000,23.46400000,26.58200000,18955398.08900000,472805896.80080100,920780
1629244800000,2021-08-18 00:00:00,DOT/USDT,23.54800000,25.18300000,22.50000000,23.86800000,20325842.45600000,487580208.14368900,956756
1629158400000,2021-08-17 00:00:00,DOT/USDT,24.41900000,27.42200000,23.01000000,23.54500000,29082405.85400000,742682582.34363100,1727373
1629072000000,2021-08-16 00:00:00,DOT/USDT,23.15000000,25.69900000,22.82100000,24.43200000,23210244.18000000,569040464.82184500,1143518
1628985600000,2021-08-15 00:00:00,DOT/USDT,22.83300000,23.33000000,21.83600000,23.15000000,10311557.70500000,232201567.61292800,461036
1628899200000,2021-08-14 00:00:00,DOT/USDT,22.72300000,23.48800000,21.77100000,22.83500000,12206858.98100000,275512895.33587800,569879
1628812800000,2021-08-13 00:00:00,DOT/USDT,20.75900000,22.72900000,20.50300000,22.72300000,10079219.54300000,220334164.42565900,436007
1628726400000,2021-08-12 00:00:00,DOT/USDT,21.34600000,22.31400000,19.90000000,20.75500000,13916627.07400000,291644002.43209700,501075
1628640000000,2021-08-11 00:00:00,DOT/USDT,20.61000000,22.45000000,20.54000000,21.34700000,17980834.42600000,388428447.35354400,787966
1628553600000,2021-08-10 00:00:00,DOT/USDT,20.56600000,21.41900000,20.08000000,20.61600000,13345048.98000000,276052212.63637700,514340
1628467200000,2021-08-09 00:00:00,DOT/USDT,19.65100000,21.26700000,18.70600000,20.56600000,12450237.87600000,251756587.12481400,496200
1628380800000,2021-08-08 00:00:00,DOT/USDT,20.96300000,21.20500000,19.19200000,19.65000000,11727291.34500000,238137970.00480700,563008
1628294400000,2021-08-07 00:00:00,DOT/USDT,20.41700000,21.68300000,20.02500000,20.96300000,16386907.83000000,341241996.73409800,1081125
1628208000000,2021-08-06 00:00:00,DOT/USDT,19.12400000,20.80000000,18.52200000,20.41600000,17461334.49200000,344423165.01517100,966330
1628121600000,2021-08-05 00:00:00,DOT/USDT,19.14600000,19.45800000,17.86100000,19.12400000,17528313.72100000,330225852.21683100,925446
1628035200000,2021-08-04 00:00:00,DOT/USDT,17.42600000,19.58400000,17.09400000,19.15000000,17035350.57900000,312972612.49479400,740297
1627948800000,2021-08-03 00:00:00,DOT/USDT,17.98400000,18.54600000,16.81100000,17.42500000,15066105.66000000,263383373.49261400,625435
1627862400000,2021-08-02 00:00:00,DOT/USDT,18.41800000,18.93800000,17.55500000,17.98400000,17843839.09300000,325109824.99050300,906995
1627776000000,2021-08-01 00:00:00,DOT/USDT,16.77900000,19.90000000,16.53900000,18.41800000,29839953.33100000,558284181.48956700,1291018
1627689600000,2021-07-31 00:00:00,DOT/USDT,15.79100000,17.01800000,15.58000000,16.78400000,12127994.27900000,197145879.55092700,482941
1627603200000,2021-07-30 00:00:00,DOT/USDT,15.25800000,15.85900000,14.40400000,15.79300000,12163617.87900000,183860182.08524000,636762
1627516800000,2021-07-29 00:00:00,DOT/USDT,14.54200000,15.39100000,14.25700000,15.25400000,16761635.31300000,247024432.62320300,647300
1627430400000,2021-07-28 00:00:00,DOT/USDT,14.36400000,14.76200000,13.92100000,14.54600000,13296413.16900000,191569870.11409200,447508
1627344000000,2021-07-27 00:00:00,DOT/USDT,13.92400000,14.54000000,13.34900000,14.36500000,16376850.10100000,227477909.19968800,424388
1627257600000,2021-07-26 00:00:00,DOT/USDT,13.73200000,15.29800000,13.63400000,13.92500000,25704112.20400000,375986449.67279400,679300
1627171200000,2021-07-25 00:00:00,DOT/USDT,13.75900000,13.82700000,13.08500000,13.73400000,10636601.76600000,142811156.88549900,362301
1627084800000,2021-07-24 00:00:00,DOT/USDT,13.40000000,14.05700000,13.12300000,13.75400000,13352533.27200000,181318418.44375200,366695
1626998400000,2021-07-23 00:00:00,DOT/USDT,13.15400000,13.52000000,12.32100000,13.40100000,14319244.95500000,186094453.07256000,684836
1626912000000,2021-07-22 00:00:00,DOT/USDT,12.34400000,13.37000000,11.81000000,13.15200000,17109976.61200000,215356439.90399800,570321
1626825600000,2021-07-21 00:00:00,DOT/USDT,10.96200000,12.86100000,10.67300000,12.34300000,20720488.40400000,247722294.36535100,559775
1626739200000,2021-07-20 00:00:00,DOT/USDT,11.46300000,11.55800000,10.37300000,10.95800000,15411227.68800000,166927136.99331300,341945
1626652800000,2021-07-19 00:00:00,DOT/USDT,12.64800000,12.73500000,11.35400000,11.46000000,13496594.16900000,159432053.55778000,286561
1626566400000,2021-07-18 00:00:00,DOT/USDT,12.29600000,12.93400000,12.25800000,12.64700000,8943548.85300000,112891922.35672900,234273
1626480000000,2021-07-17 00:00:00,DOT/USDT,12.02500000,12.74200000,11.71000000,12.29400000,12685758.45700000,153895571.81372800,294032
1626393600000,2021-07-16 00:00:00,DOT/USDT,13.09500000,13.31300000,12.00000000,12.02600000,11747810.94200000,148061094.18056800,304404
1626307200000,2021-07-15 00:00:00,DOT/USDT,13.79800000,14.10800000,12.73900000,13.09500000,11295460.33500000,149339226.84582700,270779
1626220800000,2021-07-14 00:00:00,DOT/USDT,14.19100000,14.22700000,13.16400000,13.80100000,11240723.80800000,153459912.06713400,300231
1626134400000,2021-07-13 00:00:00,DOT/USDT,14.84500000,15.09900000,14.01100000,14.19000000,7000669.87100000,101259769.69148600,183421
1626048000000,2021-07-12 00:00:00,DOT/USDT,15.49500000,15.65000000,14.38100000,14.84500000,7384762.29000000,111467155.29354900,193377
1625961600000,2021-07-11 00:00:00,DOT/USDT,15.27700000,15.70800000,15.13800000,15.49500000,5220591.25600000,80696309.86437500,133143
1625875200000,2021-07-10 00:00:00,DOT/USDT,15.68100000,15.99900000,15.03800000,15.27600000,7361515.05100000,113392501.11478000,173321
1625788800000,2021-07-09 00:00:00,DOT/USDT,15.31100000,15.91800000,14.82000000,15.68100000,8527447.53200000,131365587.88921900,228112
1625702400000,2021-07-08 00:00:00,DOT/USDT,16.86200000,16.89300000,14.99000000,15.31700000,13613806.66300000,214205225.43808900,440875
1625616000000,2021-07-07 00:00:00,DOT/USDT,16.12700000,17.66800000,16.08500000,16.86100000,18479476.98500000,311827864.94247800,624612
1625529600000,2021-07-06 00:00:00,DOT/USDT,15.22900000,16.19100000,15.19400000,16.13500000,12531769.00700000,196619994.80244900,340803
1625443200000,2021-07-05 00:00:00,DOT/USDT,15.97400000,15.97500000,14.50000000,15.22800000,10609352.57700000,162657727.58044700,266936
1625356800000,2021-07-04 00:00:00,DOT/USDT,15.52300000,16.57500000,15.16200000,15.97500000,8386779.84100000,133389986.68341100,243305
1625270400000,2021-07-03 00:00:00,DOT/USDT,15.28800000,15.75200000,15.01900000,15.52000000,7020623.72700000,108331681.09089600,182181
1625184000000,2021-07-02 00:00:00,DOT/USDT,15.17300000,15.45500000,14.62200000,15.28900000,7898912.74400000,118430782.24945200,197774
1625097600000,2021-07-01 00:00:00,DOT/USDT,16.40000000,16.41100000,14.85000000,15.17400000,10239264.11800000,158039674.62286400,259546
1625011200000,2021-06-30 00:00:00,DOT/USDT,16.30500000,16.62800000,15.08600000,16.40200000,13522533.23200000,213838895.64613600,370783
1624924800000,2021-06-29 00:00:00,DOT/USDT,15.79300000,17.02900000,15.71400000,16.30000000,15069027.29100000,247808283.58744700,462292
1624838400000,2021-06-28 00:00:00,DOT/USDT,15.00800000,16.02600000,14.58400000,15.79400000,12407568.94800000,189313240.24857200,335027
1624752000000,2021-06-27 00:00:00,DOT/USDT,14.50700000,15.02700000,14.03000000,15.01000000,10035136.20700000,145778526.72327500,249715
1624665600000,2021-06-26 00:00:00,DOT/USDT,14.42400000,14.98100000,13.61600000,14.51100000,13921587.23800000,197443771.13155800,325801
1624579200000,2021-06-25 00:00:00,DOT/USDT,16.22400000,16.74200000,14.41400000,14.42200000,15832639.42800000,243056713.02811500,403261
1624492800000,2021-06-24 00:00:00,DOT/USDT,15.79400000,16.60900000,14.72400000,16.22300000,14150471.66500000,224047083.17419300,360698
1624406400000,2021-06-23 00:00:00,DOT/USDT,14.68400000,16.80000000,13.96300000,15.79200000,24268090.26800000,385602939.87880600,600231
1624320000000,2021-06-22 00:00:00,DOT/USDT,15.71100000,16.93600000,13.00000000,14.68800000,42443370.02800000,630210885.68101500,1009364
1624233600000,2021-06-21 00:00:00,DOT/USDT,20.61600000,20.79400000,15.35000000,15.70700000,27185128.19700000,477391628.29364000,917502
1624147200000,2021-06-20 00:00:00,DOT/USDT,20.22100000,21.00000000,18.87100000,20.61700000,11045346.05400000,220052173.84030600,539850
1624060800000,2021-06-19 00:00:00,DOT/USDT,21.43200000,21.63200000,20.21500000,20.22200000,7447145.38800000,156251669.56151700,403723
1623974400000,2021-06-18 00:00:00,DOT/USDT,22.53600000,22.56600000,20.20500000,21.43200000,10556068.52800000,225950111.32640800,430147
1623888000000,2021-06-17 00:00:00,DOT/USDT,23.02800000,24.00000000,22.00000000,22.53300000,10290433.23700000,237609364.61046100,615026
1623801600000,2021-06-16 00:00:00,DOT/USDT,23.94200000,24.58400000,22.49100000,23.03300000,13836266.10300000,323846736.22670600,676924
1623715200000,2021-06-15 00:00:00,DOT/USDT,25.85800000,26.00900000,23.51400000,23.94200000,17728382.39900000,435871196.88529800,1147831
1623628800000,2021-06-14 00:00:00,DOT/USDT,22.04100000,26.02600000,21.23300000,25.85800000,23122012.59000000,550314633.62272400,1171223
1623542400000,2021-06-13 00:00:00,DOT/USDT,20.74200000,22.41200000,19.92800000,22.04000000,9398764.59700000,197377445.44934400,379717
1623456000000,2021-06-12 00:00:00,DOT/USDT,20.94500000,21.26200000,19.50000000,20.74200000,12547282.80300000,255877618.40563300,484353
1623369600000,2021-06-11 00:00:00,DOT/USDT,22.68000000,23.20600000,20.48700000,20.95000000,12851416.71200000,283090536.03217000,596002
1623283200000,2021-06-10 00:00:00,DOT/USDT,23.21600000,24.60000000,22.04200000,22.68300000,18698941.75200000,439960346.80035300,745905
1623196800000,2021-06-09 00:00:00,DOT/USDT,21.64300000,23.33500000,20.36100000,23.21400000,17895882.48300000,391614110.23073900,690842
1623110400000,2021-06-08 00:00:00,DOT/USDT,21.68600000,22.29100000,19.60000000,21.65000000,22854699.75600000,483168687.02567900,879284
1623024000000,2021-06-07 00:00:00,DOT/USDT,24.18900000,25.28300000,21.30000000,21.68600000,16728777.96000000,399742774.08120700,671363
1622937600000,2021-06-06 00:00:00,DOT/USDT,23.77200000,24.50100000,23.43300000,24.18400000,8542620.37100000,205312976.91218600,346779
1622851200000,2021-06-05 00:00:00,DOT/USDT,24.99100000,26.40000000,22.93300000,23.77100000,15159286.35600000,374681469.69526800,882820
1622764800000,2021-06-04 00:00:00,DOT/USDT,27.00500000,27.01900000,23.60500000,24.98800000,23200131.88100000,576239612.88829000,985149
1622678400000,2021-06-03 00:00:00,DOT/USDT,25.91300000,28.60000000,25.67300000,27.00400000,22096623.21900000,602717323.42321600,1274565
1622592000000,2021-06-02 00:00:00,DOT/USDT,22.84000000,26.87000000,22.64900000,25.91600000,24489800.10200000,605825207.88255200,1241891
1622505600000,2021-06-01 00:00:00,DOT/USDT,23.27300000,23.53900000,21.60000000,22.84000000,18793956.11000000,422557506.32442300,753367
1622419200000,2021-05-31 00:00:00,DOT/USDT,20.46000000,23.45000000,19.06000000,23.26400000,21593146.82000000,458802954.18754200,761763
1622332800000,2021-05-30 00:00:00,DOT/USDT,19.88100000,21.35600000,18.41600000,20.46500000,17307772.37500000,351190236.37865200,624064
1622246400000,2021-05-29 00:00:00,DOT/USDT,21.34900000,22.31900000,18.77900000,19.86800000,20620470.34700000,423929772.95227600,733877
1622160000000,2021-05-28 00:00:00,DOT/USDT,23.996,26.231,20.030,21.349,52769895.8,1188221275.0490,1806658
1622073600000,2021-05-27 00:00:00,DOT/USDT,24.529,24.970,21.746,23.995,25085377.1,590208744.8857,969306
1621987200000,2021-05-26 00:00:00,DOT/USDT,22.141,24.788,21.612,24.529,27287311.3,637850285.5645,1021428
1621900800000,2021-05-25 00:00:00,DOT/USDT,23.260,24.218,19.615,22.141,34542082.3,746971806.5580,1201907
1621814400000,2021-05-24 00:00:00,DOT/USDT,17.905,23.477,17.071,23.268,44312245.8,901816763.5559,1390218
1621728000000,2021-05-23 00:00:00,DOT/USDT,22.060,23.467,13.611,17.906,68972958.8,1217275329.1637,2046320
1621641600000,2021-05-22 00:00:00,DOT/USDT,24.389,24.618,20.312,22.052,36868429.3,833078466.8694,1317514
1621555200000,2021-05-21 00:00:00,DOT/USDT,28.941,31.010,19.959,24.400,50897272.6,1287453893.0897,2018435
1621468800000,2021-05-20 00:00:00,DOT/USDT,25.051,31.300,21.071,28.942,51882967.0,1419795593.2358,1925186
1621382400000,2021-05-19 00:00:00,DOT/USDT,40.642,41.445,15.376,25.061,69636761.5,2176758330.0494,3074880
1621296000000,2021-05-18 00:00:00,DOT/USDT,38.725,42.599,37.688,40.616,24162448.2,968607143.2232,1346589
1621209600000,2021-05-17 00:00:00,DOT/USDT,42.466,42.550,35.132,38.732,30985017.6,1202325489.3344,1709636
1621123200000,2021-05-16 00:00:00,DOT/USDT,43.673,46.773,39.300,42.461,27139702.3,1166990879.0300,1470273
1621036800000,2021-05-15 00:00:00,DOT/USDT,48.064,49.855,42.783,43.660,41668486.9,1949288958.8536,2361879
1620950400000,2021-05-14 00:00:00,DOT/USDT,40.028,48.184,39.433,48.063,37234079.4,1617045392.6627,1920133
1620864000000,2021-05-13 00:00:00,DOT/USDT,35.072,41.926,32.800,40.027,45175868.6,1762169698.3492,2245372
1620777600000,2021-05-12 00:00:00,DOT/USDT,38.665,42.571,33.644,35.072,29184708.6,1148475762.0242,1361702
1620691200000,2021-05-11 00:00:00,DOT/USDT,36.479,38.708,35.580,38.665,14215182.8,526796779.3755,681292
1620604800000,2021-05-10 00:00:00,DOT/USDT,40.328,41.895,32.000,36.479,23334284.5,892669001.6047,1013647
1620518400000,2021-05-09 00:00:00,DOT/USDT,39.956,40.600,38.198,40.347,14289094.3,565122497.7246,709288
1620432000000,2021-05-08 00:00:00,DOT/USDT,39.871,40.730,38.748,39.953,10914755.8,434172851.3833,565050
1620345600000,2021-05-07 00:00:00,DOT/USDT,41.642,42.805,38.300,39.865,22928084.6,938440925.2363,1025301
1620259200000,2021-05-06 00:00:00,DOT/USDT,40.476,44.215,38.026,41.637,30580933.5,1249572044.2329,1327542
1620172800000,2021-05-05 00:00:00,DOT/USDT,34.798,40.849,34.555,40.477,21794009.5,832185297.6132,954914
1620086400000,2021-05-04 00:00:00,DOT/USDT,37.306,38.002,34.400,34.796,21499084.4,777032119.1129,898873
1620000000000,2021-05-03 00:00:00,DOT/USDT,36.655,38.381,36.633,37.296,14684144.2,550636292.3949,659584
1619913600000,2021-05-02 00:00:00,DOT/USDT,36.957,37.232,35.470,36.658,11217607.8,408678744.8737,547659
1619827200000,2021-05-01 00:00:00,DOT/USDT,36.554,37.421,35.789,36.959,11979611.1,439943114.9021,567195
1619740800000,2021-04-30 00:00:00,DOT/USDT,35.992,36.866,35.137,36.553,15819473.6,571206373.4013,694810
1619654400000,2021-04-29 00:00:00,DOT/USDT,33.996,36.015,33.010,35.989,12659208.0,431191741.9544,631601
1619568000000,2021-04-28 00:00:00,DOT/USDT,34.836,35.437,32.600,34.000,13264606.2,447450775.2416,678500
1619481600000,2021-04-27 00:00:00,DOT/USDT,33.408,34.988,33.184,34.824,13514086.9,460664933.1343,663564
1619395200000,2021-04-26 00:00:00,DOT/USDT,29.839,33.500,29.751,33.410,15063885.9,486307774.5217,769987
1619308800000,2021-04-25 00:00:00,DOT/USDT,29.000,31.349,28.100,29.831,14293436.1,425827017.9087,709342
1619222400000,2021-04-24 00:00:00,DOT/USDT,32.255,32.429,28.555,29.000,16745239.8,508029469.9470,817591
1619136000000,2021-04-23 00:00:00,DOT/USDT,32.960,33.535,26.452,32.257,33395778.1,1005354972.5990,1365564
1619049600000,2021-04-22 00:00:00,DOT/USDT,33.827,36.830,32.802,32.963,22982564.2,791829150.0353,1133899
1618963200000,2021-04-21 00:00:00,DOT/USDT,35.423,36.358,33.047,33.817,18123651.9,631171582.4277,829573
1618876800000,2021-04-20 00:00:00,DOT/USDT,34.774,35.800,31.549,35.420,23355838.0,788706674.2089,1024047
1618790400000,2021-04-19 00:00:00,DOT/USDT,37.356,38.735,33.958,34.767,22129685.5,803351200.3932,999864
1618704000000,2021-04-18 00:00:00,DOT/USDT,42.099,42.772,31.176,37.356,48189400.2,1764277946.3043,1921668
1618617600000,2021-04-17 00:00:00,DOT/USDT,41.450,48.539,41.435,42.090,33488005.4,1498246876.3066,1538830
1618531200000,2021-04-16 00:00:00,DOT/USDT,43.495,43.888,40.010,41.451,18525254.5,779085167.8256,862871
1618444800000,2021-04-15 00:00:00,DOT/USDT,42.582,44.500,41.522,43.494,15846396.0,681622646.8585,794426
1618358400000,2021-04-14 00:00:00,DOT/USDT,43.030,44.732,40.026,42.584,20585845.8,876213813.7965,1028585
1618272000000,2021-04-13 00:00:00,DOT/USDT,40.539,43.582,39.909,43.021,14998428.7,626125933.9894,802961
1618185600000,2021-04-12 00:00:00,DOT/USDT,41.411,41.877,39.429,40.539,9371896.6,381651113.5336,540938
1618099200000,2021-04-11 00:00:00,DOT/USDT,41.663,41.998,40.100,41.400,8469809.2,346848333.7474,521623
1618012800000,2021-04-10 00:00:00,DOT/USDT,40.847,42.871,40.011,41.657,11149156.6,463439202.2759,598461
1617926400000,2021-04-09 00:00:00,DOT/USDT,41.365,42.168,40.136,40.847,8688716.3,357201608.3792,483922
1617840000000,2021-04-08 00:00:00,DOT/USDT,39.575,41.666,39.272,41.372,11017036.4,447643005.8013,627106
1617753600000,2021-04-07 00:00:00,DOT/USDT,43.404,43.578,37.651,39.571,22515789.6,905803896.4191,1040769
1617667200000,2021-04-06 00:00:00,DOT/USDT,45.923,46.471,41.681,43.400,17487479.8,767831963.5694,821508
1617580800000,2021-04-05 00:00:00,DOT/USDT,44.374,46.008,41.859,45.930,16534010.9,724614152.6099,784210
1617494400000,2021-04-04 00:00:00,DOT/USDT,41.430,45.164,40.739,44.372,16594721.6,725619306.9936,800231
1617408000000,2021-04-03 00:00:00,DOT/USDT,41.135,46.899,41.047,41.421,35312275.3,1559351930.7071,1499851
1617321600000,2021-04-02 00:00:00,DOT/USDT,37.514,41.507,36.660,41.135,17315062.5,675418121.1251,864700
1617235200000,2021-04-01 00:00:00,DOT/USDT,37.122,39.086,36.111,37.511,15231237.5,573606464.1868,786052
1617148800000,2021-03-31 00:00:00,DOT/USDT,34.046,38.366,33.240,37.122,23952931.8,861031283.8949,953515
1617062400000,2021-03-30 00:00:00,DOT/USDT,34.391,34.900,33.554,34.039,8716009.4,297637383.9883,417315
1616976000000,2021-03-29 00:00:00,DOT/USDT,32.270,34.775,31.792,34.391,11325373.4,382560470.3871,514053
1616889600000,2021-03-28 00:00:00,DOT/USDT,32.626,33.284,31.258,32.269,8338671.6,270414267.9210,441705
1616803200000,2021-03-27 00:00:00,DOT/USDT,33.187,33.534,31.158,32.628,12413221.4,402764439.1987,558463
1616716800000,2021-03-26 00:00:00,DOT/USDT,29.807,33.400,29.792,33.195,13493384.0,425868980.3667,593492
1616630400000,2021-03-25 00:00:00,DOT/USDT,30.203,31.275,28.397,29.807,26515392.5,792657170.0555,1046210
1616544000000,2021-03-24 00:00:00,DOT/USDT,34.232,36.165,27.120,30.193,21832780.8,703047647.0000,940073
1616457600000,2021-03-23 00:00:00,DOT/USDT,35.284,36.337,34.046,34.237,10775906.4,379301508.7593,498336
1616371200000,2021-03-22 00:00:00,DOT/USDT,36.727,37.844,35.052,35.278,12373196.3,454724290.5859,577862
1616284800000,2021-03-21 00:00:00,DOT/USDT,37.272,38.151,36.129,36.723,12061765.0,446880197.1701,561254
1616198400000,2021-03-20 00:00:00,DOT/USDT,38.240,40.210,37.190,37.272,15773431.3,618241868.1377,690802
1616112000000,2021-03-19 00:00:00,DOT/USDT,35.388,38.960,34.643,38.252,17582921.3,658006304.1849,763552
1616025600000,2021-03-18 00:00:00,DOT/USDT,36.153,37.072,35.335,35.386,10298064.1,373680901.6839,461720
1615939200000,2021-03-17 00:00:00,DOT/USDT,35.440,36.480,34.418,36.154,12297926.3,436957538.2636,566115
1615852800000,2021-03-16 00:00:00,DOT/USDT,34.321,35.583,32.010,35.440,15057332.1,512699578.0230,675391
1615766400000,2021-03-15 00:00:00,DOT/USDT,36.453,38.652,33.699,34.330,18687485.3,670504649.4560,749335
1615680000000,2021-03-14 00:00:00,DOT/USDT,37.255,38.049,36.313,36.454,10328726.9,383414454.0753,464145
1615593600000,2021-03-13 00:00:00,DOT/USDT,35.981,38.412,34.740,37.242,12412835.8,460255908.0570,536385
1615507200000,2021-03-12 00:00:00,DOT/USDT,36.954,37.552,34.386,35.957,12707699.1,456788945.5274,562112
1615420800000,2021-03-11 00:00:00,DOT/USDT,37.596,38.111,35.879,36.957,15347670.4,567725086.7134,684912
1615334400000,2021-03-10 00:00:00,DOT/USDT,38.293,39.635,36.318,37.584,21562003.8,823660192.9237,962596
1615248000000,2021-03-09 00:00:00,DOT/USDT,35.025,38.962,34.576,38.291,20194589.0,740975538.3113,851491
1615161600000,2021-03-08 00:00:00,DOT/USDT,35.140,35.603,33.463,35.023,11075215.3,380875477.5607,524277
1615075200000,2021-03-07 00:00:00,DOT/USDT,33.405,35.371,33.404,35.132,10300042.8,354449759.5988,500503
1614988800000,2021-03-06 00:00:00,DOT/USDT,33.643,34.251,32.090,33.395,11070924.7,368140668.2551,496538
1614902400000,2021-03-05 00:00:00,DOT/USDT,35.277,35.304,31.364,33.640,19390318.3,643024828.6798,833681
1614816000000,2021-03-04 00:00:00,DOT/USDT,37.041,38.413,34.387,35.277,16195851.8,588587310.5430,715032
1614729600000,2021-03-03 00:00:00,DOT/USDT,36.148,38.742,36.096,37.043,16145054.1,606813833.2052,739165
1614643200000,2021-03-02 00:00:00,DOT/USDT,35.675,37.976,34.387,36.136,20430023.0,739060603.5884,970368
1614556800000,2021-03-01 00:00:00,DOT/USDT,33.817,35.711,33.024,35.677,16295645.1,562731104.0214,841180
1614470400000,2021-02-28 00:00:00,DOT/USDT,33.486,34.543,29.692,33.805,24909468.0,791288843.4020,1191654
1614384000000,2021-02-27 00:00:00,DOT/USDT,31.444,35.700,31.335,33.491,25696093.9,873896279.7093,1109871
1614297600000,2021-02-26 00:00:00,DOT/USDT,31.255,33.528,27.953,31.449,28569767.9,876768081.2772,1204654
1614211200000,2021-02-25 00:00:00,DOT/USDT,33.656,35.263,30.860,31.240,16301674.8,545971607.5870,772377
1614124800000,2021-02-24 00:00:00,DOT/USDT,34.554,36.840,31.839,33.642,23026108.6,799430877.9286,1010076
1614038400000,2021-02-23 00:00:00,DOT/USDT,37.660,37.904,26.116,34.544,40564480.5,1326332104.2139,1790206
1613952000000,2021-02-22 00:00:00,DOT/USDT,39.629,39.815,30.038,37.663,31628718.7,1141837020.6033,1202012
1613865600000,2021-02-21 00:00:00,DOT/USDT,38.976,40.636,38.095,39.632,18338418.7,717883576.5198,890977
1613779200000,2021-02-20 00:00:00,DOT/USDT,34.878,42.395,34.752,38.979,35310361.0,1378102575.3266,1582684
1613692800000,2021-02-19 00:00:00,DOT/USDT,31.155,35.098,29.553,34.872,19566331.1,638312032.8311,808295
1613606400000,2021-02-18 00:00:00,DOT/USDT,31.987,32.699,30.581,31.156,10578478.3,333358546.2560,487881
1613520000000,2021-02-17 00:00:00,DOT/USDT,30.129,32.547,29.655,31.988,20888293.7,647263229.2139,878055
1613433600000,2021-02-16 00:00:00,DOT/USDT,27.842,31.100,26.797,30.120,27106901.2,805001272.2712,1056503
1613347200000,2021-02-15 00:00:00,DOT/USDT,26.939,29.641,23.000,27.831,28367677.7,764135003.3903,1002070
1613260800000,2021-02-14 00:00:00,DOT/USDT,28.077,29.517,26.410,26.931,15452172.9,430897316.2674,573139
1613174400000,2021-02-13 00:00:00,DOT/USDT,28.705,30.328,27.232,28.073,21188201.6,609898466.9911,767814
1613088000000,2021-02-12 00:00:00,DOT/USDT,25.063,29.850,24.525,28.702,24039557.8,656586179.2915,744055
1613001600000,2021-02-11 00:00:00,DOT/USDT,23.616,25.800,23.230,25.060,21511694.7,536794884.5324,716575
1612915200000,2021-02-10 00:00:00,DOT/USDT,23.116,25.053,21.789,23.615,27330060.5,643333852.7259,824754
1612828800000,2021-02-09 00:00:00,DOT/USDT,23.050,24.269,22.250,23.126,18748202.3,435206367.9583,661978
1612742400000,2021-02-08 00:00:00,DOT/USDT,19.765,23.777,19.200,23.040,34084912.5,750126408.1984,987286
1612656000000,2021-02-07 00:00:00,DOT/USDT,20.405,20.850,18.403,19.765,20961242.6,412639842.3441,636257
1612569600000,2021-02-06 00:00:00,DOT/USDT,20.873,21.509,19.839,20.405,17725677.8,361865977.3335,519801
1612483200000,2021-02-05 00:00:00,DOT/USDT,19.695,21.472,19.377,20.881,25124472.5,520351546.4352,723039
1612396800000,2021-02-04 00:00:00,DOT/USDT,20.879,21.946,19.010,19.695,35648972.7,730860892.0433,1038741
1612310400000,2021-02-03 00:00:00,DOT/USDT,17.216,20.970,16.864,20.880,38717930.2,739056414.9073,1092535
1612224000000,2021-02-02 00:00:00,DOT/USDT,16.466,17.704,16.065,17.213,18555700.4,313573026.0787,606634
1612137600000,2021-02-01 00:00:00,DOT/USDT,16.144,16.579,15.703,16.468,10333533.1,166371384.8674,415581
1612051200000,2021-01-31 00:00:00,DOT/USDT,16.553,17.602,15.655,16.144,13949745.9,230759664.5999,514238
1611964800000,2021-01-30 00:00:00,DOT/USDT,16.833,17.099,16.126,16.550,12136769.3,200789265.3608,431316
1611878400000,2021-01-29 00:00:00,DOT/USDT,16.897,17.820,16.000,16.831,21195359.2,357048905.8435,659729
1611792000000,2021-01-28 00:00:00,DOT/USDT,15.448,17.506,15.276,16.896,19734954.4,330261205.3361,547082
1611705600000,2021-01-27 00:00:00,DOT/USDT,17.123,17.148,15.065,15.451,22808197.9,361110327.9329,613913
1611619200000,2021-01-26 00:00:00,DOT/USDT,17.215,17.809,16.030,17.117,17951438.2,303606025.7913,542666
1611532800000,2021-01-25 00:00:00,DOT/USDT,18.003,19.170,17.082,17.216,23728209.4,431040013.5526,658948
1611446400000,2021-01-24 00:00:00,DOT/USDT,18.774,18.786,17.230,18.002,20148331.4,361186108.1514,561707
1611360000000,2021-01-23 00:00:00,DOT/USDT,17.134,18.848,16.804,18.771,32037873.3,572932778.7209,904266
1611273600000,2021-01-22 00:00:00,DOT/USDT,16.016,18.021,14.666,17.134,39246882.0,649739580.9223,1088193
1611187200000,2021-01-21 00:00:00,DOT/USDT,18.022,18.200,14.936,16.010,48007550.6,791152347.0915,1180121
1611100800000,2021-01-20 00:00:00,DOT/USDT,16.411,18.273,14.800,18.017,43651933.4,716123184.7377,1072566
1611014400000,2021-01-19 00:00:00,DOT/USDT,16.595,17.579,16.019,16.411,25134220.9,423131350.2493,704651
1610928000000,2021-01-18 00:00:00,DOT/USDT,17.090,18.250,15.801,16.601,30254407.6,518499042.0585,819942
1610841600000,2021-01-17 00:00:00,DOT/USDT,17.946,18.252,16.281,17.091,50857981.8,877515645.8837,1324979
1610755200000,2021-01-16 00:00:00,DOT/USDT,13.158,19.492,13.152,17.943,85164987.8,1421706363.4831,1992957
1610668800000,2021-01-15 00:00:00,DOT/USDT,14.530,15.021,11.771,13.158,69143443.5,942970479.7374,1434609
1610582400000,2021-01-14 00:00:00,DOT/USDT,10.964,14.799,10.900,14.500,65840041.9,809050764.9496,1324380
1610496000000,2021-01-13 00:00:00,DOT/USDT,8.301,11.423,7.980,10.955,41110779.5,405259390.1754,845836
1610409600000,2021-01-12 00:00:00,DOT/USDT,8.262,8.717,7.927,8.299,17754425.6,147137901.2353,389047
1610323200000,2021-01-11 00:00:00,DOT/USDT,9.306,9.341,7.080,8.269,49149219.2,389843194.3078,1010159
1610236800000,2021-01-10 00:00:00,DOT/USDT,9.762,10.036,8.635,9.306,22581383.8,213488607.8714,431836
1610150400000,2021-01-09 00:00:00,DOT/USDT,9.306,9.866,9.051,9.756,17809407.2,167745053.6076,347261
1610064000000,2021-01-08 00:00:00,DOT/USDT,9.663,9.846,8.800,9.303,25356450.5,235551158.5529,506061
1609977600000,2021-01-07 00:00:00,DOT/USDT,10.089,10.757,9.350,9.660,32630386.9,326369916.0900,637588
1609891200000,2021-01-06 00:00:00,DOT/USDT,9.736,10.550,9.463,10.082,30740975.8,305774220.1708,576016
1609804800000,2021-01-05 00:00:00,DOT/USDT,9.524,10.090,9.005,9.727,28997019.7,279244343.5024,545276
1609718400000,2021-01-04 00:00:00,DOT/USDT,10.188,10.584,8.666,9.524,47943722.2,461114327.6788,873097
1609632000000,2021-01-03 00:00:00,DOT/USDT,9.213,10.558,8.862,10.187,57323818.3,544512819.5921,1007535
1609545600000,2021-01-02 00:00:00,DOT/USDT,8.287,9.876,7.888,9.213,64951391.2,575364755.8334,1087271
1609459200000,2021-01-01 00:00:00,DOT/USDT,9.264,9.445,8.097,8.287,50583028.7,442648460.5523,816216
1609372800000,2020-12-31 00:00:00,DOT/USDT,7.244,9.532,7.170,9.264,59255089.8,485906693.8193,986856
1609286400000,2020-12-30 00:00:00,DOT/USDT,7.555,7.690,7.057,7.244,43369301.8,319244364.1195,650150
1609200000000,2020-12-29 00:00:00,DOT/USDT,6.608,7.730,6.200,7.554,65605380.9,442142002.2934,963377
1609113600000,2020-12-28 00:00:00,DOT/USDT,5.151,6.737,5.111,6.608,49271746.0,295858547.6070,658089
1609027200000,2020-12-27 00:00:00,DOT/USDT,5.195,5.435,4.938,5.149,22121978.6,115800991.6273,265880
1608940800000,2020-12-26 00:00:00,DOT/USDT,5.213,5.295,5.076,5.193,9129517.1,47415432.9072,127814
1608854400000,2020-12-25 00:00:00,DOT/USDT,5.114,5.290,5.040,5.212,9655072.7,49773371.4414,138795
1608768000000,2020-12-24 00:00:00,DOT/USDT,4.717,5.207,4.631,5.115,15103613.3,75188046.2174,201139
1608681600000,2020-12-23 00:00:00,DOT/USDT,5.153,5.197,4.582,4.717,13136426.7,64647387.4674,175353
1608595200000,2020-12-22 00:00:00,DOT/USDT,4.879,5.181,4.801,5.154,13992355.8,70027005.1947,183700
1608508800000,2020-12-21 00:00:00,DOT/USDT,5.191,5.457,4.782,4.877,15555773.8,79045205.2920,208560
1608422400000,2020-12-20 00:00:00,DOT/USDT,5.344,5.450,5.080,5.190,9485680.4,50029418.3508,122083
1608336000000,2020-12-19 00:00:00,DOT/USDT,5.365,5.590,5.275,5.343,8289631.5,45142475.6820,109958
1608249600000,2020-12-18 00:00:00,DOT/USDT,5.350,5.518,5.253,5.365,10031010.9,53836288.2614,143943
1608163200000,2020-12-17 00:00:00,DOT/USDT,5.372,5.775,5.259,5.350,21169940.1,116177222.5950,281628
1608076800000,2020-12-16 00:00:00,DOT/USDT,5.241,5.386,5.113,5.372,11642308.1,60877556.5120,142441
1607990400000,2020-12-15 00:00:00,DOT/USDT,4.896,5.290,4.841,5.241,10679386.5,54276527.4819,146820
1607904000000,2020-12-14 00:00:00,DOT/USDT,4.896,5.000,4.824,4.896,5389103.6,26415357.6713,78757
1607817600000,2020-12-13 00:00:00,DOT/USDT,4.738,4.998,4.724,4.897,6843704.3,33373857.6708,92612
1607731200000,2020-12-12 00:00:00,DOT/USDT,4.614,4.796,4.606,4.738,4918743.1,23243698.1396,77823
1607644800000,2020-12-11 00:00:00,DOT/USDT,4.802,4.815,4.540,4.612,5967989.9,27748806.0593,104528
1607558400000,2020-12-10 00:00:00,DOT/USDT,4.871,4.918,4.740,4.800,4622098.7,22256654.6325,77819
1607472000000,2020-12-09 00:00:00,DOT/USDT,4.740,4.938,4.616,4.870,8663731.1,41685678.9252,118941
1607385600000,2020-12-08 00:00:00,DOT/USDT,5.060,5.075,4.695,4.740,7513347.8,36537185.4765,111431
1607299200000,2020-12-07 00:00:00,DOT/USDT,5.133,5.160,5.010,5.060,4273470.4,21750410.4471,78612
1607212800000,2020-12-06 00:00:00,DOT/USDT,5.185,5.208,5.002,5.132,4433815.4,22590559.5062,76564
1607126400000,2020-12-05 00:00:00,DOT/USDT,4.999,5.195,4.876,5.185,5398595.6,27312653.7187,98713
1607040000000,2020-12-04 00:00:00,DOT/USDT,5.402,5.439,4.954,4.999,8403326.4,43757710.6689,125344
1606953600000,2020-12-03 00:00:00,DOT/USDT,5.457,5.575,5.316,5.403,8426289.0,45947097.5149,125299
1606867200000,2020-12-02 00:00:00,DOT/USDT,5.083,5.546,4.981,5.457,10838129.1,57444499.8300,159641
1606780800000,2020-12-01 00:00:00,DOT/USDT,5.382,5.556,4.952,5.081,14573932.8,76761964.8133,217333
1606694400000,2020-11-30 00:00:00,DOT/USDT,5.190,5.453,5.130,5.381,15230998.5,80615812.6706,215750
1606608000000,2020-11-29 00:00:00,DOT/USDT,4.891,5.210,4.795,5.190,9711959.5,48635617.5722,144026
1606521600000,2020-11-28 00:00:00,DOT/USDT,4.809,4.955,4.669,4.888,8428910.8,40632159.7975,115936
1606435200000,2020-11-27 00:00:00,DOT/USDT,4.805,5.074,4.507,4.810,11243818.4,53718741.9919,175352
1606348800000,2020-11-26 00:00:00,DOT/USDT,5.306,5.379,4.430,4.804,26341446.8,126715475.0174,354137
1606262400000,2020-11-25 00:00:00,DOT/USDT,5.747,5.849,5.108,5.306,17482952.4,96732295.3732,214639
1606176000000,2020-11-24 00:00:00,DOT/USDT,5.920,6.114,5.502,5.747,25837968.1,151406175.3470,307711
1606089600000,2020-11-23 00:00:00,DOT/USDT,5.526,6.000,5.421,5.919,24914371.9,143211989.0854,294293
1606003200000,2020-11-22 00:00:00,DOT/USDT,5.795,5.876,5.167,5.525,21964164.1,121367034.0623,263789
1605916800000,2020-11-21 00:00:00,DOT/USDT,5.234,5.832,5.128,5.796,24807643.3,136291575.7632,284547
1605830400000,2020-11-20 00:00:00,DOT/USDT,4.759,5.481,4.741,5.234,27612938.7,145104509.2641,298392
1605744000000,2020-11-19 00:00:00,DOT/USDT,4.682,4.858,4.539,4.759,10079058.3,47540742.6101,136351
1605657600000,2020-11-18 00:00:00,DOT/USDT,4.864,4.953,4.400,4.682,16570102.1,78043789.5770,201365
1605571200000,2020-11-17 00:00:00,DOT/USDT,4.501,4.950,4.491,4.864,22824103.0,109173374.9148,277611
1605484800000,2020-11-16 00:00:00,DOT/USDT,4.369,4.604,4.336,4.502,12131373.2,54226471.5196,130677
1605398400000,2020-11-15 00:00:00,DOT/USDT,4.467,4.509,4.302,4.366,8876203.6,39207123.4838,94995
1605312000000,2020-11-14 00:00:00,DOT/USDT,4.543,4.559,4.353,4.465,7048928.1,31412279.1006,75767
1605225600000,2020-11-13 00:00:00,DOT/USDT,4.406,4.597,4.368,4.543,8344282.1,37292009.2636,129058
1605139200000,2020-11-12 00:00:00,DOT/USDT,4.449,4.479,4.310,4.405,5993160.6,26261402.7029,79700
1605052800000,2020-11-11 00:00:00,DOT/USDT,4.424,4.635,4.414,4.450,8980090.5,40444015.4650,108562
1604966400000,2020-11-10 00:00:00,DOT/USDT,4.349,4.509,4.303,4.422,7862750.1,34588074.2005,95325
1604880000000,2020-11-09 00:00:00,DOT/USDT,4.372,4.466,4.238,4.349,8799504.9,38295036.1979,102338
1604793600000,2020-11-08 00:00:00,DOT/USDT,4.234,4.431,4.127,4.373,9744221.0,42091514.9400,94031
1604707200000,2020-11-07 00:00:00,DOT/USDT,4.585,4.866,4.078,4.235,20256437.4,89959496.3740,200421
1604620800000,2020-11-06 00:00:00,DOT/USDT,4.224,4.645,4.201,4.587,12754179.9,56871552.0504,148339
1604534400000,2020-11-05 00:00:00,DOT/USDT,4.097,4.303,4.008,4.224,10263880.4,42764255.5518,121321
1604448000000,2020-11-04 00:00:00,DOT/USDT,4.033,4.155,3.887,4.096,11005075.9,44143001.0826,121661
1604361600000,2020-11-03 00:00:00,DOT/USDT,4.026,4.068,3.877,4.033,9641198.0,38170397.0326,101383
1604275200000,2020-11-02 00:00:00,DOT/USDT,4.220,4.264,3.957,4.026,10764650.7,44072927.4014,98014
1604188800000,2020-11-01 00:00:00,DOT/USDT,4.181,4.224,4.104,4.218,4507314.7,18773815.6765,55422
1604102400000,2020-10-31 00:00:00,DOT/USDT,4.080,4.281,4.054,4.180,6751670.7,28292507.2557,72562
1604016000000,2020-10-30 00:00:00,DOT/USDT,4.054,4.161,3.908,4.081,10743311.6,43496924.6695,119560
1603929600000,2020-10-29 00:00:00,DOT/USDT,4.356,4.411,3.822,4.055,18536282.2,76989903.0067,169199
1603843200000,2020-10-28 00:00:00,DOT/USDT,4.677,4.784,4.230,4.358,15525273.3,69299169.7609,152054
1603756800000,2020-10-27 00:00:00,DOT/USDT,4.703,4.939,4.641,4.677,18254991.3,87174770.1364,174894
1603670400000,2020-10-26 00:00:00,DOT/USDT,4.333,4.751,4.289,4.702,23157749.7,105267836.2860,224257
1603584000000,2020-10-25 00:00:00,DOT/USDT,4.351,4.451,4.257,4.330,7512771.4,32668114.7720,74233
1603497600000,2020-10-24 00:00:00,DOT/USDT,4.265,4.439,4.242,4.352,10436586.4,45562625.2056,99485
1603411200000,2020-10-23 00:00:00,DOT/USDT,4.272,4.492,4.184,4.266,13498558.6,58427270.3668,147150
1603324800000,2020-10-22 00:00:00,DOT/USDT,4.136,4.345,4.124,4.274,11088616.7,47267837.7217,124671
1603238400000,2020-10-21 00:00:00,DOT/USDT,3.904,4.247,3.890,4.136,13125316.1,53572608.6789,145854
1603152000000,2020-10-20 00:00:00,DOT/USDT,3.988,4.150,3.863,3.903,11666325.9,46726213.2539,128705
1603065600000,2020-10-19 00:00:00,DOT/USDT,4.109,4.125,3.953,3.989,5237793.8,21162380.4796,72331
1602979200000,2020-10-18 00:00:00,DOT/USDT,3.967,4.130,3.956,4.111,4442084.6,18073012.0465,63149
1602892800000,2020-10-17 00:00:00,DOT/USDT,3.917,3.982,3.862,3.967,3942619.0,15522896.5273,65474
1602806400000,2020-10-16 00:00:00,DOT/USDT,4.102,4.161,3.790,3.916,9332072.8,36847321.3029,114533
1602720000000,2020-10-15 00:00:00,DOT/USDT,4.186,4.193,4.019,4.103,8460458.8,34825148.6164,100329
1602633600000,2020-10-14 00:00:00,DOT/USDT,4.254,4.388,4.074,4.186,11394825.4,48479022.3516,125398
1602547200000,2020-10-13 00:00:00,DOT/USDT,4.310,4.349,4.125,4.254,8263068.0,35167246.7578,111800
1602460800000,2020-10-12 00:00:00,DOT/USDT,4.248,4.455,4.178,4.311,14438897.4,62701790.3992,163900
1602374400000,2020-10-11 00:00:00,DOT/USDT,4.262,4.343,4.164,4.248,8330751.3,35447089.4873,105541
1602288000000,2020-10-10 00:00:00,DOT/USDT,4.254,4.490,4.223,4.262,11444963.4,49754388.1502,123818
1602201600000,2020-10-09 00:00:00,DOT/USDT,4.115,4.353,4.010,4.257,13744416.0,57535531.3882,131323
1602115200000,2020-10-08 00:00:00,DOT/USDT,3.849,4.160,3.621,4.117,18897243.0,73202638.6086,170798
1602028800000,2020-10-07 00:00:00,DOT/USDT,3.743,3.885,3.591,3.850,15267754.0,57443612.3339,149282
1601942400000,2020-10-06 00:00:00,DOT/USDT,4.159,4.179,3.592,3.743,17071553.3,66795807.1659,162599
1601856000000,2020-10-05 00:00:00,DOT/USDT,4.177,4.245,4.104,4.160,6958518.5,29110841.3129,70153
1601769600000,2020-10-04 00:00:00,DOT/USDT,4.061,4.198,4.006,4.178,5334150.7,21889783.1582,62032
1601683200000,2020-10-03 00:00:00,DOT/USDT,4.125,4.147,4.024,4.061,4591505.0,18760415.2078,77018
1601596800000,2020-10-02 00:00:00,DOT/USDT,4.346,4.366,3.848,4.125,12576507.8,51380513.8392,159053
1601510400000,2020-10-01 00:00:00,DOT/USDT,4.350,4.593,4.241,4.348,14286848.1,63245898.7843,170427
1601424000000,2020-09-30 00:00:00,DOT/USDT,4.499,4.505,4.237,4.350,8146297.3,35468405.2462,108747
1601337600000,2020-09-29 00:00:00,DOT/USDT,4.454,4.617,4.352,4.499,13468351.9,60493870.0906,150785
1601251200000,2020-09-28 00:00:00,DOT/USDT,4.300,4.596,4.203,4.456,16281359.8,72187753.1355,184479
1601164800000,2020-09-27 00:00:00,DOT/USDT,4.330,4.368,4.110,4.301,7868546.8,33419518.9770,89618
1601078400000,2020-09-26 00:00:00,DOT/USDT,4.417,4.485,4.224,4.331,6762111.0,29365085.7936,77748
1600992000000,2020-09-25 00:00:00,DOT/USDT,4.380,4.534,4.236,4.416,10448990.3,45590387.6859,110523
1600905600000,2020-09-24 00:00:00,DOT/USDT,4.017,4.469,3.960,4.380,16488091.9,69850988.3368,151369
1600819200000,2020-09-23 00:00:00,DOT/USDT,4.162,4.327,3.939,4.017,18670450.4,76994576.6099,161213
1600732800000,2020-09-22 00:00:00,DOT/USDT,4.069,4.210,3.900,4.164,13963592.0,57042622.5838,148926
1600646400000,2020-09-21 00:00:00,DOT/USDT,4.661,4.699,3.906,4.069,26452655.3,110950725.0304,295235
1600560000000,2020-09-20 00:00:00,DOT/USDT,4.926,4.974,4.376,4.661,13744406.2,64283026.7944,183256
1600473600000,2020-09-19 00:00:00,DOT/USDT,5.269,5.273,4.806,4.929,7722368.4,39034734.9398,121221
1600387200000,2020-09-18 00:00:00,DOT/USDT,5.338,5.465,5.091,5.268,11417450.6,60087416.0347,149500
1600300800000,2020-09-17 00:00:00,DOT/USDT,5.077,5.432,5.049,5.340,13989325.4,73501634.2594,181041
1600214400000,2020-09-16 00:00:00,DOT/USDT,5.061,5.291,4.969,5.082,12657543.0,64550748.1512,154575
1600128000000,2020-09-15 00:00:00,DOT/USDT,5.363,5.452,5.044,5.062,15695368.3,82868624.7079,198085
1600041600000,2020-09-14 00:00:00,DOT/USDT,5.330,5.584,5.089,5.365,21796482.8,116318069.6152,265678
1599955200000,2020-09-13 00:00:00,DOT/USDT,5.143,5.481,4.770,5.330,28970409.1,148730182.4715,299639
1599868800000,2020-09-12 00:00:00,DOT/USDT,4.650,5.304,4.499,5.143,23105202.5,113048249.9775,253417
1599782400000,2020-09-11 00:00:00,DOT/USDT,4.578,4.744,4.294,4.651,12384407.3,55592867.8235,163775
1599696000000,2020-09-10 00:00:00,DOT/USDT,4.707,4.900,4.442,4.577,14627909.7,67939571.3939,184207
1599609600000,2020-09-09 00:00:00,DOT/USDT,4.268,4.800,4.132,4.706,15706478.6,70547746.7001,200449
1599523200000,2020-09-08 00:00:00,DOT/USDT,4.598,4.632,4.108,4.274,15114305.5,65512831.6827,200259
1599436800000,2020-09-07 00:00:00,DOT/USDT,4.789,4.836,4.001,4.598,22395692.9,98202516.2297,275727
1599350400000,2020-09-06 00:00:00,DOT/USDT,4.145,4.946,3.726,4.789,33884882.7,149491742.3788,369997
1599264000000,2020-09-05 00:00:00,DOT/USDT,5.102,5.315,3.550,4.145,48012193.8,210720123.8437,520687
1599177600000,2020-09-04 00:00:00,DOT/USDT,5.680,5.995,4.467,5.105,46084440.4,242347855.9987,530718
1599091200000,2020-09-03 00:00:00,DOT/USDT,6.144,6.339,5.550,5.680,40503527.5,243713961.3863,486150
1599004800000,2020-09-02 00:00:00,DOT/USDT,6.254,6.460,5.510,6.136,27104128.0,162883902.2724,356624
1598918400000,2020-09-01 00:00:00,DOT/USDT,6.275,6.889,6.125,6.253,24095350.4,156488512.1252,367297
1598832000000,2020-08-31 00:00:00,DOT/USDT,5.898,6.479,5.762,6.275,22653228.3,139095930.6805,335341
1598745600000,2020-08-30 00:00:00,DOT/USDT,6.148,6.237,5.721,5.899,20792243.5,124584142.0065,290927
1598659200000,2020-08-29 00:00:00,DOT/USDT,6.186,6.571,6.018,6.144,24587097.5,155229777.9378,320667
1598572800000,2020-08-28 00:00:00,DOT/USDT,5.658,6.388,5.511,6.179,33421289.7,199764540.1280,427225
1598486400000,2020-08-27 00:00:00,DOT/USDT,6.092,6.828,5.230,5.668,75224186.8,449647538.4695,916615
1598400000000,2020-08-26 00:00:00,DOT/USDT,5.560,6.598,5.102,6.092,51031902.3,300034766.1615,718104
1598313600000,2020-08-25 00:00:00,DOT/USDT,4.585,5.776,4.492,5.560,54379664.2,274657179.7305,755276
1598227200000,2020-08-24 00:00:00,DOT/USDT,3.993,4.810,3.755,4.594,27131790.2,116315362.2400,347435
1598140800000,2020-08-23 00:00:00,DOT/USDT,4.482,4.500,3.706,3.993,23021804.0,92770491.1651,288821
1598054400000,2020-08-22 00:00:00,DOT/USDT,2.920,5.100,2.920,4.465,34281718.6,133878465.8050,415916
1597968000000,2020-08-21,DOT/USDT,2.89780000,3.09000000,2.68260000,2.83300000,9765153.74000000,28393535.85348400,50378
1597881600000,2020-08-20,DOT/USDT,2.94490000,3.11110000,2.60000000,2.90000000,11040863.60000000,31457410.86681700,53797
1597795200000,2020-08-19,DOT/USDT,3.10000000,3.19990000,2.64000000,2.95000000,15895774.92000000,47558321.63325400,75075
1597708800000,2020-08-18,DOT/USDT,2.09000000,4.44000000,2.00000000,3.10000000,6039881.97000000,18375373.39233600,22593
