unix,date,symbol,open,high,low,close,Volume NEAR,Volume USDT,tradecount
1658275200000,2022-07-20 00:00:00,NEAR/USDT,4.53300000,4.54500000,4.46200000,4.47500000,421176.60000000,1896148.89540000,4730
1658188800000,2022-07-19 00:00:00,NEAR/USDT,4.06200000,4.66700000,4.00600000,4.53300000,29178130.00000000,128024860.84230000,345716
1658102400000,2022-07-18 00:00:00,NEAR/USDT,3.52400000,4.11700000,3.51600000,4.06200000,19177480.40000000,74720026.71120000,189100
1658016000000,2022-07-17 00:00:00,NEAR/USDT,3.64500000,3.76700000,3.50800000,3.52400000,10095353.60000000,36645719.86530000,90547
1657929600000,2022-07-16 00:00:00,NEAR/USDT,3.50100000,3.67000000,3.37400000,3.64300000,8856448.70000000,31169027.04690000,80400
1657843200000,2022-07-15 00:00:00,NEAR/USDT,3.49000000,3.63800000,3.43300000,3.50200000,9574440.20000000,33746046.36100000,84309
1657756800000,2022-07-14 00:00:00,NEAR/USDT,3.33700000,3.53300000,3.22100000,3.49200000,11316621.60000000,38030469.55000000,92736
1657670400000,2022-07-13 00:00:00,NEAR/USDT,3.18800000,3.34500000,3.03800000,3.33700000,12464940.60000000,39807053.68410000,103799
1657584000000,2022-07-12 00:00:00,NEAR/USDT,3.22500000,3.33900000,3.17900000,3.18800000,7601884.00000000,24831923.22440000,65711
1657497600000,2022-07-11 00:00:00,NEAR/USDT,3.52600000,3.53500000,3.21000000,3.22500000,8830979.10000000,29982347.88230000,84049
1657411200000,2022-07-10 00:00:00,NEAR/USDT,3.79400000,3.82600000,3.50000000,3.52600000,8664632.80000000,31368958.03510000,75951
1657324800000,2022-07-09 00:00:00,NEAR/USDT,3.58700000,3.87900000,3.58600000,3.79300000,11083048.00000000,41650773.89300000,103588
1657238400000,2022-07-08 00:00:00,NEAR/USDT,3.70500000,3.84800000,3.48900000,3.58700000,12564969.40000000,45732192.20490000,108654
1657152000000,2022-07-07 00:00:00,NEAR/USDT,3.50200000,3.77800000,3.43700000,3.70400000,10514327.80000000,37789547.44840000,91309
1657065600000,2022-07-06 00:00:00,NEAR/USDT,3.39300000,3.55000000,3.31200000,3.50100000,11018251.90000000,37871050.71080000,99865
1656979200000,2022-07-05 00:00:00,NEAR/USDT,3.52100000,3.59300000,3.26200000,3.39300000,12061320.80000000,41436311.52130000,107442
1656892800000,2022-07-04 00:00:00,NEAR/USDT,3.32200000,3.55900000,3.21000000,3.52100000,8656935.70000000,29252669.35540000,75355
1656806400000,2022-07-03 00:00:00,NEAR/USDT,3.31300000,3.34900000,3.20200000,3.32300000,6465455.90000000,21198721.74910000,57960
1656720000000,2022-07-02 00:00:00,NEAR/USDT,3.35300000,3.42700000,3.21900000,3.31200000,6117446.20000000,20246446.29480000,59731
1656633600000,2022-07-01 00:00:00,NEAR/USDT,3.33800000,3.45900000,3.23400000,3.35200000,11590819.30000000,38702994.73880000,107977
1656547200000,2022-06-30 00:00:00,NEAR/USDT,3.43000000,3.43800000,3.12500000,3.33800000,11718512.10000000,38037530.16830000,123519
1656460800000,2022-06-29 00:00:00,NEAR/USDT,3.41700000,3.56000000,3.33500000,3.42900000,12442462.70000000,42982849.11500000,123967
1656374400000,2022-06-28 00:00:00,NEAR/USDT,3.73900000,3.78300000,3.39000000,3.41700000,14493380.30000000,52081161.81980000,129093
1656288000000,2022-06-27 00:00:00,NEAR/USDT,3.79200000,4.00700000,3.63200000,3.73900000,12065215.30000000,46282740.86170000,121947
1656201600000,2022-06-26 00:00:00,NEAR/USDT,4.17300000,4.33500000,3.77000000,3.79200000,12425073.70000000,50952027.64560000,146179
1656115200000,2022-06-25 00:00:00,NEAR/USDT,3.99300000,4.40000000,3.93200000,4.17200000,20282391.50000000,84619122.52840000,233468
1656028800000,2022-06-24 00:00:00,NEAR/USDT,3.55400000,4.11300000,3.55400000,3.99300000,17672824.00000000,66599880.70600000,174506
1655942400000,2022-06-23 00:00:00,NEAR/USDT,3.28100000,3.58500000,3.27300000,3.55400000,9639006.10000000,33216769.10200000,103681
1655856000000,2022-06-22 00:00:00,NEAR/USDT,3.51800000,3.52800000,3.26600000,3.28000000,13065671.40000000,44090691.37070000,131029
1655769600000,2022-06-21 00:00:00,NEAR/USDT,3.40900000,3.70500000,3.38400000,3.51800000,15413725.50000000,54802630.61630000,178145
1655683200000,2022-06-20 00:00:00,NEAR/USDT,3.28800000,3.57000000,2.99500000,3.40900000,17212881.40000000,57453710.16520000,183920
1655596800000,2022-06-19 00:00:00,NEAR/USDT,3.09500000,3.34800000,2.97500000,3.28800000,14158024.50000000,44472087.42890000,155572
1655510400000,2022-06-18 00:00:00,NEAR/USDT,3.37500000,3.41200000,2.87500000,3.09500000,15491070.82000000,48269974.33390000,174282
1655424000000,2022-06-17 00:00:00,NEAR/USDT,3.22500000,3.51100000,3.17600000,3.37400000,13202845.40000000,44361655.17240000,143887
1655337600000,2022-06-16 00:00:00,NEAR/USDT,3.81200000,3.83500000,3.13100000,3.22600000,18371781.50000000,62947568.17910000,207192
1655251200000,2022-06-15 00:00:00,NEAR/USDT,3.38300000,3.87500000,3.03800000,3.81300000,25681623.90000000,85100919.53050000,295638
1655164800000,2022-06-14 00:00:00,NEAR/USDT,3.52000000,3.69500000,3.17000000,3.38000000,24170332.20000000,83045782.57610000,303036
1655078400000,2022-06-13 00:00:00,NEAR/USDT,3.69400000,3.73600000,3.08900000,3.51700000,30783549.50000000,103119767.96200000,378127
1654992000000,2022-06-12 00:00:00,NEAR/USDT,4.10100000,4.15400000,3.69000000,3.69500000,17857448.00000000,69401417.46662800,220584
1654905600000,2022-06-11 00:00:00,NEAR/USDT,4.49700000,4.68300000,4.00000000,4.10000000,11395434.20000000,49220147.36920000,153011
1654819200000,2022-06-10 00:00:00,NEAR/USDT,5.08200000,5.11400000,4.44700000,4.49600000,12528091.00000000,59880210.34050000,156821
1654732800000,2022-06-09 00:00:00,NEAR/USDT,5.06500000,5.21800000,4.99200000,5.08300000,5888089.90000000,30057424.27440000,81924
1654646400000,2022-06-08 00:00:00,NEAR/USDT,5.19800000,5.35700000,5.06000000,5.06500000,7289064.10000000,37924326.42900000,109410
1654560000000,2022-06-07 00:00:00,NEAR/USDT,5.48600000,5.49400000,5.05200000,5.19800000,11345301.50000000,59187653.76020000,164750
1654473600000,2022-06-06 00:00:00,NEAR/USDT,5.33000000,5.76800000,5.30800000,5.48600000,11617166.30000000,64311142.22020000,151377
1654387200000,2022-06-05 00:00:00,NEAR/USDT,5.32900000,5.51100000,5.20900000,5.33100000,5076600.10000000,27091626.23820000,74381
1654300800000,2022-06-04 00:00:00,NEAR/USDT,5.25400000,5.40100000,5.11200000,5.32900000,6058781.40000000,31912421.75700000,94852
1654214400000,2022-06-03 00:00:00,NEAR/USDT,5.60500000,5.64000000,5.13400000,5.25200000,8446131.10000000,44958847.48140000,135376
1654128000000,2022-06-02 00:00:00,NEAR/USDT,5.34400000,5.65300000,5.15500000,5.60300000,12176661.40000000,65247114.53440000,186351
1654041600000,2022-06-01 00:00:00,NEAR/USDT,5.95600000,5.99400000,5.23700000,5.34300000,18445117.60000000,104879099.05570000,263918
1653955200000,2022-05-31 00:00:00,NEAR/USDT,5.75900000,6.54800000,5.72100000,5.95700000,27157430.50000000,166216205.09870000,377437
1653868800000,2022-05-30 00:00:00,NEAR/USDT,5.18100000,5.82200000,5.10100000,5.76000000,17668616.90000000,97508874.98200000,233006
1653782400000,2022-05-29 00:00:00,NEAR/USDT,4.99700000,5.22000000,4.77900000,5.18200000,9585828.20000000,48194144.88290000,126389
1653696000000,2022-05-28 00:00:00,NEAR/USDT,4.80500000,5.05400000,4.71800000,4.99800000,10258763.70000000,50192704.17340000,137990
1653609600000,2022-05-27 00:00:00,NEAR/USDT,5.23200000,5.31100000,4.67500000,4.80600000,24475984.80000000,121551452.15600000,332803
1653523200000,2022-05-26 00:00:00,NEAR/USDT,5.75700000,5.82900000,5.06000000,5.23100000,23141924.60000000,124304602.70350000,317973
1653436800000,2022-05-25 00:00:00,NEAR/USDT,5.96500000,6.09700000,5.68600000,5.75800000,14401809.80000000,83976641.65850000,201947
1653350400000,2022-05-24 00:00:00,NEAR/USDT,5.84600000,6.03700000,5.52200000,5.97000000,13351363.30000000,77364193.31170000,208410
1653264000000,2022-05-23 00:00:00,NEAR/USDT,6.24000000,6.53100000,5.73900000,5.84600000,13820911.80000000,86015315.57060000,262580
1653177600000,2022-05-22 00:00:00,NEAR/USDT,6.13600000,6.38700000,5.99200000,6.24200000,10400866.20000000,64281187.15740000,188236
1653091200000,2022-05-21 00:00:00,NEAR/USDT,5.75100000,6.19800000,5.61400000,6.13600000,8236988.60000000,48406785.80070000,169325
1653004800000,2022-05-20 00:00:00,NEAR/USDT,6.10200000,6.27500000,5.63700000,5.75200000,12031711.90000000,71275554.43780000,283162
1652918400000,2022-05-19 00:00:00,NEAR/USDT,5.92200000,6.27100000,5.56600000,6.10200000,16152288.40000000,95681817.25590000,336705
1652832000000,2022-05-18 00:00:00,NEAR/USDT,6.67900000,6.78000000,5.87100000,5.92300000,13557357.40000000,84422591.25270000,290868
1652745600000,2022-05-17 00:00:00,NEAR/USDT,6.54300000,6.98000000,6.27500000,6.67900000,11702774.10000000,77893742.37050000,249353
1652659200000,2022-05-16 00:00:00,NEAR/USDT,7.34800000,7.34800000,6.43600000,6.54300000,13789149.40000000,93112941.10830000,321549
1652572800000,2022-05-15 00:00:00,NEAR/USDT,6.67800000,7.50000000,6.49800000,7.34900000,13136382.60000000,90069405.63030000,279589
1652486400000,2022-05-14 00:00:00,NEAR/USDT,6.53100000,6.89200000,5.95900000,6.67800000,15167801.40000000,97348256.71340000,312042
1652400000000,2022-05-13 00:00:00,NEAR/USDT,6.41500000,7.66100000,6.08200000,6.53000000,38206820.20000000,266116438.44870000,644223
1652313600000,2022-05-12 00:00:00,NEAR/USDT,6.51200000,7.35000000,5.26000000,6.42100000,46607823.50000000,286458049.70840000,762094
1652227200000,2022-05-11 00:00:00,NEAR/USDT,9.56800000,9.89300000,5.30000000,6.50800000,62496252.00000000,477515910.29420000,1141186
1652140800000,2022-05-10 00:00:00,NEAR/USDT,9.39800000,10.92700000,8.86000000,9.56300000,31164956.60000000,308603400.84700000,759326
1652054400000,2022-05-09 00:00:00,NEAR/USDT,11.14700000,11.68600000,9.35000000,9.39900000,32111806.00000000,345514729.70890000,794273
1651968000000,2022-05-08 00:00:00,NEAR/USDT,10.43600000,11.25700000,9.85000000,11.14500000,16000809.80000000,168506714.93210000,382943
1651881600000,2022-05-07 00:00:00,NEAR/USDT,10.77900000,10.86000000,10.03300000,10.43800000,8451929.30000000,89057716.37330000,208942
1651795200000,2022-05-06 00:00:00,NEAR/USDT,11.21500000,11.32800000,10.41800000,10.77900000,13831512.90000000,149083770.32590000,309805
1651708800000,2022-05-05 00:00:00,NEAR/USDT,12.98000000,13.19500000,10.78800000,11.21700000,18412760.50000000,216181336.73030000,435812
1651622400000,2022-05-04 00:00:00,NEAR/USDT,11.99900000,13.06000000,11.86800000,12.97900000,15747141.30000000,194468013.91600000,408993
1651536000000,2022-05-03 00:00:00,NEAR/USDT,11.84900000,12.17600000,11.30600000,11.99800000,11250996.10000000,132908962.03410000,295130
1651449600000,2022-05-02 00:00:00,NEAR/USDT,11.84000000,12.19900000,11.08700000,11.84900000,16510041.70000000,192533500.80160000,467907
1651363200000,2022-05-01 00:00:00,NEAR/USDT,10.33500000,12.29400000,10.13600000,11.83700000,18414456.20000000,207160918.95670000,493407
1651276800000,2022-04-30 00:00:00,NEAR/USDT,11.28800000,11.79500000,10.10000000,10.33600000,11668267.00000000,129167413.18290000,292438
1651190400000,2022-04-29 00:00:00,NEAR/USDT,12.40200000,12.54000000,11.11000000,11.28900000,12397766.00000000,146471160.57130000,283327
1651104000000,2022-04-28 00:00:00,NEAR/USDT,12.87900000,13.15000000,12.25000000,12.40200000,11752863.10000000,149045862.41380000,294903
1651017600000,2022-04-27 00:00:00,NEAR/USDT,12.68800000,13.28100000,12.44200000,12.87900000,14373076.30000000,185085456.69340000,380534
1650931200000,2022-04-26 00:00:00,NEAR/USDT,14.27400000,15.20000000,12.36200000,12.68500000,18150215.60000000,253400537.95830000,454732
1650844800000,2022-04-25 00:00:00,NEAR/USDT,15.00600000,15.05600000,13.57000000,14.27500000,18987008.00000000,267617978.46700000,472821
1650758400000,2022-04-24 00:00:00,NEAR/USDT,15.32500000,15.58200000,14.82200000,15.00600000,7788475.90000000,118401491.83670000,242819
1650672000000,2022-04-23 00:00:00,NEAR/USDT,15.56900000,15.92700000,15.11100000,15.32600000,7006793.40000000,109062715.61160000,249629
1650585600000,2022-04-22 00:00:00,NEAR/USDT,15.64000000,15.83900000,15.05300000,15.56900000,10839843.00000000,167705149.95940000,308106
1650499200000,2022-04-21 00:00:00,NEAR/USDT,16.64900000,17.18100000,15.10000000,15.64000000,16961192.30000000,276477134.75270000,439218
1650412800000,2022-04-20 00:00:00,NEAR/USDT,17.41700000,17.82000000,16.34500000,16.65400000,15236513.70000000,259869240.86480000,426763
1650326400000,2022-04-19 00:00:00,NEAR/USDT,16.16900000,17.55000000,16.15900000,17.41700000,18447988.90000000,313728033.62610000,547009
1650240000000,2022-04-18 00:00:00,NEAR/USDT,15.68100000,16.34900000,14.68200000,16.16900000,14489934.10000000,224194491.28290000,417063
1650153600000,2022-04-17 00:00:00,NEAR/USDT,15.93600000,16.81300000,15.60000000,15.68200000,8370547.80000000,135162354.10080000,251115
1650067200000,2022-04-16 00:00:00,NEAR/USDT,16.03200000,16.30700000,15.54500000,15.93400000,6043635.40000000,96227393.58770000,165835
1649980800000,2022-04-15 00:00:00,NEAR/USDT,16.38500000,16.56400000,15.65500000,16.03200000,10144087.50000000,162493466.96800000,276358
1649894400000,2022-04-14 00:00:00,NEAR/USDT,16.83300000,17.76600000,15.92400000,16.38400000,16000883.80000000,270993463.21970000,469341
1649808000000,2022-04-13 00:00:00,NEAR/USDT,16.53000000,16.98800000,15.59200000,16.83700000,13794874.90000000,225824022.81050000,389339
1649721600000,2022-04-12 00:00:00,NEAR/USDT,16.05100000,17.17400000,15.56300000,16.53000000,26404563.90000000,430849561.03500000,670262
1649635200000,2022-04-11 00:00:00,NEAR/USDT,15.79900000,16.45200000,14.93100000,16.05100000,24293805.90000000,380029111.09420000,525299
1649548800000,2022-04-10 00:00:00,NEAR/USDT,17.55200000,17.69700000,15.71100000,15.80400000,13453229.70000000,224636930.23080000,357204
1649462400000,2022-04-09 00:00:00,NEAR/USDT,17.52200000,18.18600000,16.11100000,17.55300000,20825524.00000000,352756771.32780000,494074
1649376000000,2022-04-08 00:00:00,NEAR/USDT,17.43900000,19.78800000,17.06400000,17.52700000,47190840.80000000,872013953.95570000,1167738
1649289600000,2022-04-07 00:00:00,NEAR/USDT,15.26200000,17.50000000,14.59700000,17.44700000,21698679.50000000,339712013.63660000,468716
1649203200000,2022-04-06 00:00:00,NEAR/USDT,16.14000000,17.08300000,15.07800000,15.27200000,34100746.30000000,549214558.72470000,760832
1649116800000,2022-04-05 00:00:00,NEAR/USDT,17.11100000,17.65000000,15.86300000,16.14000000,16550530.60000000,279374814.85520000,413084
1649030400000,2022-04-04 00:00:00,NEAR/USDT,16.80600000,18.00000000,15.31100000,17.11500000,27615632.20000000,460055843.23570000,625381
1648944000000,2022-04-03 00:00:00,NEAR/USDT,14.82500000,17.43000000,14.55100000,16.81300000,20711278.20000000,339955341.45210000,522344
1648857600000,2022-04-02 00:00:00,NEAR/USDT,14.73800000,16.28800000,14.36100000,14.82500000,16409947.30000000,253240211.22380000,427473
1648771200000,2022-04-01 00:00:00,NEAR/USDT,13.30100000,14.75000000,12.53300000,14.74000000,11251454.50000000,153123725.74620000,237763
1648684800000,2022-03-31 00:00:00,NEAR/USDT,14.03400000,14.38300000,12.97000000,13.30200000,10499897.80000000,143741064.78560000,220871
1648598400000,2022-03-30 00:00:00,NEAR/USDT,14.09700000,14.71200000,13.53000000,14.03400000,10958136.50000000,155200964.80110000,260888
1648512000000,2022-03-29 00:00:00,NEAR/USDT,12.64100000,14.42800000,12.59900000,14.10100000,15928040.80000000,217130510.97390000,330225
1648425600000,2022-03-28 00:00:00,NEAR/USDT,13.19600000,13.49900000,12.50500000,12.64000000,9740299.50000000,128315743.39170000,188961
1648339200000,2022-03-27 00:00:00,NEAR/USDT,12.71600000,13.22700000,12.48200000,13.19700000,7187618.00000000,92569580.01630000,148100
1648252800000,2022-03-26 00:00:00,NEAR/USDT,12.22100000,13.54400000,12.14500000,12.71400000,10830250.30000000,141226006.70510000,239256
1648166400000,2022-03-25 00:00:00,NEAR/USDT,12.89500000,12.90000000,11.92700000,12.22100000,9306749.50000000,116194882.44600000,200109
1648080000000,2022-03-24 00:00:00,NEAR/USDT,12.49200000,13.20000000,11.90300000,12.89600000,12391485.30000000,153544766.36090000,266876
1647993600000,2022-03-23 00:00:00,NEAR/USDT,11.07100000,12.71900000,10.88200000,12.49300000,13695498.20000000,162639712.71970000,264970
1647907200000,2022-03-22 00:00:00,NEAR/USDT,10.86200000,11.50000000,10.80400000,11.07000000,7006834.70000000,78744171.16900000,133120
1647820800000,2022-03-21 00:00:00,NEAR/USDT,10.65200000,11.28800000,10.51900000,10.86200000,6530709.50000000,71357542.36590000,128372
1647734400000,2022-03-20 00:00:00,NEAR/USDT,11.29300000,11.34300000,10.58000000,10.65300000,4677098.50000000,50920784.46870000,91842
1647648000000,2022-03-19 00:00:00,NEAR/USDT,11.35400000,11.56000000,11.05700000,11.29300000,5790549.90000000,65461697.88510000,109594
1647561600000,2022-03-18 00:00:00,NEAR/USDT,10.72300000,11.49500000,10.42300000,11.35500000,7050605.70000000,76431037.61580000,119413
1647475200000,2022-03-17 00:00:00,NEAR/USDT,10.81600000,11.19200000,10.66300000,10.72300000,8221120.70000000,89568928.16430000,140291
1647388800000,2022-03-16 00:00:00,NEAR/USDT,10.11500000,10.84700000,9.92500000,10.81500000,11466162.60000000,118167450.34750000,190138
1647302400000,2022-03-15 00:00:00,NEAR/USDT,10.13100000,10.39900000,9.83100000,10.11300000,8637866.90000000,87477315.16780000,157998
1647216000000,2022-03-14 00:00:00,NEAR/USDT,9.84800000,10.19500000,9.60800000,10.13000000,8430692.50000000,83671070.89680000,149031
1647129600000,2022-03-13 00:00:00,NEAR/USDT,10.32800000,10.47500000,9.72300000,9.85000000,6517122.20000000,66394992.12870000,112259
1647043200000,2022-03-12 00:00:00,NEAR/USDT,10.24800000,10.63300000,10.23400000,10.32700000,6216409.30000000,64832593.57240000,120840
1646956800000,2022-03-11 00:00:00,NEAR/USDT,11.04200000,11.36300000,10.23000000,10.25200000,13896245.00000000,148917336.92280000,252243
1646870400000,2022-03-10 00:00:00,NEAR/USDT,11.59900000,11.99000000,10.50300000,11.04200000,19164390.40000000,212844137.21250000,382619
1646784000000,2022-03-09 00:00:00,NEAR/USDT,9.73300000,11.71400000,9.69200000,11.59800000,16831600.50000000,185068197.67930000,311276
1646697600000,2022-03-08 00:00:00,NEAR/USDT,9.65700000,9.95300000,9.54400000,9.73100000,6864142.90000000,67189017.12340000,127723
1646611200000,2022-03-07 00:00:00,NEAR/USDT,10.09400000,10.33500000,9.32100000,9.65800000,11014466.40000000,109039025.40820000,197564
1646524800000,2022-03-06 00:00:00,NEAR/USDT,10.50400000,10.87400000,10.08700000,10.09400000,10069605.80000000,105735493.88450000,173589
1646438400000,2022-03-05 00:00:00,NEAR/USDT,10.42700000,10.75600000,10.05800000,10.50500000,8445830.90000000,88164108.12520000,157994
1646352000000,2022-03-04 00:00:00,NEAR/USDT,11.03100000,11.79000000,10.30100000,10.42800000,16040157.80000000,177427391.74620000,292159
1646265600000,2022-03-03 00:00:00,NEAR/USDT,11.09100000,11.62900000,10.70400000,11.03500000,12178786.30000000,135935692.85080000,246583
1646179200000,2022-03-02 00:00:00,NEAR/USDT,11.80900000,11.91400000,10.75000000,11.08500000,14609538.50000000,164983655.52070000,294084
1646092800000,2022-03-01 00:00:00,NEAR/USDT,9.75700000,11.94000000,9.48300000,11.80800000,24409388.40000000,262917607.93690000,472886
1646006400000,2022-02-28 00:00:00,NEAR/USDT,8.51200000,9.78000000,8.30900000,9.75900000,9068323.40000000,81257774.86510000,156970
1645920000000,2022-02-27 00:00:00,NEAR/USDT,9.11700000,9.17300000,8.28300000,8.50800000,6840159.80000000,59980326.39850000,127696
1645833600000,2022-02-26 00:00:00,NEAR/USDT,8.93500000,9.39600000,8.88100000,9.11700000,6753506.10000000,62053252.17260000,127915
1645747200000,2022-02-25 00:00:00,NEAR/USDT,8.48900000,9.04900000,8.22800000,8.93500000,7865253.60000000,67848633.46910000,143794
1645660800000,2022-02-24 00:00:00,NEAR/USDT,8.55800000,8.82400000,7.38500000,8.48800000,17816580.60000000,141828640.83960000,286040
1645574400000,2022-02-23 00:00:00,NEAR/USDT,8.95900000,9.44800000,8.52500000,8.55600000,6861524.40000000,62235840.70380000,120417
1645488000000,2022-02-22 00:00:00,NEAR/USDT,8.54700000,9.02400000,8.20500000,8.96500000,7822610.10000000,67319245.20180000,133596
1645401600000,2022-02-21 00:00:00,NEAR/USDT,9.29400000,9.84600000,8.49400000,8.54500000,8819899.80000000,81618219.44100000,170965
1645315200000,2022-02-20 00:00:00,NEAR/USDT,10.04400000,10.08100000,9.08800000,9.29300000,5966735.00000000,56654961.08130000,112171
1645228800000,2022-02-19 00:00:00,NEAR/USDT,10.27400000,10.47600000,9.83600000,10.04400000,4431814.50000000,44904765.27120000,89047
1645142400000,2022-02-18 00:00:00,NEAR/USDT,10.45100000,10.94700000,10.11500000,10.27500000,6327293.20000000,66439040.25090000,123196
1645056000000,2022-02-17 00:00:00,NEAR/USDT,11.21100000,11.72900000,10.40000000,10.44500000,8724050.20000000,96829495.72700000,181799
1644969600000,2022-02-16 00:00:00,NEAR/USDT,11.51200000,11.51900000,10.82400000,11.22300000,4635594.60000000,51709218.12850000,100130
1644883200000,2022-02-15 00:00:00,NEAR/USDT,10.55900000,11.60000000,10.49200000,11.51000000,6906966.60000000,76608719.70420000,124178
1644796800000,2022-02-14 00:00:00,NEAR/USDT,10.37900000,10.67600000,10.04100000,10.55400000,5308924.20000000,54898559.88200000,98620
1644710400000,2022-02-13 00:00:00,NEAR/USDT,10.79700000,11.20000000,10.12300000,10.38000000,5480309.80000000,58235490.42370000,107322
1644624000000,2022-02-12 00:00:00,NEAR/USDT,10.85400000,11.24700000,10.40000000,10.79300000,7232911.90000000,78191827.45430000,138927
1644537600000,2022-02-11 00:00:00,NEAR/USDT,11.78300000,12.32700000,10.64400000,10.85400000,9115922.00000000,105333132.54650000,195724
1644451200000,2022-02-10 00:00:00,NEAR/USDT,12.99600000,13.00500000,11.69900000,11.78700000,8628835.10000000,106339107.40830000,197158
1644364800000,2022-02-09 00:00:00,NEAR/USDT,12.78200000,13.10500000,12.09800000,12.99500000,6802873.40000000,86330734.62670000,154674
1644278400000,2022-02-08 00:00:00,NEAR/USDT,13.51000000,13.75000000,12.20000000,12.77800000,12742429.90000000,164164856.19550000,262304
1644192000000,2022-02-07 00:00:00,NEAR/USDT,13.49600000,14.08300000,13.06600000,13.50300000,11610916.30000000,157659565.92420000,257235
1644105600000,2022-02-06 00:00:00,NEAR/USDT,12.82000000,13.97300000,12.74000000,13.49500000,11213044.30000000,149604561.17270000,247665
1644019200000,2022-02-05 00:00:00,NEAR/USDT,12.98400000,13.59200000,12.56900000,12.81500000,12927701.10000000,168798381.72530000,272483
1643932800000,2022-02-04 00:00:00,NEAR/USDT,10.95700000,13.16400000,10.83200000,12.98400000,15562189.80000000,185837659.92390000,298728
1643846400000,2022-02-03 00:00:00,NEAR/USDT,10.86200000,10.99300000,10.43800000,10.95900000,8093251.20000000,86686369.07190000,156228
1643760000000,2022-02-02 00:00:00,NEAR/USDT,11.20900000,11.95000000,10.85100000,10.86300000,10732381.90000000,122195380.59660000,213473
1643673600000,2022-02-01 00:00:00,NEAR/USDT,11.12200000,11.52800000,10.92100000,11.21100000,6977477.80000000,78234393.32700000,140875
1643587200000,2022-01-31 00:00:00,NEAR/USDT,10.35700000,11.36700000,10.02900000,11.12000000,8148127.80000000,86985997.45840000,155087
1643500800000,2022-01-30 00:00:00,NEAR/USDT,11.04400000,11.15700000,10.26400000,10.35700000,6386429.30000000,68864473.97190000,132030
1643414400000,2022-01-29 00:00:00,NEAR/USDT,10.77300000,11.37800000,10.65000000,11.04800000,7289215.40000000,80386603.04820000,160753
1643328000000,2022-01-28 00:00:00,NEAR/USDT,10.53700000,10.89300000,10.06600000,10.76900000,10654080.80000000,111212874.71620000,215936
1643241600000,2022-01-27 00:00:00,NEAR/USDT,11.29800000,11.77200000,9.93600000,10.54100000,18223245.60000000,198004002.83450000,326365
1643155200000,2022-01-26 00:00:00,NEAR/USDT,12.13100000,12.93700000,10.73500000,11.30200000,23614921.70000000,281386448.26120000,467075
1643068800000,2022-01-25 00:00:00,NEAR/USDT,10.71900000,12.49800000,9.97300000,12.13500000,17682492.50000000,196724730.72250000,347576
1642982400000,2022-01-24 00:00:00,NEAR/USDT,11.70000000,11.71200000,9.50900000,10.71900000,25040201.50000000,256994817.16990000,439983
1642896000000,2022-01-23 00:00:00,NEAR/USDT,11.40800000,12.58500000,10.82300000,11.69600000,18776863.30000000,220079750.63760000,355629
1642809600000,2022-01-22 00:00:00,NEAR/USDT,13.22400000,13.53800000,10.09200000,11.40700000,27432919.20000000,319093800.86890000,534329
1642723200000,2022-01-21 00:00:00,NEAR/USDT,15.25400000,15.70600000,11.93000000,13.22400000,27700767.60000000,389886310.56220000,572273
1642636800000,2022-01-20 00:00:00,NEAR/USDT,16.20800000,17.57900000,15.15000000,15.25900000,11565497.50000000,191982567.18590000,283263
1642550400000,2022-01-19 00:00:00,NEAR/USDT,17.70400000,17.85700000,16.16500000,16.21000000,11754017.80000000,201456908.02000000,333336
1642464000000,2022-01-18 00:00:00,NEAR/USDT,17.69200000,18.22300000,16.75800000,17.70500000,12486326.50000000,219118456.32550000,326374
1642377600000,2022-01-17 00:00:00,NEAR/USDT,20.14200000,20.18200000,17.35800000,17.69200000,11529269.00000000,214161342.48380000,334128
1642291200000,2022-01-16 00:00:00,NEAR/USDT,19.28100000,20.45600000,18.75100000,20.14200000,9327904.70000000,183593096.34420000,265124
1642204800000,2022-01-15 00:00:00,NEAR/USDT,20.19300000,20.29900000,19.03200000,19.28300000,6770365.20000000,132125374.97220000,210947
1642118400000,2022-01-14 00:00:00,NEAR/USDT,19.62500000,20.59700000,18.45100000,20.18400000,18119207.95000000,351658335.92537600,497329
1642032000000,2022-01-13 00:00:00,NEAR/USDT,17.57400000,19.87700000,17.17200000,19.62300000,20613100.57000000,389392245.15424400,538861
1641945600000,2022-01-12 00:00:00,NEAR/USDT,18.04000000,18.83800000,17.39200000,17.57300000,15768190.80000000,284378773.70674000,443023
1641859200000,2022-01-11 00:00:00,NEAR/USDT,15.47400000,18.44100000,15.29200000,18.04500000,22842154.90000000,382252231.89445000,593461
1641772800000,2022-01-10 00:00:00,NEAR/USDT,13.51400000,15.55500000,13.20000000,15.47400000,21510045.80000000,310641822.65990000,481709
1641686400000,2022-01-09 00:00:00,NEAR/USDT,13.82000000,14.31600000,13.10300000,13.51900000,7801429.70000000,106565330.73510000,184136
1641600000000,2022-01-08 00:00:00,NEAR/USDT,15.05900000,15.56100000,13.31000000,13.82000000,12265867.70000000,176246231.10390000,279010
1641513600000,2022-01-07 00:00:00,NEAR/USDT,15.93500000,16.05000000,14.27800000,15.05700000,16078326.80000000,244176911.65730000,353368
1641427200000,2022-01-06 00:00:00,NEAR/USDT,15.30500000,16.30000000,14.75100000,15.93500000,17682247.00000000,275483445.14520000,376749
1641340800000,2022-01-05 00:00:00,NEAR/USDT,16.02900000,17.29800000,14.00000000,15.30900000,18198848.50000000,291959775.21970000,426055
1641254400000,2022-01-04 00:00:00,NEAR/USDT,16.48000000,17.66400000,15.92000000,16.02800000,21452398.30000000,361713042.72700000,511334
1641168000000,2022-01-03 00:00:00,NEAR/USDT,14.38700000,16.49000000,13.90600000,16.48500000,13822823.20000000,208595842.61920000,319854
1641081600000,2022-01-02 00:00:00,NEAR/USDT,15.17100000,15.26800000,14.21900000,14.38400000,5634754.00000000,82647569.73490000,136038
1640995200000,2022-01-01 00:00:00,NEAR/USDT,14.61900000,15.32600000,14.43000000,15.17500000,5338109.40000000,79064811.39640000,121415
1640908800000,2021-12-31 00:00:00,NEAR/USDT,15.43000000,15.71600000,14.14600000,14.62500000,9136497.60000000,137657511.75380000,212521
1640822400000,2021-12-30 00:00:00,NEAR/USDT,14.90700000,15.53100000,14.05600000,15.43000000,17366223.80000000,259930748.01760000,405099
1640736000000,2021-12-29 00:00:00,NEAR/USDT,13.33300000,15.22800000,13.13500000,14.90400000,20101784.80000000,284476821.19420000,459963
1640649600000,2021-12-28 00:00:00,NEAR/USDT,14.75400000,14.82500000,13.03600000,13.33500000,17918983.50000000,249919022.03590000,397628
1640563200000,2021-12-27 00:00:00,NEAR/USDT,16.26700000,16.49000000,14.57100000,14.75200000,12978769.00000000,199198566.81860000,354553
1640476800000,2021-12-26 00:00:00,NEAR/USDT,15.22600000,16.30100000,14.51400000,16.26100000,12543856.00000000,191378250.80400000,323995
1640390400000,2021-12-25 00:00:00,NEAR/USDT,14.94900000,15.69600000,14.20700000,15.22100000,17066993.10000000,254086169.86150000,417698
1640304000000,2021-12-24 00:00:00,NEAR/USDT,13.72400000,15.93900000,13.50800000,14.95000000,29249621.60000000,431870143.47670000,703314
1640217600000,2021-12-23 00:00:00,NEAR/USDT,10.82500000,14.27300000,10.69500000,13.72300000,40321532.50000000,527252305.81120000,914121
1640131200000,2021-12-22 00:00:00,NEAR/USDT,9.24600000,11.80000000,9.07800000,10.82500000,27615235.10000000,294431134.49800000,513945
1640044800000,2021-12-21 00:00:00,NEAR/USDT,8.51200000,9.38300000,8.49400000,9.24600000,9378713.70000000,83276437.86460000,153183
1639958400000,2021-12-20 00:00:00,NEAR/USDT,9.01600000,9.08800000,8.26400000,8.50900000,11878190.90000000,102316588.82720000,189755
1639872000000,2021-12-19 00:00:00,NEAR/USDT,8.41300000,9.69600000,8.35000000,9.01300000,14948631.20000000,135339585.45040000,249518
1639785600000,2021-12-18 00:00:00,NEAR/USDT,8.39900000,8.54700000,8.08400000,8.41400000,6486650.00000000,54123275.70760000,120664
1639699200000,2021-12-17 00:00:00,NEAR/USDT,9.23500000,9.34800000,8.27000000,8.40200000,10180885.80000000,89058965.63060000,200624
1639612800000,2021-12-16 00:00:00,NEAR/USDT,9.84700000,11.00600000,9.20000000,9.23300000,11896394.20000000,116265510.32640000,215094
1639526400000,2021-12-15 00:00:00,NEAR/USDT,9.32900000,17.95000000,9.05000000,9.84500000,42680329.33000000,482382805.50604700,782021
1639440000000,2021-12-14 00:00:00,NEAR/USDT,9.10300000,9.68800000,8.90300000,9.33000000,9425524.60000000,87969723.87460000,162987
1639353600000,2021-12-13 00:00:00,NEAR/USDT,10.56500000,10.71700000,8.90200000,9.10100000,12556806.90000000,121502411.32370000,240650
1639267200000,2021-12-12 00:00:00,NEAR/USDT,11.63900000,11.86000000,10.51600000,10.57200000,10173420.30000000,111783040.12010000,222477
1639180800000,2021-12-11 00:00:00,NEAR/USDT,10.00600000,11.82400000,9.52700000,11.64900000,16454296.00000000,174636256.95610000,354641
1639094400000,2021-12-10 00:00:00,NEAR/USDT,9.76100000,10.38400000,9.10100000,10.00800000,16088976.80000000,156459572.79020000,326598
1639008000000,2021-12-09 00:00:00,NEAR/USDT,9.34000000,10.08100000,8.89500000,9.76500000,19347698.00000000,182204366.65940000,362898
1638921600000,2021-12-08 00:00:00,NEAR/USDT,7.60000000,9.80000000,7.49100000,9.33900000,19428063.20000000,167564307.76020000,347883
1638835200000,2021-12-07 00:00:00,NEAR/USDT,7.26300000,7.69400000,7.12000000,7.59500000,6658309.60000000,49144155.32280000,110826
1638748800000,2021-12-06 00:00:00,NEAR/USDT,7.34400000,7.42900000,6.63000000,7.26300000,8663621.30000000,60911739.30010000,129855
1638662400000,2021-12-05 00:00:00,NEAR/USDT,7.97200000,8.17500000,7.10000000,7.34300000,6242831.70000000,47617913.70230000,108194
1638576000000,2021-12-04 00:00:00,NEAR/USDT,9.12500000,9.16200000,6.12300000,7.97300000,20863252.90000000,162755847.48930000,362687
1638489600000,2021-12-03 00:00:00,NEAR/USDT,8.23100000,9.58100000,8.20000000,9.12600000,14357598.40000000,127699841.49920000,256501
1638403200000,2021-12-02 00:00:00,NEAR/USDT,8.50200000,8.51100000,8.06800000,8.23200000,3746987.80000000,30924811.64330000,73997
1638316800000,2021-12-01 00:00:00,NEAR/USDT,8.75000000,8.91900000,8.35200000,8.50600000,3675429.20000000,31790950.81980000,66008
1638230400000,2021-11-30 00:00:00,NEAR/USDT,8.42400000,9.00000000,8.20100000,8.74300000,6082250.40000000,52506712.70900000,107403
1638144000000,2021-11-29 00:00:00,NEAR/USDT,8.39100000,8.53800000,8.12000000,8.42300000,2684024.30000000,22385426.08090000,56508
1638057600000,2021-11-28 00:00:00,NEAR/USDT,8.31100000,8.73100000,7.53000000,8.39600000,5472183.50000000,44108753.47360000,104415
1637971200000,2021-11-27 00:00:00,NEAR/USDT,8.27000000,8.53900000,8.16000000,8.30900000,2709278.20000000,22660340.01270000,56749
1637884800000,2021-11-26 00:00:00,NEAR/USDT,9.27900000,9.38500000,7.83000000,8.27000000,9411550.40000000,79779922.51380000,165891
1637798400000,2021-11-25 00:00:00,NEAR/USDT,9.28200000,9.49700000,9.10800000,9.27800000,4190673.50000000,38987354.43820000,88543
1637712000000,2021-11-24 00:00:00,NEAR/USDT,9.97400000,10.31900000,9.03700000,9.28300000,6229429.50000000,59976862.27970000,124795
1637625600000,2021-11-23 00:00:00,NEAR/USDT,9.26900000,9.98900000,9.08200000,9.97200000,4532588.20000000,42996548.17940000,97618
1637539200000,2021-11-22 00:00:00,NEAR/USDT,9.67100000,9.75900000,9.00000000,9.27400000,4682950.60000000,43528592.65320000,87691
1637452800000,2021-11-21 00:00:00,NEAR/USDT,9.80500000,9.94100000,9.34800000,9.66500000,3666133.80000000,35114244.62620000,76693
1637366400000,2021-11-20 00:00:00,NEAR/USDT,9.42100000,9.87700000,9.27000000,9.80500000,5349816.40000000,51193565.40530000,94250
1637280000000,2021-11-19 00:00:00,NEAR/USDT,8.79900000,9.57900000,8.64300000,9.42200000,6166435.00000000,56828698.32370000,112781
1637193600000,2021-11-18 00:00:00,NEAR/USDT,9.41700000,9.89000000,8.39900000,8.79900000,9791755.50000000,89786079.92200000,182836
1637107200000,2021-11-17 00:00:00,NEAR/USDT,9.67400000,9.83800000,9.12600000,9.41500000,7952125.90000000,75658093.90330000,163987
1637020800000,2021-11-16 00:00:00,NEAR/USDT,11.07700000,11.14600000,8.96900000,9.67500000,14245295.30000000,143152871.01480000,309509
1636934400000,2021-11-15 00:00:00,NEAR/USDT,11.87000000,11.97800000,11.03400000,11.08000000,5755518.30000000,66184997.06490000,149348
1636848000000,2021-11-14 00:00:00,NEAR/USDT,11.15100000,11.90000000,11.13400000,11.86700000,7175130.20000000,82348096.72830000,144198
1636761600000,2021-11-13 00:00:00,NEAR/USDT,11.40500000,11.43700000,10.83700000,11.15200000,5615530.60000000,62420719.28460000,114538
1636675200000,2021-11-12 00:00:00,NEAR/USDT,12.03800000,12.65700000,10.90500000,11.40700000,11350822.70000000,132158977.47160000,238855
1636588800000,2021-11-11 00:00:00,NEAR/USDT,10.76600000,12.54000000,10.56100000,12.04200000,14121617.60000000,166750177.95290000,336525
1636502400000,2021-11-10 00:00:00,NEAR/USDT,11.37800000,11.80000000,9.94000000,10.77800000,13330896.90000000,149000609.48440000,286062
1636416000000,2021-11-09 00:00:00,NEAR/USDT,10.71700000,11.85000000,10.47900000,11.37400000,11080315.40000000,122775158.98160000,233436
1636329600000,2021-11-08 00:00:00,NEAR/USDT,10.33100000,10.81700000,10.00000000,10.71500000,7182245.90000000,74624757.64540000,125971
1636243200000,2021-11-07 00:00:00,NEAR/USDT,10.19400000,10.55500000,10.06100000,10.33200000,4914225.00000000,50327954.08830000,86330
1636156800000,2021-11-06 00:00:00,NEAR/USDT,10.36200000,10.60000000,9.77000000,10.19000000,6725650.90000000,68048336.87920000,131120
1636070400000,2021-11-05 00:00:00,NEAR/USDT,10.60000000,11.00700000,10.12200000,10.36400000,5548643.60000000,58751613.83170000,107664
1635984000000,2021-11-04 00:00:00,NEAR/USDT,10.96200000,11.50000000,10.28400000,10.60100000,7916961.80000000,85920336.06510000,154013
1635897600000,2021-11-03 00:00:00,NEAR/USDT,10.46200000,11.29700000,10.19400000,10.96000000,9805337.60000000,105475516.18820000,201300
1635811200000,2021-11-02 00:00:00,NEAR/USDT,10.14700000,10.99600000,10.01300000,10.46100000,7807626.90000000,82538117.71880000,146520
1635724800000,2021-11-01 00:00:00,NEAR/USDT,10.15800000,10.71400000,9.83600000,10.14400000,9155164.90000000,93930669.14190000,160376
1635638400000,2021-10-31 00:00:00,NEAR/USDT,10.49500000,10.71000000,9.64400000,10.15700000,8217698.00000000,83136106.17830000,162252
1635552000000,2021-10-30 00:00:00,NEAR/USDT,11.58500000,11.59000000,10.09100000,10.48100000,8276970.10000000,89158899.19020000,160523
1635465600000,2021-10-29 00:00:00,NEAR/USDT,11.35100000,11.60600000,11.00000000,11.57600000,7160398.60000000,81015892.20110000,135861
1635379200000,2021-10-28 00:00:00,NEAR/USDT,10.85500000,12.64100000,10.65100000,11.35800000,15715972.30000000,186142887.90880000,294866
1635292800000,2021-10-27 00:00:00,NEAR/USDT,12.31000000,12.84000000,10.28900000,10.84900000,21117290.00000000,240333200.03430000,426241
1635206400000,2021-10-26 00:00:00,NEAR/USDT,12.32000000,13.23000000,11.80700000,12.31000000,21980239.57000000,273513939.05670100,461276
1635120000000,2021-10-25 00:00:00,NEAR/USDT,9.60300000,12.70000000,9.54000000,12.32100000,31308506.40000000,354088547.09673100,594967
1635033600000,2021-10-24 00:00:00,NEAR/USDT,9.30900000,9.95400000,9.13600000,9.60300000,10609363.70000000,100838717.39410000,172479
1634947200000,2021-10-23 00:00:00,NEAR/USDT,9.10400000,9.42500000,8.82100000,9.31300000,5753605.00000000,52522972.83430000,100739
1634860800000,2021-10-22 00:00:00,NEAR/USDT,9.47200000,9.67300000,8.81300000,9.10700000,11781202.30000000,108158285.95800000,160708
1634774400000,2021-10-21 00:00:00,NEAR/USDT,8.73200000,9.77700000,8.56900000,9.47600000,16065673.80000000,148739789.39360000,252299
1634688000000,2021-10-20 00:00:00,NEAR/USDT,8.18600000,8.89600000,8.12800000,8.73200000,9949804.20000000,84499912.84470000,146265
1634601600000,2021-10-19 00:00:00,NEAR/USDT,7.84300000,8.26300000,7.74300000,8.18600000,6708326.90000000,54001549.90420000,99619
1634515200000,2021-10-18 00:00:00,NEAR/USDT,7.79400000,7.93700000,7.61600000,7.84400000,4288817.50000000,33418760.35320000,66709
1634428800000,2021-10-17 00:00:00,NEAR/USDT,7.85900000,8.08300000,7.60000000,7.78900000,4093348.00000000,32105847.67020000,61910
1634342400000,2021-10-16 00:00:00,NEAR/USDT,7.86800000,8.18600000,7.71100000,7.86100000,5807664.70000000,46248133.15930000,89015
1634256000000,2021-10-15 00:00:00,NEAR/USDT,8.04500000,8.28000000,7.63200000,7.86800000,10334268.30000000,81647575.05260000,139275
1634169600000,2021-10-14 00:00:00,NEAR/USDT,7.24300000,8.18800000,7.19900000,8.04700000,10050006.00000000,77449722.50120000,133340
1634083200000,2021-10-13 00:00:00,NEAR/USDT,7.27300000,7.39900000,6.90400000,7.24300000,6360398.70000000,45383660.26390000,87357
1633996800000,2021-10-12 00:00:00,NEAR/USDT,7.42000000,7.42000000,6.76600000,7.26900000,8006879.30000000,56774825.97060000,101346
1633910400000,2021-10-11 00:00:00,NEAR/USDT,7.39000000,7.86100000,7.20500000,7.42000000,5836733.60000000,43812729.17040000,75917
1633824000000,2021-10-10 00:00:00,NEAR/USDT,8.04300000,8.04700000,7.30800000,7.39100000,6770752.60000000,52360707.07360000,87986
1633737600000,2021-10-09 00:00:00,NEAR/USDT,8.10400000,8.42000000,7.91300000,8.03900000,5144751.30000000,41927861.06130000,75956
1633651200000,2021-10-08 00:00:00,NEAR/USDT,8.28000000,8.75200000,8.00000000,8.10400000,11441925.80000000,95660375.95030000,147464
1633564800000,2021-10-07 00:00:00,NEAR/USDT,7.79300000,8.48000000,7.50000000,8.28400000,13840188.70000000,111575160.12730000,191860
1633478400000,2021-10-06 00:00:00,NEAR/USDT,7.98600000,8.00700000,7.13700000,7.79700000,10142196.00000000,77207066.91680000,127347
1633392000000,2021-10-05 00:00:00,NEAR/USDT,7.62900000,8.25000000,7.56700000,7.98200000,10789555.40000000,85275101.19870000,139817
1633305600000,2021-10-04 00:00:00,NEAR/USDT,8.03400000,8.20000000,7.38100000,7.62600000,12435928.50000000,96306188.49490000,147717
1633219200000,2021-10-03 00:00:00,NEAR/USDT,7.80500000,8.49300000,7.60900000,8.03600000,10678587.50000000,86602434.86760000,142212
1633132800000,2021-10-02 00:00:00,NEAR/USDT,7.83500000,8.28600000,7.52000000,7.80600000,10055362.10000000,79232935.79760000,132551
1633046400000,2021-10-01 00:00:00,NEAR/USDT,6.92400000,8.00000000,6.82100000,7.83000000,16075971.30000000,119626214.59620000,174676
1632960000000,2021-09-30 00:00:00,NEAR/USDT,6.64500000,7.00000000,6.55900000,6.92700000,10212304.40000000,69163137.46380000,107146
1632873600000,2021-09-29 00:00:00,NEAR/USDT,6.42000000,7.34600000,6.36300000,6.64100000,14449088.40000000,98034757.43420000,160106
1632787200000,2021-09-28 00:00:00,NEAR/USDT,6.89000000,7.13200000,6.36300000,6.41600000,8849791.30000000,60076661.98840000,129382
1632700800000,2021-09-27 00:00:00,NEAR/USDT,7.29000000,7.77800000,6.85000000,6.89400000,8944505.30000000,65390835.79010000,106287
1632614400000,2021-09-26 00:00:00,NEAR/USDT,7.61300000,7.67800000,6.59800000,7.29300000,15805400.80000000,113679040.64290000,179003
1632528000000,2021-09-25 00:00:00,NEAR/USDT,7.97200000,8.44000000,7.45500000,7.61800000,12799556.10000000,100567019.37560000,152407
1632441600000,2021-09-24 00:00:00,NEAR/USDT,9.18100000,9.29000000,7.41400000,7.97300000,28241387.60000000,229720032.55450000,341788
1632355200000,2021-09-23 00:00:00,NEAR/USDT,7.77100000,9.42000000,7.35600000,9.17000000,19475730.60000000,161555021.70740000,251467
1632268800000,2021-09-22 00:00:00,NEAR/USDT,6.70400000,7.82500000,6.52300000,7.77100000,15332430.20000000,109334446.59690000,178346
1632182400000,2021-09-21 00:00:00,NEAR/USDT,7.68600000,8.00000000,6.33800000,6.70100000,23120824.10000000,170454663.54040000,262071
1632096000000,2021-09-20 00:00:00,NEAR/USDT,10.05900000,10.43900000,7.35300000,7.69300000,33667386.70000000,288479475.07360000,419944
1632009600000,2021-09-19 00:00:00,NEAR/USDT,9.06800000,10.40000000,8.68700000,10.06100000,18308375.30000000,174322188.80460000,284469
1631923200000,2021-09-18 00:00:00,NEAR/USDT,8.32300000,9.44000000,8.11100000,9.07100000,10674330.90000000,95432214.01300000,151108
1631836800000,2021-09-17 00:00:00,NEAR/USDT,8.72400000,8.95500000,8.10800000,8.32200000,7145946.60000000,60719222.71200000,94500
1631750400000,2021-09-16 00:00:00,NEAR/USDT,9.24000000,9.37300000,8.43000000,8.73000000,8995826.50000000,80079320.09560000,122561
1631664000000,2021-09-15 00:00:00,NEAR/USDT,8.60900000,9.67000000,8.53900000,9.24200000,11966278.60000000,109148137.59430000,184597
1631577600000,2021-09-14 00:00:00,NEAR/USDT,8.20400000,9.33900000,8.06200000,8.61200000,13959223.90000000,122192814.28930000,190983
1631491200000,2021-09-13 00:00:00,NEAR/USDT,8.94400000,9.04000000,7.70400000,8.20100000,15411427.10000000,127483488.52280000,210603
1631404800000,2021-09-12 00:00:00,NEAR/USDT,9.05500000,9.80000000,8.31100000,8.94200000,17466297.50000000,157829061.43430000,245794
1631318400000,2021-09-11 00:00:00,NEAR/USDT,9.93600000,9.99500000,8.72300000,9.05000000,18652983.20000000,171605130.10320000,252603
1631232000000,2021-09-10 00:00:00,NEAR/USDT,9.73000000,10.42600000,8.56100000,9.93300000,29264265.20000000,275405689.36060000,438844
1631145600000,2021-09-09 00:00:00,NEAR/USDT,10.37100000,11.88000000,9.62000000,9.72000000,43251049.66000000,465289712.08800900,663174
1631059200000,2021-09-08 00:00:00,NEAR/USDT,8.67000000,11.05000000,7.36000000,10.39100000,85075795.94000000,791111730.66178100,1168403
1630972800000,2021-09-07 00:00:00,NEAR/USDT,6.10000000,8.87870000,5.45000000,8.67400000,65537370.13000000,455983541.08941600,773757
1630886400000,2021-09-06 00:00:00,NEAR/USDT,6.14000000,6.43500000,5.73100000,6.10000000,9120920.50000000,55800625.10320000,100475
1630800000000,2021-09-05 00:00:00,NEAR/USDT,6.07700000,6.19300000,5.86400000,6.14000000,7354211.20000000,44231965.64000000,80772
1630713600000,2021-09-04 00:00:00,NEAR/USDT,6.17100000,6.37700000,6.00000000,6.07700000,8897737.40000000,55012299.83760000,103018
1630627200000,2021-09-03 00:00:00,NEAR/USDT,5.49000000,6.88170000,5.48000000,6.16800000,23936687.03000000,150343525.79939200,270457
1630540800000,2021-09-02 00:00:00,NEAR/USDT,5.49300000,5.68400000,5.40500000,5.49000000,5780225.40000000,31906926.71810000,60699
1630454400000,2021-09-01 00:00:00,NEAR/USDT,5.27600000,5.60200000,5.11700000,5.49700000,6182135.10000000,33329695.62350000,63774
1630368000000,2021-08-31 00:00:00,NEAR/USDT,5.32400000,5.52800000,5.09700000,5.27700000,8788606.70000000,46649670.34270000,83185
1630281600000,2021-08-30 00:00:00,NEAR/USDT,5.54800000,5.88800000,5.23400000,5.32400000,10821251.90000000,60217523.35380000,118449
1630195200000,2021-08-29 00:00:00,NEAR/USDT,5.71900000,6.22500000,5.53600000,5.54600000,16018887.30000000,94472495.73438400,169984
1630108800000,2021-08-28 00:00:00,NEAR/USDT,5.31700000,5.80000000,5.05400000,5.71700000,10856617.01000000,58976310.96679400,115156
1630022400000,2021-08-27 00:00:00,NEAR/USDT,4.86600000,5.39800000,4.60500000,5.31600000,10385846.06000000,51494264.15256400,99997
1629936000000,2021-08-26 00:00:00,NEAR/USDT,5.58710000,5.76760000,4.80100000,4.87000000,13079598.42000000,68068635.64571600,125832
1629849600000,2021-08-25 00:00:00,NEAR/USDT,5.04340000,5.60600000,4.81010000,5.58080000,13844459.37000000,71966993.44533900,127059
1629763200000,2021-08-24 00:00:00,NEAR/USDT,5.49140000,5.75000000,4.86920000,5.04720000,12775794.69000000,68114047.99120100,125162
1629676800000,2021-08-23 00:00:00,NEAR/USDT,5.45360000,5.89520000,5.36680000,5.49110000,12240971.62000000,68677451.45790600,134651
1629590400000,2021-08-22 00:00:00,NEAR/USDT,6.18030000,6.59610000,5.32930000,5.45360000,24298040.74000000,142518731.67727600,274365
1629504000000,2021-08-21 00:00:00,NEAR/USDT,4.41260000,6.25000000,4.31070000,6.18500000,24554012.17000000,127774715.96536900,270589
1629417600000,2021-08-20 00:00:00,NEAR/USDT,4.48740000,4.61770000,4.30930000,4.41000000,7869110.46000000,34782183.29355300,72646
1629331200000,2021-08-19 00:00:00,NEAR/USDT,4.43770000,4.82000000,4.15300000,4.47990000,15312811.65000000,68812057.61632500,146860
1629244800000,2021-08-18 00:00:00,NEAR/USDT,3.73120000,4.56490000,3.60010000,4.43770000,25691359.87000000,107649789.78559600,226301
1629158400000,2021-08-17 00:00:00,NEAR/USDT,3.46140000,4.00000000,3.37330000,3.73120000,19931245.22000000,75232869.85112800,173577
1629072000000,2021-08-16 00:00:00,NEAR/USDT,3.22580000,3.56590000,3.21400000,3.46140000,9142952.91000000,31053619.16117500,77725
1628985600000,2021-08-15 00:00:00,NEAR/USDT,3.24460000,3.27690000,3.01220000,3.22570000,6365488.03000000,20036917.74085100,42741
1628899200000,2021-08-14 00:00:00,NEAR/USDT,3.41250000,3.43800000,3.15000000,3.24590000,6956305.52000000,22893943.40101000,49560
1628812800000,2021-08-13 00:00:00,NEAR/USDT,3.33810000,3.48600000,3.24360000,3.41500000,6127881.47000000,20601532.54748700,50216
1628726400000,2021-08-12 00:00:00,NEAR/USDT,2.97310000,3.46440000,2.96010000,3.34350000,16880195.39000000,54318267.64084600,128587
1628640000000,2021-08-11 00:00:00,NEAR/USDT,2.86110000,3.04530000,2.81780000,2.97220000,6305435.53000000,18477577.18476400,51332
1628553600000,2021-08-10 00:00:00,NEAR/USDT,2.68800000,2.94680000,2.64710000,2.85810000,7915010.13000000,22200659.87773400,54513
1628467200000,2021-08-09 00:00:00,NEAR/USDT,2.56090000,2.75000000,2.46360000,2.68890000,5163708.22000000,13576595.23191100,36881
1628380800000,2021-08-08 00:00:00,NEAR/USDT,2.78150000,2.78280000,2.51950000,2.55940000,6542884.05000000,17396452.48084200,44712
1628294400000,2021-08-07 00:00:00,NEAR/USDT,2.52500000,2.79050000,2.47800000,2.78100000,9853613.14000000,26360640.24972400,75015
1628208000000,2021-08-06 00:00:00,NEAR/USDT,2.51680000,2.59000000,2.42560000,2.52500000,5261709.54000000,13170629.34717300,43703
1628121600000,2021-08-05 00:00:00,NEAR/USDT,2.45790000,2.59240000,2.32610000,2.51600000,6489159.69000000,15944770.04741900,54000
1628035200000,2021-08-04 00:00:00,NEAR/USDT,2.33870000,2.49500000,2.25630000,2.45430000,4811676.43000000,11450484.24575200,37745
1627948800000,2021-08-03 00:00:00,NEAR/USDT,2.35170000,2.39710000,2.22080000,2.34040000,3791509.93000000,8767191.31296700,32548
1627862400000,2021-08-02 00:00:00,NEAR/USDT,2.39180000,2.46410000,2.32110000,2.35130000,4589924.21000000,10969650.57089000,32481
1627776000000,2021-08-01 00:00:00,NEAR/USDT,2.40230000,2.55000000,2.37680000,2.39160000,5894344.75000000,14565831.75456600,41594
1627689600000,2021-07-31 00:00:00,NEAR/USDT,2.32640000,2.50860000,2.30080000,2.40030000,6469993.84000000,15691087.94846200,42973
1627603200000,2021-07-30 00:00:00,NEAR/USDT,2.25660000,2.36560000,2.14580000,2.32250000,4892056.00000000,10971010.54132500,30037
1627516800000,2021-07-29 00:00:00,NEAR/USDT,2.22490000,2.31000000,2.18550000,2.25490000,4150397.75000000,9315475.94925300,26648
1627430400000,2021-07-28 00:00:00,NEAR/USDT,2.23490000,2.30740000,2.13330000,2.22640000,5732985.88000000,12688722.73859900,32455
1627344000000,2021-07-27 00:00:00,NEAR/USDT,2.14660000,2.35450000,2.06670000,2.23540000,6964593.18000000,15233786.82784200,42710
1627257600000,2021-07-26 00:00:00,NEAR/USDT,2.15930000,2.51460000,2.13150000,2.14760000,11318676.76000000,26323099.37107400,71148
1627171200000,2021-07-25 00:00:00,NEAR/USDT,2.13760000,2.31290000,2.04000000,2.15780000,9092351.59000000,19715201.06889500,50026
1627084800000,2021-07-24 00:00:00,NEAR/USDT,1.93830000,2.19840000,1.91750000,2.13800000,7829846.69000000,16199972.28833200,41804
1626998400000,2021-07-23 00:00:00,NEAR/USDT,1.93520000,1.94500000,1.81590000,1.93960000,3653552.64000000,6899808.56230200,20080
1626912000000,2021-07-22 00:00:00,NEAR/USDT,1.82740000,1.94550000,1.76830000,1.93530000,4859018.02000000,8970210.31637500,25975
1626825600000,2021-07-21 00:00:00,NEAR/USDT,1.67930000,1.83840000,1.62280000,1.82740000,5211053.99000000,9177743.60107800,26957
1626739200000,2021-07-20 00:00:00,NEAR/USDT,1.73040000,1.76000000,1.54600000,1.67940000,6681342.14000000,10958319.17121800,31654
1626652800000,2021-07-19 00:00:00,NEAR/USDT,1.90790000,1.91700000,1.71560000,1.73050000,5448810.05000000,9814096.75984600,25090
1626566400000,2021-07-18 00:00:00,NEAR/USDT,1.93830000,1.99400000,1.85200000,1.90710000,4634244.11000000,8896583.24546000,23761
1626480000000,2021-07-17 00:00:00,NEAR/USDT,1.84220000,2.03980000,1.80040000,1.93680000,8217062.75000000,15751309.19792700,38780
1626393600000,2021-07-16 00:00:00,NEAR/USDT,1.92790000,1.98470000,1.81950000,1.84040000,5564754.22000000,10549728.05012000,24730
1626307200000,2021-07-15 00:00:00,NEAR/USDT,1.99400000,2.02520000,1.85750000,1.92490000,8510383.14000000,16472020.19419300,35244
1626220800000,2021-07-14 00:00:00,NEAR/USDT,1.94490000,2.08650000,1.86180000,1.99390000,5092217.19000000,10069030.15353800,29928
1626134400000,2021-07-13 00:00:00,NEAR/USDT,2.09000000,2.09790000,1.92020000,1.94860000,3431989.19000000,6923519.29488600,20124
1626048000000,2021-07-12 00:00:00,NEAR/USDT,2.17330000,2.22920000,2.03450000,2.09200000,2893770.68000000,6175567.38406400,19058
1625961600000,2021-07-11 00:00:00,NEAR/USDT,2.11280000,2.24770000,2.07750000,2.17490000,4702300.55000000,10221685.45295400,29330
1625875200000,2021-07-10 00:00:00,NEAR/USDT,2.09030000,2.13780000,2.03080000,2.11170000,2882487.72000000,6011968.33291700,17355
1625788800000,2021-07-09 00:00:00,NEAR/USDT,2.09820000,2.12060000,2.01010000,2.08870000,3495499.28000000,7279106.00417900,20392
1625702400000,2021-07-08 00:00:00,NEAR/USDT,2.30780000,2.31430000,2.04500000,2.09960000,5066247.48000000,10915925.87722000,33352
1625616000000,2021-07-07 00:00:00,NEAR/USDT,2.25580000,2.40490000,2.23710000,2.31030000,6083421.33000000,14223112.27343900,37241
1625529600000,2021-07-06 00:00:00,NEAR/USDT,2.17140000,2.32610000,2.16980000,2.25730000,5570173.44000000,12531416.41937400,33181
1625443200000,2021-07-05 00:00:00,NEAR/USDT,2.29170000,2.30770000,2.11250000,2.17060000,5503787.63000000,12132124.43517900,31195
1625356800000,2021-07-04 00:00:00,NEAR/USDT,2.25870000,2.34850000,2.16050000,2.29310000,5036401.90000000,11425308.53504900,29204
1625270400000,2021-07-03 00:00:00,NEAR/USDT,2.10490000,2.29260000,2.09520000,2.25830000,7333361.72000000,16241357.77442800,45962
1625184000000,2021-07-02 00:00:00,NEAR/USDT,2.07130000,2.20000000,1.93600000,2.10260000,8445830.42000000,17412268.20734400,49943
1625097600000,2021-07-01 00:00:00,NEAR/USDT,2.09170000,2.16890000,1.92020000,2.07380000,6875322.57000000,14004890.77406200,42437
1625011200000,2021-06-30 00:00:00,NEAR/USDT,2.09710000,2.11970000,1.92020000,2.09070000,6175072.23000000,12455052.77717200,37351
1624924800000,2021-06-29 00:00:00,NEAR/USDT,1.97670000,2.19010000,1.96310000,2.09570000,7598840.01000000,15832381.37658900,45861
1624838400000,2021-06-28 00:00:00,NEAR/USDT,1.96490000,2.06190000,1.92220000,1.97730000,6064774.48000000,12023094.22016700,36509
1624752000000,2021-06-27 00:00:00,NEAR/USDT,1.88750000,1.97000000,1.81050000,1.96430000,5393261.48000000,10138737.82580500,31313
1624665600000,2021-06-26 00:00:00,NEAR/USDT,1.89420000,1.92200000,1.74730000,1.89000000,9026687.97000000,16616867.19056700,60445
1624579200000,2021-06-25 00:00:00,NEAR/USDT,2.17090000,2.23300000,1.87820000,1.89470000,9077184.61000000,18412221.62460200,53695
1624492800000,2021-06-24 00:00:00,NEAR/USDT,2.14850000,2.25720000,2.02270000,2.17100000,6585298.97000000,14027927.43712000,42179
1624406400000,2021-06-23 00:00:00,NEAR/USDT,2.13070000,2.40140000,2.02080000,2.14810000,9836279.03000000,21877003.02198700,65172
1624320000000,2021-06-22 00:00:00,NEAR/USDT,2.24490000,2.40170000,1.92280000,2.13170000,11122726.18000000,24010630.44017600,98136
1624233600000,2021-06-21 00:00:00,NEAR/USDT,2.88570000,2.93460000,2.23990000,2.24360000,8108936.50000000,20563251.36451600,73412
1624147200000,2021-06-20 00:00:00,NEAR/USDT,2.86180000,2.91590000,2.65350000,2.88530000,4309563.65000000,12018760.62051000,46356
1624060800000,2021-06-19 00:00:00,NEAR/USDT,2.92940000,2.98300000,2.84870000,2.86390000,3717034.16000000,10841144.80725700,45645
1623974400000,2021-06-18 00:00:00,NEAR/USDT,3.08900000,3.34180000,2.86010000,2.93160000,9599915.22000000,29917206.06059700,80477
1623888000000,2021-06-17 00:00:00,NEAR/USDT,3.07480000,3.20000000,3.00000000,3.08920000,3740322.61000000,11562512.23530400,29767
1623801600000,2021-06-16 00:00:00,NEAR/USDT,3.21820000,3.24320000,2.98100000,3.08110000,4690124.26000000,14577284.11353800,34511
1623715200000,2021-06-15 00:00:00,NEAR/USDT,3.22460000,3.32240000,3.16070000,3.21850000,4225092.52000000,13680109.83637800,34698
1623628800000,2021-06-14 00:00:00,NEAR/USDT,3.13550000,3.36550000,3.05500000,3.22170000,5435125.75000000,17376302.72313300,41207
1623542400000,2021-06-13 00:00:00,NEAR/USDT,2.91600000,3.16000000,2.86120000,3.13760000,2883956.95000000,8601700.15827000,21355
1623456000000,2021-06-12 00:00:00,NEAR/USDT,3.02210000,3.02240000,2.78570000,2.91710000,4326845.43000000,12516711.31409900,32504
1623369600000,2021-06-11 00:00:00,NEAR/USDT,2.96930000,3.19880000,2.89650000,3.02080000,5656725.85000000,17371125.35420300,39759
1623283200000,2021-06-10 00:00:00,NEAR/USDT,3.22450000,3.24710000,2.88110000,2.96850000,5751161.79000000,17830160.26045000,46127
1623196800000,2021-06-09 00:00:00,NEAR/USDT,2.90000000,3.33350000,2.78100000,3.22450000,8556087.39000000,26042008.33226400,56745
1623110400000,2021-06-08 00:00:00,NEAR/USDT,2.92480000,2.99110000,2.69000000,2.90000000,5871712.69000000,16772971.40103000,45654
1623024000000,2021-06-07 00:00:00,NEAR/USDT,3.20520000,3.31260000,2.91000000,2.92560000,4733509.17000000,14926453.43534800,36468
1622937600000,2021-06-06 00:00:00,NEAR/USDT,3.28360000,3.31840000,3.10480000,3.20470000,3493377.64000000,11188889.41672500,27875
1622851200000,2021-06-05 00:00:00,NEAR/USDT,3.17700000,3.43260000,2.99380000,3.28350000,7302328.12000000,23595849.75135800,60472
1622764800000,2021-06-04 00:00:00,NEAR/USDT,3.61160000,3.61770000,3.00290000,3.16980000,7768573.72000000,24998943.04603900,69819
1622678400000,2021-06-03 00:00:00,NEAR/USDT,3.31170000,3.65000000,3.26880000,3.60960000,7906215.37000000,27568026.68496600,68557
1622592000000,2021-06-02 00:00:00,NEAR/USDT,3.23580000,3.58930000,3.14820000,3.31340000,8081483.75000000,27316305.80121800,72110
1622505600000,2021-06-01 00:00:00,NEAR/USDT,3.35480000,3.38290000,2.98760000,3.23510000,9230154.98000000,29320714.39176400,71163
1622419200000,2021-05-31 00:00:00,NEAR/USDT,3.11350000,3.37620000,2.87850000,3.35480000,10978931.99000000,34320184.61057900,90613
1622332800000,2021-05-30 00:00:00,NEAR/USDT,2.69870000,3.30000000,2.53120000,3.11490000,11040633.55000000,33764044.67740200,98703
1622246400000,2021-05-29 00:00:00,NEAR/USDT,2.92000000,2.97000000,2.52790000,2.69670000,8775441.90000000,24173952.68832900,70013
1622160000000,2021-05-28 00:00:00,NEAR/USDT,3.30180000,3.33460000,2.70500000,2.92120000,11612867.27000000,34792956.12355600,89849
1622073600000,2021-05-27 00:00:00,NEAR/USDT,3.53880000,3.54030000,3.12130000,3.30490000,10689164.84000000,35099884.86719800,93082
1621987200000,2021-05-26 00:00:00,NEAR/USDT,3.33380000,3.65000000,3.23830000,3.53700000,14161499.32000000,48900509.08132000,109829
1621900800000,2021-05-25 00:00:00,NEAR/USDT,3.26840000,3.43400000,2.82140000,3.33450000,10834305.00000000,34004877.74845300,95739
1621814400000,2021-05-24 00:00:00,NEAR/USDT,2.65520000,3.28000000,2.57020000,3.26610000,12629556.82000000,37050467.20729700,99972
1621728000000,2021-05-23 00:00:00,NEAR/USDT,3.16640000,3.37000000,2.20370000,2.65750000,16846351.12000000,44923160.62042900,135149
1621641600000,2021-05-22 00:00:00,NEAR/USDT,3.46240000,3.53190000,2.96790000,3.16390000,9347059.88000000,30472074.14661600,83146
1621555200000,2021-05-21 00:00:00,NEAR/USDT,4.19230000,4.38890000,3.03000000,3.46150000,14350316.40000000,53229331.05468300,123161
1621468800000,2021-05-20 00:00:00,NEAR/USDT,3.60590000,4.37820000,3.20000000,4.19000000,14812707.83000000,57697534.63387300,137743
1621382400000,2021-05-19 00:00:00,NEAR/USDT,5.67920000,5.87430000,2.90000000,3.60140000,22932160.55000000,100817865.73731300,228713
1621296000000,2021-05-18 00:00:00,NEAR/USDT,5.72440000,6.29880000,5.48510000,5.67370000,8546204.35000000,49831541.99429700,99242
1621209600000,2021-05-17 00:00:00,NEAR/USDT,5.87290000,5.96710000,5.01000000,5.72480000,12650697.88000000,70112207.76474500,143416
1621123200000,2021-05-16 00:00:00,NEAR/USDT,5.94370000,6.60990000,5.53550000,5.87170000,11677332.10000000,71120415.73399600,151733
1621036800000,2021-05-15 00:00:00,NEAR/USDT,5.73930000,7.33550000,5.61940000,5.94210000,25055681.16000000,164608191.42594300,310695
1620950400000,2021-05-14 00:00:00,NEAR/USDT,5.48450000,5.94990000,5.45000000,5.73830000,9955827.19000000,56875653.37138900,122527
1620864000000,2021-05-13 00:00:00,NEAR/USDT,4.76370000,5.63990000,4.51000000,5.48440000,12914023.57000000,66341701.23011600,144434
1620777600000,2021-05-12 00:00:00,NEAR/USDT,4.94400000,5.98500000,4.60400000,4.74240000,15878010.07000000,86634779.42995400,174900
1620691200000,2021-05-11 00:00:00,NEAR/USDT,4.69630000,4.95940000,4.61420000,4.94310000,3722502.67000000,17770509.51472700,41402
1620604800000,2021-05-10 00:00:00,NEAR/USDT,5.06420000,5.28260000,4.36000000,4.69590000,4889027.21000000,24202738.00008300,60208
1620518400000,2021-05-09 00:00:00,NEAR/USDT,5.23500000,5.26860000,4.88320000,5.06360000,4257476.50000000,21678006.11065600,51746
1620432000000,2021-05-08 00:00:00,NEAR/USDT,5.32010000,5.56790000,5.14750000,5.23380000,4863105.92000000,25977622.40446500,63092
1620345600000,2021-05-07 00:00:00,NEAR/USDT,5.21070000,5.50000000,5.04410000,5.32000000,6971688.59000000,36915881.54518200,78149
1620259200000,2021-05-06 00:00:00,NEAR/USDT,5.24700000,5.58600000,5.02040000,5.20650000,7337825.63000000,38696359.36006300,89158
1620172800000,2021-05-05 00:00:00,NEAR/USDT,4.81690000,5.25000000,4.76410000,5.25000000,4166864.19000000,21118142.98084800,57265
1620086400000,2021-05-04 00:00:00,NEAR/USDT,5.48340000,5.49300000,4.79260000,4.81690000,6213573.40000000,31511900.39014700,81029
1620000000000,2021-05-03 00:00:00,NEAR/USDT,5.27590000,5.55820000,5.26800000,5.47840000,4351686.51000000,23639838.88102300,60934
1619913600000,2021-05-02 00:00:00,NEAR/USDT,5.50810000,5.51480000,5.14500000,5.27570000,4215921.21000000,22303635.96362300,64384
1619827200000,2021-05-01 00:00:00,NEAR/USDT,5.56250000,5.78000000,5.29230000,5.50420000,5375437.12000000,29606411.55072800,82471
1619740800000,2021-04-30 00:00:00,NEAR/USDT,5.48880000,6.00000000,5.25770000,5.56010000,7169243.51000000,38980603.89552500,110136
1619654400000,2021-04-29 00:00:00,NEAR/USDT,4.91840000,5.62860000,4.75120000,5.48920000,10253978.00000000,53387680.28434900,141668
1619568000000,2021-04-28 00:00:00,NEAR/USDT,5.15030000,5.21000000,4.72240000,4.90910000,5712512.39000000,28375514.38275100,85043
1619481600000,2021-04-27 00:00:00,NEAR/USDT,5.02020000,5.25000000,4.79400000,5.15700000,8657284.01000000,43588638.26571100,110708
1619395200000,2021-04-26 00:00:00,NEAR/USDT,4.64840000,5.19990000,4.59210000,5.02020000,5370840.03000000,26665776.89030800,79023
1619308800000,2021-04-25 00:00:00,NEAR/USDT,4.24480000,4.86880000,4.22080000,4.64620000,4778907.42000000,21877222.43983300,66038
1619222400000,2021-04-24 00:00:00,NEAR/USDT,4.65450000,4.66600000,4.10000000,4.24210000,4248507.66000000,18434241.89787300,54752
1619136000000,2021-04-23 00:00:00,NEAR/USDT,4.78680000,4.96200000,4.00840000,4.65490000,10944330.26000000,47435806.69128300,117274
1619049600000,2021-04-22 00:00:00,NEAR/USDT,4.77570000,5.75690000,4.66420000,4.79450000,8497880.52000000,43010163.74826900,108699
1618963200000,2021-04-21 00:00:00,NEAR/USDT,4.93700000,5.20000000,4.63150000,4.77570000,5516270.82000000,26914315.79624500,68745
1618876800000,2021-04-20 00:00:00,NEAR/USDT,4.73190000,5.14220000,4.43210000,4.93240000,5731495.25000000,27594974.97263500,70553
1618790400000,2021-04-19 00:00:00,NEAR/USDT,5.15630000,5.35000000,4.58480000,4.73320000,6200107.39000000,30895322.81790500,77317
1618704000000,2021-04-18 00:00:00,NEAR/USDT,5.87540000,5.93250000,4.01220000,5.15340000,13328612.88000000,65514529.58868300,153965
1618617600000,2021-04-17 00:00:00,NEAR/USDT,5.93690000,6.30190000,5.71530000,5.87440000,4675563.62000000,28085167.42981600,76177
1618531200000,2021-04-16 00:00:00,NEAR/USDT,6.51890000,6.56200000,5.88000000,5.93440000,6463845.49000000,40149138.79193900,88422
1618444800000,2021-04-15 00:00:00,NEAR/USDT,6.33490000,7.00000000,6.23860000,6.52250000,4651021.03000000,30430085.91701900,71269
1618358400000,2021-04-14 00:00:00,NEAR/USDT,6.50800000,6.82620000,6.15570000,6.33490000,6207677.83000000,40172088.31877100,79093
1618272000000,2021-04-13 00:00:00,NEAR/USDT,6.72580000,6.91980000,6.36260000,6.50290000,5820102.03000000,38475594.73963700,68797
1618185600000,2021-04-12 00:00:00,NEAR/USDT,6.76940000,7.40000000,6.57290000,6.72590000,6156419.72000000,42693974.36488800,87292
1618099200000,2021-04-11 00:00:00,NEAR/USDT,6.50210000,7.43330000,6.47040000,6.76280000,6998841.60000000,48603099.35802400,99705
1618012800000,2021-04-10 00:00:00,NEAR/USDT,6.42220000,6.87100000,6.31270000,6.50320000,4151041.68000000,27172749.03115700,60298
1617926400000,2021-04-09 00:00:00,NEAR/USDT,6.80570000,6.94530000,6.31420000,6.42160000,2972369.17000000,19603576.43317400,48775
1617840000000,2021-04-08 00:00:00,NEAR/USDT,6.12740000,6.87290000,6.01820000,6.81640000,6417423.29000000,40892465.65096800,83079
1617753600000,2021-04-07 00:00:00,NEAR/USDT,6.76900000,6.97930000,5.69680000,6.12450000,8590357.53000000,53934891.00232700,108731
1617667200000,2021-04-06 00:00:00,NEAR/USDT,6.13170000,7.35000000,6.12480000,6.76940000,12388629.29000000,84448840.16145400,164626
1617580800000,2021-04-05 00:00:00,NEAR/USDT,6.08670000,6.31000000,5.84130000,6.13270000,3762941.69000000,22984995.47052000,54926
1617494400000,2021-04-04 00:00:00,NEAR/USDT,5.68450000,6.10490000,5.57340000,6.08840000,3430696.87000000,20343967.85033800,46340
1617408000000,2021-04-03 00:00:00,NEAR/USDT,5.98870000,6.41010000,5.55150000,5.68620000,4670365.82000000,27988831.45477400,61637
1617321600000,2021-04-02 00:00:00,NEAR/USDT,5.97470000,6.16580000,5.87460000,5.98340000,3004100.14000000,17982532.95216700,40493
1617235200000,2021-04-01 00:00:00,NEAR/USDT,5.99570000,6.29450000,5.83000000,5.97280000,3668137.57000000,22056272.44897500,51104
1617148800000,2021-03-31 00:00:00,NEAR/USDT,6.35210000,6.39400000,5.67440000,5.99330000,3795053.68000000,23154254.45305200,58174
1617062400000,2021-03-30 00:00:00,NEAR/USDT,5.80700000,6.69900000,5.72860000,6.34600000,8177850.87000000,51394367.91668500,116394
1616976000000,2021-03-29 00:00:00,NEAR/USDT,5.59960000,5.95000000,5.51390000,5.80900000,3638192.70000000,20930604.29634800,46940
1616889600000,2021-03-28 00:00:00,NEAR/USDT,5.33330000,5.99000000,5.27200000,5.60280000,4873450.48000000,27271681.57450400,64473
1616803200000,2021-03-27 00:00:00,NEAR/USDT,5.47550000,5.65110000,5.24640000,5.32740000,3151351.31000000,16980571.76770800,37717
1616716800000,2021-03-26 00:00:00,NEAR/USDT,4.81100000,5.58070000,4.80520000,5.48100000,4264539.99000000,22287606.22689300,46869
1616630400000,2021-03-25 00:00:00,NEAR/USDT,4.85780000,5.09230000,4.46280000,4.80680000,4605301.38000000,21869299.06784100,51921
1616544000000,2021-03-24 00:00:00,NEAR/USDT,5.30860000,5.69000000,4.79400000,4.85210000,4834196.65000000,25652613.44251300,58298
1616457600000,2021-03-23 00:00:00,NEAR/USDT,5.40690000,5.84940000,5.10460000,5.30550000,4545878.03000000,24947616.05125100,62379
1616371200000,2021-03-22 00:00:00,NEAR/USDT,6.03890000,6.05620000,5.27000000,5.40660000,4446588.79000000,25286774.13682600,49929
1616284800000,2021-03-21 00:00:00,NEAR/USDT,6.27150000,6.30370000,5.80370000,6.03880000,3968967.41000000,23972674.94250200,46175
1616198400000,2021-03-20 00:00:00,NEAR/USDT,6.17140000,6.59880000,6.11620000,6.27220000,3266046.53000000,20864433.44730400,45475
1616112000000,2021-03-19 00:00:00,NEAR/USDT,6.05990000,6.44640000,5.86560000,6.16630000,3254147.98000000,20081859.85984500,41314
1616025600000,2021-03-18 00:00:00,NEAR/USDT,6.23710000,6.59840000,6.00000000,6.05000000,3578184.79000000,22379269.22520200,44245
1615939200000,2021-03-17 00:00:00,NEAR/USDT,6.38980000,6.43710000,5.95000000,6.22940000,3364222.88000000,20733602.71205800,43178
1615852800000,2021-03-16 00:00:00,NEAR/USDT,5.89370000,6.90000000,5.58780000,6.38330000,6056303.72000000,37367845.44957300,79637
1615766400000,2021-03-15 00:00:00,NEAR/USDT,6.60920000,6.85950000,5.86000000,5.90270000,7540992.67000000,47545218.74123400,82902
1615680000000,2021-03-14 00:00:00,NEAR/USDT,7.39900000,7.40000000,6.60770000,6.61350000,5587564.21000000,38656233.68293700,73273
1615593600000,2021-03-13 00:00:00,NEAR/USDT,6.92310000,7.58000000,6.51150000,7.39910000,7544393.03000000,53350997.60159300,96699
1615507200000,2021-03-12 00:00:00,NEAR/USDT,6.06380000,7.45000000,5.90000000,6.91480000,14470687.61000000,98618286.82343500,184135
1615420800000,2021-03-11 00:00:00,NEAR/USDT,5.30860000,6.29200000,5.10620000,6.07660000,12108006.08000000,68597616.22936400,128555
1615334400000,2021-03-10 00:00:00,NEAR/USDT,5.40430000,6.24000000,4.90980000,5.30630000,15285634.18000000,84996603.14027400,144221
1615248000000,2021-03-09 00:00:00,NEAR/USDT,4.57800000,5.80670000,4.56080000,5.40920000,14116431.40000000,74868831.97094700,133908
1615161600000,2021-03-08 00:00:00,NEAR/USDT,4.28020000,4.63050000,4.12190000,4.57600000,4274549.49000000,18616797.79032900,38615
1615075200000,2021-03-07 00:00:00,NEAR/USDT,4.05200000,4.40430000,4.05050000,4.27560000,3250967.77000000,13737713.43350400,31470
1614988800000,2021-03-06 00:00:00,NEAR/USDT,4.15820000,4.24990000,3.92700000,4.05250000,2753233.66000000,11254167.17232200,22076
1614902400000,2021-03-05 00:00:00,NEAR/USDT,4.53380000,4.60190000,4.02500000,4.16150000,4992992.64000000,21071735.22536300,45008
1614816000000,2021-03-04 00:00:00,NEAR/USDT,4.16540000,4.65990000,4.11070000,4.53380000,8213502.85000000,35722508.50897700,65442
1614729600000,2021-03-03 00:00:00,NEAR/USDT,4.03500000,4.29900000,3.99760000,4.16790000,4208807.59000000,17524401.46912900,35982
1614643200000,2021-03-02 00:00:00,NEAR/USDT,4.19720000,4.24470000,3.84590000,4.03630000,4191767.89000000,17093496.23924700,35296
1614556800000,2021-03-01 00:00:00,NEAR/USDT,3.82320000,4.30000000,3.79310000,4.19330000,4917644.00000000,20066206.24449300,40536
1614470400000,2021-02-28 00:00:00,NEAR/USDT,4.00120000,4.01440000,3.41480000,3.82340000,7446970.56000000,27226668.63327800,57433
1614384000000,2021-02-27 00:00:00,NEAR/USDT,4.23500000,4.48600000,3.89070000,4.00100000,6184410.43000000,25839974.74237600,51818
1614297600000,2021-02-26 00:00:00,NEAR/USDT,3.89150000,4.89000000,3.78700000,4.23090000,18674750.97000000,79888963.58741600,145785
1614211200000,2021-02-25 00:00:00,NEAR/USDT,3.57680000,4.69640000,3.46230000,3.89770000,11806146.66000000,48158466.01243300,94193
1614124800000,2021-02-24 00:00:00,NEAR/USDT,3.37160000,3.66000000,3.16860000,3.57130000,6329024.74000000,21158901.21013400,43791
1614038400000,2021-02-23 00:00:00,NEAR/USDT,3.73400000,3.76880000,2.64400000,3.37990000,13618660.70000000,42899344.93291400,88168
1613952000000,2021-02-22 00:00:00,NEAR/USDT,4.10150000,4.10720000,2.97350000,3.73830000,9951959.33000000,35716133.29692800,75108
1613865600000,2021-02-21 00:00:00,NEAR/USDT,3.99770000,4.19990000,3.85820000,4.10000000,4229506.95000000,17105113.07428700,38816
1613779200000,2021-02-20 00:00:00,NEAR/USDT,4.38610000,4.73830000,3.72570000,4.00000000,6890772.88000000,29778905.21191000,61880
1613692800000,2021-02-19 00:00:00,NEAR/USDT,4.44500000,4.56680000,4.09820000,4.38330000,5269477.29000000,22691459.79672500,41582
1613606400000,2021-02-18 00:00:00,NEAR/USDT,4.22990000,4.66850000,4.02730000,4.44180000,5838157.48000000,25323811.54713000,49113
1613520000000,2021-02-17 00:00:00,NEAR/USDT,4.08900000,4.39630000,3.81550000,4.23250000,5487943.36000000,22427551.44070200,40767
1613433600000,2021-02-16 00:00:00,NEAR/USDT,4.03260000,4.44800000,3.86130000,4.08890000,5532612.77000000,23010049.86933000,42481
1613347200000,2021-02-15 00:00:00,NEAR/USDT,4.30990000,4.38620000,3.45400000,4.02550000,9681769.28000000,38990592.72583700,79775
1613260800000,2021-02-14 00:00:00,NEAR/USDT,4.81250000,4.85990000,4.15010000,4.30990000,6150210.03000000,27690205.35298700,55440
1613174400000,2021-02-13 00:00:00,NEAR/USDT,4.71820000,5.59290000,4.47870000,4.81940000,14334158.15000000,71777502.57361200,137857
1613088000000,2021-02-12 00:00:00,NEAR/USDT,3.45680000,4.95470000,3.41420000,4.71820000,17111947.73000000,73849666.76900100,132565
1613001600000,2021-02-11 00:00:00,NEAR/USDT,3.24610000,3.53670000,3.15810000,3.45050000,7477513.28000000,25284521.47158400,50990
1612915200000,2021-02-10 00:00:00,NEAR/USDT,3.30860000,3.70260000,3.12500000,3.24410000,13230627.97000000,44787424.54811400,90392
1612828800000,2021-02-09 00:00:00,NEAR/USDT,3.46490000,3.49300000,3.21330000,3.30390000,5083459.36000000,16920546.86595700,29787
1612742400000,2021-02-08 00:00:00,NEAR/USDT,3.40170000,3.60000000,3.03880000,3.46270000,10977415.65000000,36351964.83221600,66225
1612656000000,2021-02-07 00:00:00,NEAR/USDT,2.69000000,3.52700000,2.59000000,3.40000000,14671469.95000000,44310311.13469800,89311
1612569600000,2021-02-06 00:00:00,NEAR/USDT,2.85950000,2.89000000,2.51390000,2.68540000,7403729.99000000,20012635.87119900,49843
1612483200000,2021-02-05 00:00:00,NEAR/USDT,2.49510000,2.94800000,2.49400000,2.85760000,8276577.71000000,23017778.02813200,51765
1612396800000,2021-02-04 00:00:00,NEAR/USDT,2.55800000,2.66650000,2.40000000,2.49170000,8187937.29000000,20692800.96821100,45570
1612310400000,2021-02-03 00:00:00,NEAR/USDT,2.46030000,2.64710000,2.39210000,2.55750000,8144282.26000000,20408748.95972600,44923
1612224000000,2021-02-02 00:00:00,NEAR/USDT,2.26400000,2.56000000,2.22130000,2.46000000,12026436.42000000,29255505.74248100,53971
1612137600000,2021-02-01 00:00:00,NEAR/USDT,2.14360000,2.37150000,2.08720000,2.26650000,22085003.73000000,50041771.72164000,68922
1612051200000,2021-01-31 00:00:00,NEAR/USDT,2.17060000,2.42430000,2.05140000,2.14410000,7600845.34000000,16971441.04509500,44337
1611964800000,2021-01-30 00:00:00,NEAR/USDT,2.20200000,2.25620000,2.05810000,2.17050000,6045781.95000000,13022681.57205100,27407
1611878400000,2021-01-29 00:00:00,NEAR/USDT,2.24470000,2.34990000,2.10030000,2.19890000,5839556.63000000,12773327.60044400,25715
1611792000000,2021-01-28 00:00:00,NEAR/USDT,2.03120000,2.31600000,2.00550000,2.24850000,6105010.06000000,13432079.50405800,28203
1611705600000,2021-01-27 00:00:00,NEAR/USDT,2.38190000,2.38190000,2.01540000,2.03190000,7141892.28000000,15312845.51833100,32202
1611619200000,2021-01-26 00:00:00,NEAR/USDT,2.44090000,2.56220000,2.17860000,2.38100000,6415474.27000000,14874530.49319300,34106
1611532800000,2021-01-25 00:00:00,NEAR/USDT,2.55820000,2.68200000,2.41950000,2.44660000,3580842.31000000,9087141.36461600,21833
1611446400000,2021-01-24 00:00:00,NEAR/USDT,2.38420000,2.75000000,2.35180000,2.56140000,7385139.44000000,18926341.31762600,35077
1611360000000,2021-01-23 00:00:00,NEAR/USDT,2.37120000,2.52400000,2.30830000,2.38500000,5088142.77000000,12242981.77835400,21666
1611273600000,2021-01-22 00:00:00,NEAR/USDT,2.16310000,2.52990000,2.00000000,2.36830000,7233277.97000000,16394788.50947900,31204
1611187200000,2021-01-21 00:00:00,NEAR/USDT,2.48690000,2.56660000,2.13000000,2.15920000,9109863.82000000,20933718.32464800,37520
1611100800000,2021-01-20 00:00:00,NEAR/USDT,2.16360000,2.59290000,2.11050000,2.48250000,13411690.43000000,31598495.84929300,62814
1611014400000,2021-01-19 00:00:00,NEAR/USDT,2.40860000,2.47430000,2.16130000,2.16370000,5454467.91000000,12664601.26253200,26701
1610928000000,2021-01-18 00:00:00,NEAR/USDT,2.50130000,2.66350000,2.29200000,2.40860000,8545881.89000000,20999038.47914200,43015
1610841600000,2021-01-17 00:00:00,NEAR/USDT,2.08420000,2.77630000,2.00780000,2.50130000,18935946.74000000,47196298.89124000,95059
1610755200000,2021-01-16 00:00:00,NEAR/USDT,1.83360000,2.25700000,1.83310000,2.08710000,9695920.58000000,19938678.79096400,45487
1610668800000,2021-01-15 00:00:00,NEAR/USDT,1.72790000,1.91550000,1.68500000,1.83200000,9843683.11000000,17963727.36388200,38392
1610582400000,2021-01-14 00:00:00,NEAR/USDT,1.60740000,1.76890000,1.58140000,1.72740000,5805891.02000000,9855149.87554700,20459
1610496000000,2021-01-13 00:00:00,NEAR/USDT,1.43200000,1.60750000,1.39270000,1.60600000,4424057.52000000,6686214.94882900,16945
1610409600000,2021-01-12 00:00:00,NEAR/USDT,1.48340000,1.61600000,1.42420000,1.43190000,6843435.88000000,10362637.32675800,21660
1610323200000,2021-01-11 00:00:00,NEAR/USDT,1.74210000,1.75990000,1.34850000,1.48330000,8920544.81000000,13582865.38272300,30421
1610236800000,2021-01-10 00:00:00,NEAR/USDT,1.75960000,1.94940000,1.62350000,1.74210000,10899147.75000000,19249831.92490400,37585
1610150400000,2021-01-09 00:00:00,NEAR/USDT,1.73750000,1.84360000,1.64180000,1.75860000,21218008.94000000,36881933.56028900,57614
1610064000000,2021-01-08 00:00:00,NEAR/USDT,1.49930000,1.95070000,1.42720000,1.73760000,16890198.72000000,28777349.04514100,56922
1609977600000,2021-01-07 00:00:00,NEAR/USDT,1.54130000,1.56470000,1.46000000,1.49720000,6098679.85000000,9236544.49778100,23403
1609891200000,2021-01-06 00:00:00,NEAR/USDT,1.49560000,1.59600000,1.41430000,1.54130000,6776010.11000000,10175649.52321100,28710
1609804800000,2021-01-05 00:00:00,NEAR/USDT,1.38740000,1.52300000,1.33250000,1.49530000,9684785.00000000,13807238.83470100,36624
1609718400000,2021-01-04 00:00:00,NEAR/USDT,1.47310000,1.56710000,1.30000000,1.38680000,9727640.33000000,13793397.27049100,38780
1609632000000,2021-01-03 00:00:00,NEAR/USDT,1.41240000,1.59250000,1.40940000,1.47070000,9783612.25000000,14589261.47297300,32407
1609545600000,2021-01-02 00:00:00,NEAR/USDT,1.35940000,1.42800000,1.30630000,1.41240000,6657173.88000000,9173051.17304300,19571
1609459200000,2021-01-01 00:00:00,NEAR/USDT,1.39070000,1.49480000,1.28620000,1.35870000,10549906.93000000,14932122.21080200,34266
1609372800000,2020-12-31 00:00:00,NEAR/USDT,1.20980000,1.41740000,1.16740000,1.39170000,7386542.22000000,9568562.07518400,22658
1609286400000,2020-12-30 00:00:00,NEAR/USDT,1.16600000,1.26650000,1.16600000,1.21000000,5598162.92000000,6853976.32431500,16849
1609200000000,2020-12-29 00:00:00,NEAR/USDT,1.22170000,1.24000000,1.10110000,1.16530000,7077481.38000000,8148300.92641800,20892
1609113600000,2020-12-28 00:00:00,NEAR/USDT,1.19890000,1.25140000,1.15680000,1.22170000,9630455.34000000,11637083.47895700,31283
1609027200000,2020-12-27 00:00:00,NEAR/USDT,1.02530000,1.24880000,0.99790000,1.19900000,11143086.59000000,12193569.16377200,37134
1608940800000,2020-12-26 00:00:00,NEAR/USDT,1.01900000,1.06420000,0.98250000,1.02460000,3943074.80000000,4022222.69417400,13655
1608854400000,2020-12-25 00:00:00,NEAR/USDT,1.06370000,1.07840000,0.99550000,1.02010000,4041401.20000000,4184905.20827400,13594
1608768000000,2020-12-24 00:00:00,NEAR/USDT,0.96280000,1.07740000,0.91380000,1.06350000,5379921.68000000,5271960.53468800,19777
1608681600000,2020-12-23 00:00:00,NEAR/USDT,1.16090000,1.18200000,0.90540000,0.96190000,10399727.50000000,10984964.11273800,37994
1608595200000,2020-12-22 00:00:00,NEAR/USDT,1.21910000,1.23570000,1.07800000,1.16110000,18709087.02000000,21422760.41095600,71664
1608508800000,2020-12-21 00:00:00,NEAR/USDT,1.05770000,1.66310000,1.04330000,1.21830000,50693866.22000000,66847775.42361000,172225
1608422400000,2020-12-20 00:00:00,NEAR/USDT,1.04790000,1.08100000,1.01990000,1.05830000,3459319.55000000,3632322.05998600,12442
1608336000000,2020-12-19 00:00:00,NEAR/USDT,1.00480000,1.12260000,0.99400000,1.04770000,4551510.40000000,4892188.99466400,15612
1608249600000,2020-12-18 00:00:00,NEAR/USDT,0.99440000,1.02000000,0.97260000,1.00480000,2235879.79000000,2244181.34875800,7664
1608163200000,2020-12-17 00:00:00,NEAR/USDT,1.04710000,1.06910000,0.98580000,0.99340000,4662811.29000000,4811626.37947900,16787
1608076800000,2020-12-16 00:00:00,NEAR/USDT,1.00680000,1.04790000,0.96360000,1.04690000,3827114.25000000,3846657.47015900,13939
1607990400000,2020-12-15 00:00:00,NEAR/USDT,0.99330000,1.01860000,0.97590000,1.00660000,2768348.89000000,2759270.21890900,9019
1607904000000,2020-12-14 00:00:00,NEAR/USDT,0.95240000,1.01100000,0.94280000,0.99330000,2551901.97000000,2500886.16980100,8974
1607817600000,2020-12-13 00:00:00,NEAR/USDT,0.91900000,0.97930000,0.91860000,0.95270000,2541998.89000000,2429897.68379000,7960
1607731200000,2020-12-12 00:00:00,NEAR/USDT,0.86940000,0.92700000,0.86850000,0.91940000,2812994.04000000,2546231.28385800,7892
1607644800000,2020-12-11 00:00:00,NEAR/USDT,0.95580000,0.95860000,0.86720000,0.86920000,4985375.11000000,4493229.97855800,15056
1607558400000,2020-12-10 00:00:00,NEAR/USDT,0.99730000,1.04720000,0.95490000,0.95590000,4119437.54000000,4132047.20856300,15494
1607472000000,2020-12-09 00:00:00,NEAR/USDT,0.93370000,1.01410000,0.91080000,0.99500000,8365300.39000000,8113099.99727500,32304
1607385600000,2020-12-08 00:00:00,NEAR/USDT,1.01200000,1.02250000,0.91500000,0.93310000,6386378.59000000,6162985.47059600,22790
1607299200000,2020-12-07 00:00:00,NEAR/USDT,1.03410000,1.05340000,1.01070000,1.01180000,3922032.87000000,4023743.25624600,23459
1607212800000,2020-12-06 00:00:00,NEAR/USDT,1.11250000,1.12500000,1.00910000,1.03390000,5619258.43000000,5940299.70084500,18778
1607126400000,2020-12-05 00:00:00,NEAR/USDT,1.10120000,1.14290000,1.02000000,1.11260000,12921855.77000000,13790389.78853400,41209
1607040000000,2020-12-04 00:00:00,NEAR/USDT,1.15380000,1.22220000,1.09270000,1.10170000,8285495.26000000,9592958.24009000,28441
1606953600000,2020-12-03 00:00:00,NEAR/USDT,1.17560000,1.19240000,1.13500000,1.15490000,3890967.36000000,4507541.33741600,15655
1606867200000,2020-12-02 00:00:00,NEAR/USDT,1.06080000,1.21110000,1.04000000,1.17680000,6566709.72000000,7534134.68581000,22605
1606780800000,2020-12-01 00:00:00,NEAR/USDT,1.07800000,1.13020000,0.98500000,1.06000000,11870429.60000000,12611125.49874400,31887
1606694400000,2020-11-30 00:00:00,NEAR/USDT,1.01440000,1.09670000,1.01440000,1.07790000,6761105.84000000,7162260.31839700,21421
1606608000000,2020-11-29 00:00:00,NEAR/USDT,1.02130000,1.04480000,0.99120000,1.01380000,3067057.95000000,3117957.71004800,11414
1606521600000,2020-11-28 00:00:00,NEAR/USDT,0.99680000,1.03780000,0.95930000,1.02030000,4140746.93000000,4170396.26603700,12540
1606435200000,2020-11-27 00:00:00,NEAR/USDT,1.01030000,1.05100000,0.94040000,0.99590000,7154563.85000000,7117176.01961300,22034
1606348800000,2020-11-26 00:00:00,NEAR/USDT,1.10420000,1.13030000,0.89720000,1.01010000,21683145.88000000,21361120.61541000,58493
1606262400000,2020-11-25 00:00:00,NEAR/USDT,1.24280000,1.30000000,1.07660000,1.10510000,12384099.77000000,14654057.55930100,39579
1606176000000,2020-11-24 00:00:00,NEAR/USDT,1.17030000,1.29140000,1.14100000,1.24340000,11175741.71000000,13531143.89119500,37889
1606089600000,2020-11-23 00:00:00,NEAR/USDT,1.07790000,1.22180000,1.05730000,1.17060000,9126478.63000000,10464919.13285000,31128
1606003200000,2020-11-22 00:00:00,NEAR/USDT,1.18650000,1.18900000,0.99700000,1.07710000,14640406.97000000,15903951.39727900,42901
1605916800000,2020-11-21 00:00:00,NEAR/USDT,0.94850000,1.21730000,0.94330000,1.18530000,28382281.81000000,31136618.71290400,75042
1605830400000,2020-11-20 00:00:00,NEAR/USDT,0.84620000,0.95000000,0.83610000,0.94710000,9790299.47000000,8855667.12336400,27752
1605744000000,2020-11-19 00:00:00,NEAR/USDT,0.83320000,0.87690000,0.80880000,0.84540000,7734588.68000000,6520600.44496400,19945
1605657600000,2020-11-18 00:00:00,NEAR/USDT,0.93190000,0.94550000,0.80060000,0.83240000,12874991.28000000,10990062.75756900,33250
1605571200000,2020-11-17 00:00:00,NEAR/USDT,0.86570000,0.98450000,0.86430000,0.93130000,14355276.12000000,13325111.29224200,39101
1605484800000,2020-11-16 00:00:00,NEAR/USDT,0.82930000,0.89940000,0.81670000,0.86600000,11032347.85000000,9537489.68588800,27898
1605398400000,2020-11-15 00:00:00,NEAR/USDT,0.86850000,0.88670000,0.79780000,0.82960000,13102922.31000000,10960269.49059400,28131
1605312000000,2020-11-14 00:00:00,NEAR/USDT,0.89920000,0.90390000,0.82130000,0.86810000,12151278.59000000,10430670.90949800,30009
1605225600000,2020-11-13 00:00:00,NEAR/USDT,0.78960000,0.91800000,0.77900000,0.89810000,13561690.91000000,11594802.91290800,33132
1605139200000,2020-11-12 00:00:00,NEAR/USDT,0.85990000,0.87960000,0.76030000,0.78930000,10143967.50000000,8312708.98126300,25184
1605052800000,2020-11-11 00:00:00,NEAR/USDT,0.94560000,0.99230000,0.85710000,0.86040000,11130743.46000000,10244005.46917100,29811
1604966400000,2020-11-10 00:00:00,NEAR/USDT,0.92950000,0.97440000,0.88200000,0.94560000,13205405.01000000,12169109.50302200,35252
1604880000000,2020-11-09 00:00:00,NEAR/USDT,0.81650000,0.92890000,0.79720000,0.92890000,10185871.67000000,8641832.28681400,25419
1604793600000,2020-11-08 00:00:00,NEAR/USDT,0.69570000,0.82970000,0.68200000,0.81690000,7575217.10000000,5838969.54742700,16970
1604707200000,2020-11-07 00:00:00,NEAR/USDT,0.71980000,0.79320000,0.66970000,0.69610000,14821653.13000000,10773907.59172300,26205
1604620800000,2020-11-06 00:00:00,NEAR/USDT,0.69140000,0.76500000,0.68810000,0.71930000,12581256.17000000,9126908.72808100,30518
1604534400000,2020-11-05 00:00:00,NEAR/USDT,0.53420000,0.71790000,0.53360000,0.69120000,14869185.28000000,9410691.61119100,34301
1604448000000,2020-11-04 00:00:00,NEAR/USDT,0.56290000,0.56440000,0.52460000,0.53380000,6931955.77000000,3764805.73709000,13770
1604361600000,2020-11-03 00:00:00,NEAR/USDT,0.60590000,0.61230000,0.55730000,0.56210000,5823630.76000000,3378452.93262300,9604
1604275200000,2020-11-02 00:00:00,NEAR/USDT,0.63610000,0.65170000,0.59760000,0.60640000,16305764.58000000,10207170.21380500,24467
1604188800000,2020-11-01 00:00:00,NEAR/USDT,0.63860000,0.65680000,0.60000000,0.63500000,8584893.91000000,5405751.16062600,17799
1604102400000,2020-10-31 00:00:00,NEAR/USDT,0.63040000,0.65640000,0.61840000,0.63850000,4194888.74000000,2674466.73012200,9764
1604016000000,2020-10-30 00:00:00,NEAR/USDT,0.69000000,0.70420000,0.61270000,0.63060000,7402852.45000000,4770414.76441100,14446
1603929600000,2020-10-29 00:00:00,NEAR/USDT,0.70060000,0.72460000,0.67020000,0.68950000,5560173.67000000,3905474.75520500,13072
1603843200000,2020-10-28 00:00:00,NEAR/USDT,0.76090000,0.77850000,0.68100000,0.70000000,5748696.55000000,4153622.71254600,19862
1603756800000,2020-10-27 00:00:00,NEAR/USDT,0.78030000,0.80680000,0.74470000,0.75980000,4825820.98000000,3753670.20996300,22170
1603670400000,2020-10-26 00:00:00,NEAR/USDT,0.84560000,0.85670000,0.73960000,0.77840000,7675162.26000000,6068472.53445100,30725
1603584000000,2020-10-25 00:00:00,NEAR/USDT,0.73890000,0.85810000,0.72900000,0.84440000,11721841.25000000,9388049.63125300,37979
1603497600000,2020-10-24 00:00:00,NEAR/USDT,0.72630000,0.75850000,0.70520000,0.73910000,3236181.66000000,2361460.31027200,15464
1603411200000,2020-10-23 00:00:00,NEAR/USDT,0.74790000,0.75350000,0.68620000,0.72710000,3774042.75000000,2737399.39167800,14437
1603324800000,2020-10-22 00:00:00,NEAR/USDT,0.70450000,0.78810000,0.70420000,0.74840000,5704822.90000000,4294101.16457000,22932
1603238400000,2020-10-21 00:00:00,NEAR/USDT,0.67740000,0.74750000,0.67310000,0.70440000,7268329.25000000,5178823.68433500,24964
1603152000000,2020-10-20 00:00:00,NEAR/USDT,0.79930000,0.81000000,0.67000000,0.67570000,7513041.18000000,5480522.41939500,24941
1603065600000,2020-10-19 00:00:00,NEAR/USDT,0.87030000,0.87100000,0.76500000,0.79930000,5584352.53000000,4574068.94630800,19570
1602979200000,2020-10-18 00:00:00,NEAR/USDT,0.80740000,0.87530000,0.80070000,0.86920000,5960006.25000000,4953300.26056900,20094
1602892800000,2020-10-17 00:00:00,NEAR/USDT,0.81710000,0.86490000,0.72000000,0.80730000,11674014.53000000,9195278.38447600,41288
1602806400000,2020-10-16 00:00:00,NEAR/USDT,1.12220000,1.15240000,0.81200000,0.81710000,18486274.59000000,17374515.72730700,61270
1602720000000,2020-10-15 00:00:00,NEAR/USDT,1.16850000,1.25220000,1.07920000,1.12090000,11332956.19000000,13125074.45466700,50562
1602633600000,2020-10-14 00:00:00,NEAR/USDT,1.30000000,1.88000000,1.05000000,1.16850000,33930218.86000000,41481573.24398600,94666
