unix,date,symbol,open,high,low,close,Volume UNI,Volume USDT,tradecount
1658275200000,2022-07-20 00:00:00,UNI/USDT,7.35000000,7.36000000,7.24000000,7.25000000,54205.57000000,395423.14550000,1034
1658188800000,2022-07-19 00:00:00,UNI/USDT,7.33000000,7.76000000,7.21000000,7.35000000,6058507.79000000,45218062.27360000,102219
1658102400000,2022-07-18 00:00:00,UNI/USDT,6.95000000,7.46000000,6.92000000,7.33000000,4645472.95000000,33610628.78840000,73997
1658016000000,2022-07-17 00:00:00,UNI/USDT,7.38000000,7.48000000,6.89000000,6.94000000,2752228.05000000,19558498.06940000,46838
1657929600000,2022-07-16 00:00:00,UNI/USDT,6.79000000,7.70000000,6.67000000,7.38000000,4888161.58000000,34888490.02880000,80577
1657843200000,2022-07-15 00:00:00,UNI/USDT,7.02000000,7.26000000,6.72000000,6.78000000,4718959.43000000,32964469.60660000,76462
1657756800000,2022-07-14 00:00:00,UNI/USDT,6.12000000,7.11000000,6.02000000,7.02000000,12068688.69000000,76873609.16010000,155069
1657670400000,2022-07-13 00:00:00,UNI/USDT,5.54000000,6.27000000,5.24000000,6.12000000,6448203.92000000,36391158.38110000,74885
1657584000000,2022-07-12 00:00:00,UNI/USDT,5.57000000,5.89000000,5.45000000,5.54000000,6679031.05000000,37585573.96920000,70137
1657497600000,2022-07-11 00:00:00,UNI/USDT,6.24000000,6.28000000,5.23000000,5.57000000,5746929.26000000,33536490.34560000,87463
1657411200000,2022-07-10 00:00:00,UNI/USDT,6.46000000,6.48000000,5.98000000,6.23000000,3500367.63000000,21812711.37300000,50084
1657324800000,2022-07-09 00:00:00,UNI/USDT,5.80000000,6.62000000,5.80000000,6.46000000,3944641.16000000,24634917.67980000,64334
1657238400000,2022-07-08 00:00:00,UNI/USDT,5.73000000,5.97000000,5.52000000,5.80000000,3246478.20000000,18676601.46710000,43932
1657152000000,2022-07-07 00:00:00,UNI/USDT,5.36000000,5.83000000,5.29000000,5.73000000,2522250.62000000,13989982.93640000,37762
1657065600000,2022-07-06 00:00:00,UNI/USDT,5.31000000,5.50000000,5.19000000,5.35000000,3384862.08000000,18066156.50010000,38351
1656979200000,2022-07-05 00:00:00,UNI/USDT,5.35000000,5.45000000,5.01000000,5.30000000,3012580.50000000,15836232.26900000,37368
1656892800000,2022-07-04 00:00:00,UNI/USDT,4.92000000,5.36000000,4.73000000,5.35000000,2282415.88000000,11398308.70460000,32346
1656806400000,2022-07-03 00:00:00,UNI/USDT,4.92000000,4.96000000,4.72000000,4.91000000,1954557.14000000,9505357.98960000,23480
1656720000000,2022-07-02 00:00:00,UNI/USDT,4.86000000,5.09000000,4.72000000,4.92000000,2773018.71000000,13518130.44080000,28377
1656633600000,2022-07-01 00:00:00,UNI/USDT,5.01000000,5.13000000,4.74000000,4.86000000,3790068.99000000,18748202.58030000,41742
1656547200000,2022-06-30 00:00:00,UNI/USDT,5.12000000,5.15000000,4.60000000,5.00000000,5100727.33000000,24734627.64850000,54334
1656460800000,2022-06-29 00:00:00,UNI/USDT,4.93000000,5.26000000,4.78000000,5.11000000,4408158.23000000,22036785.31510000,51096
1656374400000,2022-06-28 00:00:00,UNI/USDT,5.34000000,5.49000000,4.86000000,4.92000000,3338083.21000000,17379103.26360000,42558
1656288000000,2022-06-27 00:00:00,UNI/USDT,5.60000000,5.93000000,5.27000000,5.33000000,3881305.15000000,21666465.09520000,46471
1656201600000,2022-06-26 00:00:00,UNI/USDT,5.62000000,6.08000000,5.47000000,5.60000000,3795149.93000000,21697828.00620000,57175
1656115200000,2022-06-25 00:00:00,UNI/USDT,5.47000000,5.77000000,5.24000000,5.62000000,2761812.50000000,15113299.94800000,41817
1656028800000,2022-06-24 00:00:00,UNI/USDT,5.63000000,5.80000000,5.35000000,5.47000000,4699338.84000000,26172866.05730000,59145
1655942400000,2022-06-23 00:00:00,UNI/USDT,4.99000000,5.69000000,4.96000000,5.62000000,6511782.97000000,34880312.23990000,72333
1655856000000,2022-06-22 00:00:00,UNI/USDT,4.78000000,5.37000000,4.56000000,4.98000000,9486178.31000000,46729215.35260000,97208
1655769600000,2022-06-21 00:00:00,UNI/USDT,4.30000000,5.21000000,4.22000000,4.77000000,5883772.19000000,27858172.72320000,71114
1655683200000,2022-06-20 00:00:00,UNI/USDT,4.20000000,4.40000000,3.98000000,4.29000000,4592702.26000000,19106073.74440000,40076
1655596800000,2022-06-19 00:00:00,UNI/USDT,3.65000000,4.27000000,3.49000000,4.19000000,3544123.62000000,13690915.34870000,39678
1655510400000,2022-06-18 00:00:00,UNI/USDT,3.94000000,4.09000000,3.33000000,3.64000000,3885227.55000000,14303384.74240000,44957
1655424000000,2022-06-17 00:00:00,UNI/USDT,3.84000000,4.01000000,3.79000000,3.93000000,1993568.78000000,7804350.03550000,24340
1655337600000,2022-06-16 00:00:00,UNI/USDT,4.43000000,4.47000000,3.75000000,3.83000000,4771731.28000000,19403634.70930000,48328
1655251200000,2022-06-15 00:00:00,UNI/USDT,3.87000000,4.43000000,3.39000000,4.42000000,6369871.19000000,24314598.05980000,72351
1655164800000,2022-06-14 00:00:00,UNI/USDT,3.68000000,3.93000000,3.35000000,3.86000000,4168211.00100000,15302623.58375800,44538
1655078400000,2022-06-13 00:00:00,UNI/USDT,4.07000000,4.14000000,3.45000000,3.66000000,6519155.23900000,24228325.50823000,66783
1654992000000,2022-06-12 00:00:00,UNI/USDT,4.39000000,4.48000000,4.05000000,4.06000000,2323564.16000000,9839049.31170000,27325
1654905600000,2022-06-11 00:00:00,UNI/USDT,4.82000000,4.97000000,4.33000000,4.39000000,2353190.48000000,11063887.00100000,27880
1654819200000,2022-06-10 00:00:00,UNI/USDT,5.21000000,5.23000000,4.76000000,4.81000000,1581466.82000000,7900421.60360000,24043
1654732800000,2022-06-09 00:00:00,UNI/USDT,5.09000000,5.36000000,5.02000000,5.20000000,853487.87000000,4438916.71540000,15929
1654646400000,2022-06-08 00:00:00,UNI/USDT,5.22000000,5.33000000,5.03000000,5.09000000,2123447.57000000,10945068.54260000,24993
1654560000000,2022-06-07 00:00:00,UNI/USDT,5.38000000,5.42000000,4.93000000,5.22000000,3231580.55000000,16600092.54640000,38986
1654473600000,2022-06-06 00:00:00,UNI/USDT,5.10000000,5.42000000,5.09000000,5.37000000,1867925.83000000,9917813.16940000,23015
1654387200000,2022-06-05 00:00:00,UNI/USDT,5.13000000,5.23000000,4.91000000,5.09000000,1087831.95000000,5518427.60160000,16942
1654300800000,2022-06-04 00:00:00,UNI/USDT,5.08000000,5.18000000,4.94000000,5.13000000,1013048.94000000,5120531.12700000,16301
1654214400000,2022-06-03 00:00:00,UNI/USDT,5.30000000,5.34000000,4.96000000,5.08000000,1457460.12000000,7457626.43930000,19973
1654128000000,2022-06-02 00:00:00,UNI/USDT,5.14000000,5.34000000,5.04000000,5.30000000,2429713.61000000,12628237.27000000,27254
1654041600000,2022-06-01 00:00:00,UNI/USDT,5.70000000,5.82000000,5.10000000,5.14000000,2830546.52000000,15586271.03590000,38228
1653955200000,2022-05-31 00:00:00,UNI/USDT,5.66000000,5.88000000,5.54000000,5.70000000,3488946.00000000,19921104.83270000,44323
1653868800000,2022-05-30 00:00:00,UNI/USDT,4.95000000,5.70000000,4.89000000,5.66000000,3675000.23000000,19739394.86850000,44370
1653782400000,2022-05-29 00:00:00,UNI/USDT,4.99000000,5.03000000,4.77000000,4.95000000,2160832.05000000,10572178.73090000,22685
1653696000000,2022-05-28 00:00:00,UNI/USDT,4.70000000,5.03000000,4.61000000,4.98000000,2470893.60000000,11915104.31450000,25462
1653609600000,2022-05-27 00:00:00,UNI/USDT,4.95000000,5.09000000,4.59000000,4.69000000,5120258.03000000,24731584.91610000,56433
1653523200000,2022-05-26 00:00:00,UNI/USDT,5.63000000,5.77000000,4.77000000,4.95000000,4505027.86000000,23269072.46750000,54747
1653436800000,2022-05-25 00:00:00,UNI/USDT,5.60000000,5.80000000,5.38000000,5.62000000,3072355.39000000,17246424.25440000,33582
1653350400000,2022-05-24 00:00:00,UNI/USDT,5.63000000,5.83000000,5.28000000,5.60000000,3734107.58000000,20811491.39440000,42810
1653264000000,2022-05-23 00:00:00,UNI/USDT,5.49000000,6.08000000,5.36000000,5.62000000,4457774.11000000,25498972.97970000,55929
1653177600000,2022-05-22 00:00:00,UNI/USDT,5.24000000,5.54000000,5.12000000,5.48000000,2259806.45000000,12013514.37860000,25164
1653091200000,2022-05-21 00:00:00,UNI/USDT,5.10000000,5.38000000,4.98000000,5.24000000,1909543.26000000,9914029.78730000,25263
1653004800000,2022-05-20 00:00:00,UNI/USDT,5.20000000,5.52000000,4.92000000,5.10000000,3301934.51000000,17298997.16510000,42739
1652918400000,2022-05-19 00:00:00,UNI/USDT,4.90000000,5.35000000,4.73000000,5.19000000,3074014.69000000,15327168.14760000,36556
1652832000000,2022-05-18 00:00:00,UNI/USDT,5.47000000,5.55000000,4.87000000,4.89000000,2512634.31000000,12979340.39730000,34165
1652745600000,2022-05-17 00:00:00,UNI/USDT,5.06000000,5.51000000,5.04000000,5.47000000,3218048.30000000,16994979.89600000,41002
1652659200000,2022-05-16 00:00:00,UNI/USDT,5.46000000,5.46000000,4.89000000,5.06000000,2815061.20000000,14305514.28030000,43200
1652572800000,2022-05-15 00:00:00,UNI/USDT,5.18000000,5.47000000,4.98000000,5.46000000,2656164.50000000,13853843.56230000,40104
1652486400000,2022-05-14 00:00:00,UNI/USDT,5.14000000,5.38000000,4.72000000,5.17000000,3157543.73000000,15873648.91750000,49703
1652400000000,2022-05-13 00:00:00,UNI/USDT,4.67000000,5.47000000,4.60000000,5.13000000,4218652.85000000,21640713.76100000,68596
1652313600000,2022-05-12 00:00:00,UNI/USDT,4.92000000,5.20000000,3.73000000,4.67000000,8726581.30000000,38932544.55410000,147326
1652227200000,2022-05-11 00:00:00,UNI/USDT,6.08000000,6.22000000,4.65000000,4.91000000,9587421.08000000,52451214.32522000,166986
1652140800000,2022-05-10 00:00:00,UNI/USDT,5.95000000,6.66000000,5.75000000,6.07000000,5405883.36000000,33758161.88980000,110625
1652054400000,2022-05-09 00:00:00,UNI/USDT,7.10000000,7.22000000,5.90000000,5.95000000,5910358.91900000,38834568.50677800,120067
1651968000000,2022-05-08 00:00:00,UNI/USDT,7.18000000,7.34000000,6.85000000,7.09000000,2402992.12000000,17084407.40320000,57938
1651881600000,2022-05-07 00:00:00,UNI/USDT,7.59000000,7.65000000,6.97000000,7.18000000,2468567.96000000,18296348.62710000,58590
1651795200000,2022-05-06 00:00:00,UNI/USDT,7.35000000,7.70000000,6.85000000,7.59000000,2686760.07000000,19609505.06590000,65995
1651708800000,2022-05-05 00:00:00,UNI/USDT,7.93000000,8.11000000,6.96000000,7.34000000,2925514.80000000,21991120.21640000,68704
1651622400000,2022-05-04 00:00:00,UNI/USDT,6.86000000,7.97000000,6.83000000,7.93000000,2536415.52000000,18694671.90710000,60385
1651536000000,2022-05-03 00:00:00,UNI/USDT,6.94000000,7.13000000,6.69000000,6.85000000,1239669.15000000,8622309.89650000,29041
1651449600000,2022-05-02 00:00:00,UNI/USDT,7.12000000,7.20000000,6.64000000,6.94000000,1762024.29000000,12132331.89560000,38202
1651363200000,2022-05-01 00:00:00,UNI/USDT,6.76000000,7.24000000,6.53000000,7.12000000,2287673.78000000,15759635.38890000,52559
1651276800000,2022-04-30 00:00:00,UNI/USDT,7.62000000,7.79000000,6.35000000,6.75000000,2622825.35800000,18806873.96419700,63372
1651190400000,2022-04-29 00:00:00,UNI/USDT,8.17000000,8.23000000,7.51000000,7.61000000,1635435.76000000,12847676.99280000,43739
1651104000000,2022-04-28 00:00:00,UNI/USDT,8.23000000,8.36000000,8.02000000,8.16000000,1363059.67000000,11176212.08980000,36753
1651017600000,2022-04-27 00:00:00,UNI/USDT,8.01000000,8.41000000,7.98000000,8.23000000,1036909.08000000,8535821.90030000,31351
1650931200000,2022-04-26 00:00:00,UNI/USDT,8.74000000,8.82000000,7.91000000,8.01000000,1315422.73000000,11051167.77670000,39584
1650844800000,2022-04-25 00:00:00,UNI/USDT,8.71000000,8.78000000,8.16000000,8.73000000,1836789.57000000,15532551.36970000,52314
1650758400000,2022-04-24 00:00:00,UNI/USDT,8.91000000,9.16000000,8.68000000,8.71000000,1087081.66000000,9667408.92850000,32266
1650672000000,2022-04-23 00:00:00,UNI/USDT,8.91000000,9.22000000,8.83000000,8.90000000,995331.67000000,9006701.73830000,27800
1650585600000,2022-04-22 00:00:00,UNI/USDT,8.86000000,9.14000000,8.74000000,8.91000000,1475388.63000000,13219653.05280000,38789
1650499200000,2022-04-21 00:00:00,UNI/USDT,9.33000000,9.72000000,8.61000000,8.85000000,1951981.20000000,18042975.21150000,58367
1650412800000,2022-04-20 00:00:00,UNI/USDT,9.55000000,9.70000000,9.10000000,9.32000000,1389404.39000000,13081335.41060000,41319
1650326400000,2022-04-19 00:00:00,UNI/USDT,9.39000000,9.62000000,9.21000000,9.55000000,876687.55000000,8256263.30240000,26942
1650240000000,2022-04-18 00:00:00,UNI/USDT,9.24000000,9.41000000,8.85000000,9.38000000,1295324.11000000,11796256.55820000,37932
1650153600000,2022-04-17 00:00:00,UNI/USDT,9.67000000,9.72000000,9.19000000,9.24000000,679734.11000000,6487353.82140000,22390
1650067200000,2022-04-16 00:00:00,UNI/USDT,9.77000000,9.83000000,9.49000000,9.67000000,604301.21000000,5841666.37350000,17463
1649980800000,2022-04-15 00:00:00,UNI/USDT,9.48000000,9.98000000,9.45000000,9.77000000,1105710.14000000,10738048.33540000,36241
1649894400000,2022-04-14 00:00:00,UNI/USDT,9.66000000,9.75000000,9.32000000,9.48000000,927401.63000000,8849099.12440000,26456
1649808000000,2022-04-13 00:00:00,UNI/USDT,9.32000000,9.74000000,9.26000000,9.65000000,1235317.71000000,11728625.21360000,40896
1649721600000,2022-04-12 00:00:00,UNI/USDT,8.99000000,9.49000000,8.94000000,9.32000000,1052819.76000000,9733530.28860000,33388
1649635200000,2022-04-11 00:00:00,UNI/USDT,9.89000000,9.89000000,8.90000000,8.99000000,1608656.52000000,15076973.88340000,46625
1649548800000,2022-04-10 00:00:00,UNI/USDT,10.05000000,10.32000000,9.83000000,9.88000000,928829.63000000,9349484.28740000,27934
1649462400000,2022-04-09 00:00:00,UNI/USDT,9.74000000,10.09000000,9.72000000,10.05000000,857175.17000000,8479897.80400000,28142
1649376000000,2022-04-08 00:00:00,UNI/USDT,10.44000000,10.55000000,9.62000000,9.74000000,1472282.01000000,14838105.32970000,47260
1649289600000,2022-04-07 00:00:00,UNI/USDT,9.96000000,10.55000000,9.81000000,10.44000000,1456826.80000000,14724046.98990000,52492
1649203200000,2022-04-06 00:00:00,UNI/USDT,11.12000000,11.12000000,9.91000000,9.96000000,2810776.72000000,29676440.41380000,89033
1649116800000,2022-04-05 00:00:00,UNI/USDT,11.55000000,11.90000000,11.04000000,11.12000000,1594119.81000000,18358062.59020000,60589
1649030400000,2022-04-04 00:00:00,UNI/USDT,11.87000000,12.17000000,11.04000000,11.54000000,2864850.62000000,33382024.50430000,97583
1648944000000,2022-04-03 00:00:00,UNI/USDT,11.65000000,12.04000000,11.46000000,11.87000000,2283837.64000000,26969734.53730000,71329
1648857600000,2022-04-02 00:00:00,UNI/USDT,11.58000000,12.02000000,11.42000000,11.65000000,3441860.07000000,40373174.42130000,102293
1648771200000,2022-04-01 00:00:00,UNI/USDT,11.30000000,12.09000000,10.87000000,11.58000000,3366731.25000000,38696626.45980000,92208
1648684800000,2022-03-31 00:00:00,UNI/USDT,11.73000000,12.49000000,11.04000000,11.29000000,4407918.63000000,52102355.33720000,142963
1648598400000,2022-03-30 00:00:00,UNI/USDT,11.25000000,11.85000000,10.80000000,11.72000000,3246794.45000000,37329807.37970000,104807
1648512000000,2022-03-29 00:00:00,UNI/USDT,10.91000000,11.72000000,10.88000000,11.25000000,2920712.49000000,32917786.26350000,96104
1648425600000,2022-03-28 00:00:00,UNI/USDT,11.41000000,11.58000000,10.76000000,10.90000000,3163768.27000000,35920341.21890000,87078
1648339200000,2022-03-27 00:00:00,UNI/USDT,10.63000000,11.44000000,10.46000000,11.41000000,2256090.51000000,24641811.92990000,77829
1648252800000,2022-03-26 00:00:00,UNI/USDT,10.58000000,10.75000000,10.36000000,10.63000000,1142328.95000000,12049121.66810000,30712
1648166400000,2022-03-25 00:00:00,UNI/USDT,10.79000000,11.15000000,10.42000000,10.57000000,2828893.98000000,30599914.96530000,82770
1648080000000,2022-03-24 00:00:00,UNI/USDT,10.01000000,10.80000000,9.96000000,10.79000000,3091213.21000000,32027018.45460000,84233
1647993600000,2022-03-23 00:00:00,UNI/USDT,9.75000000,10.26000000,9.65000000,10.00000000,2078395.51000000,20551012.43910000,54973
1647907200000,2022-03-22 00:00:00,UNI/USDT,9.35000000,10.17000000,9.27000000,9.75000000,2661212.89000000,26275283.18690000,64604
1647820800000,2022-03-21 00:00:00,UNI/USDT,9.33000000,9.61000000,9.17000000,9.34000000,2120500.49000000,19912534.41210000,47505
1647734400000,2022-03-20 00:00:00,UNI/USDT,9.74000000,9.78000000,9.13000000,9.32000000,1844603.94000000,17426167.72510000,47376
1647648000000,2022-03-19 00:00:00,UNI/USDT,9.63000000,9.96000000,9.54000000,9.74000000,3247681.74000000,31588000.49660000,63617
1647561600000,2022-03-18 00:00:00,UNI/USDT,9.23000000,9.77000000,9.00000000,9.63000000,2004333.01000000,18817662.46420000,49479
1647475200000,2022-03-17 00:00:00,UNI/USDT,9.10000000,9.41000000,9.02000000,9.22000000,1661105.99000000,15298142.51490000,32354
1647388800000,2022-03-16 00:00:00,UNI/USDT,8.72000000,9.22000000,8.50000000,9.10000000,2613174.50000000,23047092.16530000,62742
1647302400000,2022-03-15 00:00:00,UNI/USDT,8.49000000,8.80000000,8.14000000,8.72000000,1550652.01000000,13092272.93650000,45451
1647216000000,2022-03-14 00:00:00,UNI/USDT,8.20000000,8.58000000,8.10000000,8.49000000,1888909.71000000,15868582.22470000,44012
1647129600000,2022-03-13 00:00:00,UNI/USDT,8.47000000,8.76000000,8.12000000,8.19000000,1345879.23000000,11410651.80480000,34000
1647043200000,2022-03-12 00:00:00,UNI/USDT,8.51000000,8.87000000,8.44000000,8.46000000,1336697.32000000,11579403.75470000,28048
1646956800000,2022-03-11 00:00:00,UNI/USDT,8.68000000,9.05000000,8.36000000,8.51000000,2280471.78000000,19846049.15560000,47906
1646870400000,2022-03-10 00:00:00,UNI/USDT,9.22000000,9.30000000,8.49000000,8.68000000,2081355.46000000,18231298.07110000,44683
1646784000000,2022-03-09 00:00:00,UNI/USDT,8.82000000,9.46000000,8.74000000,9.21000000,2637766.42000000,24320460.69900000,58839
1646697600000,2022-03-08 00:00:00,UNI/USDT,8.31000000,8.87000000,8.24000000,8.81000000,2274200.81000000,19548219.72280000,48896
1646611200000,2022-03-07 00:00:00,UNI/USDT,8.48000000,8.80000000,8.10000000,8.30000000,2468902.65000000,20735765.59800000,50270
1646524800000,2022-03-06 00:00:00,UNI/USDT,9.02000000,9.08000000,8.44000000,8.48000000,1828590.34000000,15883220.18950000,46549
1646438400000,2022-03-05 00:00:00,UNI/USDT,8.80000000,9.14000000,8.66000000,9.01000000,1293852.52000000,11542631.43990000,33178
1646352000000,2022-03-04 00:00:00,UNI/USDT,9.56000000,9.57000000,8.65000000,8.80000000,2100224.30000000,19168821.44110000,53901
1646265600000,2022-03-03 00:00:00,UNI/USDT,10.05000000,10.12000000,9.42000000,9.55000000,1792211.69000000,17560924.62220000,56106
1646179200000,2022-03-02 00:00:00,UNI/USDT,10.36000000,10.59000000,9.95000000,10.04000000,2734874.01000000,27992043.29650000,77371
1646092800000,2022-03-01 00:00:00,UNI/USDT,10.54000000,10.83000000,10.02000000,10.35000000,3684418.62000000,38382869.68320000,105198
1646006400000,2022-02-28 00:00:00,UNI/USDT,9.78000000,10.55000000,9.36000000,10.53000000,4566984.09000000,45162179.92770000,106804
1645920000000,2022-02-27 00:00:00,UNI/USDT,9.06000000,10.15000000,8.64000000,9.77000000,5227479.72000000,50308533.93960000,127673
1645833600000,2022-02-26 00:00:00,UNI/USDT,9.25000000,9.55000000,8.93000000,9.05000000,1434761.90000000,13198928.01430000,38402
1645747200000,2022-02-25 00:00:00,UNI/USDT,8.82000000,9.43000000,8.45000000,9.25000000,1958327.84000000,17550744.02250000,53764
1645660800000,2022-02-24 00:00:00,UNI/USDT,8.74000000,9.06000000,7.51000000,8.82000000,5800166.65500000,47020556.08693400,109814
1645574400000,2022-02-23 00:00:00,UNI/USDT,8.87000000,9.46000000,8.71000000,8.74000000,1870091.15000000,16956982.75860000,44124
1645488000000,2022-02-22 00:00:00,UNI/USDT,8.52000000,8.97000000,8.13000000,8.86000000,2363257.73100000,20322893.62400000,50083
1645401600000,2022-02-21 00:00:00,UNI/USDT,9.35000000,9.76000000,8.50000000,8.53000000,2516924.76800000,23129301.26167200,62136
1645315200000,2022-02-20 00:00:00,UNI/USDT,10.02000000,10.05000000,9.18000000,9.35000000,1500266.05100000,14183379.68614900,43603
1645228800000,2022-02-19 00:00:00,UNI/USDT,10.16000000,10.42000000,9.75000000,10.03000000,1056382.64000000,10613457.67410000,33465
1645142400000,2022-02-18 00:00:00,UNI/USDT,10.41000000,10.70000000,10.04000000,10.16000000,1370733.24000000,14232283.92300000,45260
1645056000000,2022-02-17 00:00:00,UNI/USDT,11.23000000,11.38000000,10.22000000,10.40000000,1492563.74000000,16119565.42510000,54798
1644969600000,2022-02-16 00:00:00,UNI/USDT,11.47000000,11.53000000,10.78000000,11.22000000,1491829.10000000,16674315.07660000,56357
1644883200000,2022-02-15 00:00:00,UNI/USDT,10.61000000,11.53000000,10.60000000,11.47000000,1419334.10000000,15656851.27240000,56697
1644796800000,2022-02-14 00:00:00,UNI/USDT,10.33000000,10.72000000,10.10000000,10.61000000,861079.98000000,8956692.13180000,35874
1644710400000,2022-02-13 00:00:00,UNI/USDT,10.64000000,10.86000000,10.25000000,10.33000000,758608.08000000,8008466.17700000,31027
1644624000000,2022-02-12 00:00:00,UNI/USDT,10.65000000,10.98000000,10.40000000,10.65000000,1005286.41000000,10748565.90310000,42153
1644537600000,2022-02-11 00:00:00,UNI/USDT,11.41000000,11.66000000,10.38000000,10.64000000,1308177.72000000,14648016.37840000,57062
1644451200000,2022-02-10 00:00:00,UNI/USDT,12.32000000,12.35000000,11.33000000,11.41000000,2443921.95000000,28910234.79460000,91113
1644364800000,2022-02-09 00:00:00,UNI/USDT,11.94000000,12.65000000,11.60000000,12.32000000,1725896.49000000,21077876.03020000,65564
1644278400000,2022-02-08 00:00:00,UNI/USDT,12.37000000,13.00000000,11.50000000,11.94000000,3071005.14000000,37420879.20010000,110977
1644192000000,2022-02-07 00:00:00,UNI/USDT,11.67000000,12.60000000,11.38000000,12.37000000,3428495.34000000,41336995.98070000,121583
1644105600000,2022-02-06 00:00:00,UNI/USDT,11.25000000,11.73000000,11.01000000,11.67000000,1414908.03000000,16068450.59310000,54721
1644019200000,2022-02-05 00:00:00,UNI/USDT,11.18000000,12.04000000,11.11000000,11.25000000,2268387.76000000,26140158.85170000,95812
1643932800000,2022-02-04 00:00:00,UNI/USDT,10.40000000,11.50000000,10.32000000,11.18000000,2241922.29000000,24239227.73100000,85965
1643846400000,2022-02-03 00:00:00,UNI/USDT,10.51000000,10.59000000,9.97000000,10.41000000,1348397.80000000,13912493.69750000,53563
1643760000000,2022-02-02 00:00:00,UNI/USDT,11.11000000,11.36000000,10.39000000,10.52000000,1659977.39000000,18122012.19600000,74099
1643673600000,2022-02-01 00:00:00,UNI/USDT,11.77000000,11.87000000,11.01000000,11.11000000,1723172.05000000,19631150.53010000,74399
1643587200000,2022-01-31 00:00:00,UNI/USDT,10.79000000,11.90000000,10.29000000,11.77000000,1671188.24000000,18762199.28980000,79365
1643500800000,2022-01-30 00:00:00,UNI/USDT,11.15000000,11.45000000,10.64000000,10.79000000,1062723.27000000,11754739.78230000,49828
1643414400000,2022-01-29 00:00:00,UNI/USDT,10.66000000,11.24000000,10.57000000,11.16000000,1363190.07000000,14942679.52850000,53978
1643328000000,2022-01-28 00:00:00,UNI/USDT,10.32000000,10.74000000,9.85000000,10.67000000,1332611.38000000,13702327.99220000,53280
1643241600000,2022-01-27 00:00:00,UNI/USDT,10.59000000,10.92000000,9.89000000,10.32000000,2548189.29000000,26305496.54250000,79612
1643155200000,2022-01-26 00:00:00,UNI/USDT,10.59000000,11.77000000,10.35000000,10.58000000,2025241.33000000,22289823.05050000,88127
1643068800000,2022-01-25 00:00:00,UNI/USDT,10.69000000,10.94000000,10.32000000,10.58000000,1480467.38000000,15735867.91810000,57906
1642982400000,2022-01-24 00:00:00,UNI/USDT,11.42000000,11.43000000,9.53000000,10.68000000,3978296.27000000,41014113.20795600,133049
1642896000000,2022-01-23 00:00:00,UNI/USDT,11.14000000,11.93000000,10.82000000,11.42000000,2354356.17000000,26816986.49180000,82282
1642809600000,2022-01-22 00:00:00,UNI/USDT,12.64000000,13.01000000,10.35000000,11.15000000,4555381.49600000,52771592.22640200,169353
1642723200000,2022-01-21 00:00:00,UNI/USDT,14.45000000,14.67000000,12.31000000,12.64000000,2858141.44800000,38683886.02799200,137900
1642636800000,2022-01-20 00:00:00,UNI/USDT,15.12000000,16.19000000,14.37000000,14.46000000,1317288.83000000,20225780.61070000,68694
1642550400000,2022-01-19 00:00:00,UNI/USDT,15.97000000,16.23000000,15.10000000,15.11000000,1148456.18000000,17891367.38660000,64014
1642464000000,2022-01-18 00:00:00,UNI/USDT,16.64000000,17.72000000,15.62000000,15.98000000,2159779.56000000,36176222.01440000,119341
1642377600000,2022-01-17 00:00:00,UNI/USDT,17.83000000,17.96000000,16.23000000,16.63000000,1629800.43000000,27750362.90580000,94812
1642291200000,2022-01-16 00:00:00,UNI/USDT,16.47000000,18.19000000,16.29000000,17.83000000,1883856.29000000,32609220.40900000,106352
1642204800000,2022-01-15 00:00:00,UNI/USDT,15.85000000,16.72000000,15.70000000,16.47000000,1097913.21000000,17952661.61980000,59029
1642118400000,2022-01-14 00:00:00,UNI/USDT,15.46000000,15.96000000,15.13000000,15.86000000,959028.98000000,14939823.13890000,49512
1642032000000,2022-01-13 00:00:00,UNI/USDT,16.29000000,16.59000000,15.39000000,15.45000000,1407495.12000000,22589036.59210000,68086
1641945600000,2022-01-12 00:00:00,UNI/USDT,15.97000000,16.61000000,15.95000000,16.28000000,1250210.31000000,20389911.75030000,56915
1641859200000,2022-01-11 00:00:00,UNI/USDT,15.12000000,16.32000000,14.98000000,15.96000000,1710488.91000000,26810435.03050000,71692
1641772800000,2022-01-10 00:00:00,UNI/USDT,15.80000000,16.46000000,14.64000000,15.11000000,2523686.14000000,39110002.35320000,119334
1641686400000,2022-01-09 00:00:00,UNI/USDT,14.93000000,16.30000000,14.81000000,15.80000000,1329527.16000000,20816332.92220000,69883
1641600000000,2022-01-08 00:00:00,UNI/USDT,15.77000000,16.20000000,14.53000000,14.92000000,1535850.86000000,23777976.53590000,72935
1641513600000,2022-01-07 00:00:00,UNI/USDT,17.07000000,17.16000000,15.23000000,15.76000000,2769810.35000000,44066666.18190000,123749
1641427200000,2022-01-06 00:00:00,UNI/USDT,17.12000000,17.26000000,16.08000000,17.06000000,2682869.44000000,44852431.35960000,118991
1641340800000,2022-01-05 00:00:00,UNI/USDT,18.21000000,19.87000000,16.31000000,17.11000000,4464972.53000000,82911399.70740000,229422
1641254400000,2022-01-04 00:00:00,UNI/USDT,18.47000000,19.15000000,17.68000000,18.21000000,2349174.13000000,43352647.49680000,133968
1641168000000,2022-01-03 00:00:00,UNI/USDT,18.39000000,19.18000000,17.84000000,18.46000000,2377836.01000000,44064914.45380000,127860
1641081600000,2022-01-02 00:00:00,UNI/USDT,17.48000000,18.50000000,17.04000000,18.40000000,1239824.76000000,21904556.02600000,75655
1640995200000,2022-01-01 00:00:00,UNI/USDT,17.01000000,17.57000000,16.79000000,17.48000000,1236062.74000000,21240028.56650000,62820
1640908800000,2021-12-31 00:00:00,UNI/USDT,17.80000000,18.65000000,16.77000000,17.00000000,2203063.81000000,39591873.72100000,122756
1640822400000,2021-12-30 00:00:00,UNI/USDT,17.12000000,17.91000000,16.71000000,17.80000000,1609634.43000000,27851540.63340000,86583
1640736000000,2021-12-29 00:00:00,UNI/USDT,18.40000000,19.50000000,16.87000000,17.13000000,3638665.39000000,67282289.63400000,174632
1640649600000,2021-12-28 00:00:00,UNI/USDT,19.13000000,19.92000000,17.72000000,18.39000000,4013857.20000000,74420059.96430000,211790
1640563200000,2021-12-27 00:00:00,UNI/USDT,18.65000000,20.07000000,18.53000000,19.12000000,2679326.94000000,51801075.55400000,172795
1640476800000,2021-12-26 00:00:00,UNI/USDT,17.47000000,18.79000000,16.71000000,18.66000000,1838091.86000000,32351244.17320000,126436
1640390400000,2021-12-25 00:00:00,UNI/USDT,17.51000000,17.84000000,17.07000000,17.46000000,1217142.43000000,21264465.17900000,62952
1640304000000,2021-12-24 00:00:00,UNI/USDT,18.18000000,18.29000000,17.23000000,17.49000000,2296234.01000000,40939896.84480000,128084
1640217600000,2021-12-23 00:00:00,UNI/USDT,16.22000000,18.26000000,15.92000000,18.17000000,4136178.14000000,70511842.55920000,215392
1640131200000,2021-12-22 00:00:00,UNI/USDT,15.05000000,18.00000000,14.96000000,16.23000000,2472751.55000000,38622587.86920000,132651
1640044800000,2021-12-21 00:00:00,UNI/USDT,14.51000000,15.10000000,14.31000000,15.05000000,1098347.03000000,16250791.29620000,54243
1639958400000,2021-12-20 00:00:00,UNI/USDT,14.96000000,15.17000000,13.96000000,14.51000000,1821301.19000000,26319450.13630000,81528
1639872000000,2021-12-19 00:00:00,UNI/USDT,15.57000000,15.97000000,14.83000000,14.97000000,1589950.01000000,24374674.04970000,69181
1639785600000,2021-12-18 00:00:00,UNI/USDT,14.97000000,16.10000000,14.67000000,15.56000000,2701601.97000000,41690120.07170000,117093
1639699200000,2021-12-17 00:00:00,UNI/USDT,14.41000000,15.10000000,13.67000000,14.97000000,1789860.25000000,25718173.71920000,83730
1639612800000,2021-12-16 00:00:00,UNI/USDT,15.19000000,15.37000000,14.34000000,14.42000000,2163655.41000000,32383612.33450000,79856
1639526400000,2021-12-15 00:00:00,UNI/USDT,14.98000000,15.52000000,14.15000000,15.19000000,2194474.09000000,32849047.01540000,91824
1639440000000,2021-12-14 00:00:00,UNI/USDT,14.16000000,15.08000000,13.91000000,15.00000000,1352106.29000000,19550018.72330000,65865
1639353600000,2021-12-13 00:00:00,UNI/USDT,16.00000000,16.09000000,13.76000000,14.16000000,1984501.11000000,29376105.48500000,86970
1639267200000,2021-12-12 00:00:00,UNI/USDT,15.90000000,16.19000000,15.27000000,16.00000000,991330.38000000,15667493.14510000,45393
1639180800000,2021-12-11 00:00:00,UNI/USDT,15.14000000,16.74000000,14.94000000,15.90000000,1949767.09000000,31052432.80310000,84684
1639094400000,2021-12-10 00:00:00,UNI/USDT,16.17000000,16.53000000,15.09000000,15.15000000,2357332.34000000,37374061.44700000,91483
1639008000000,2021-12-09 00:00:00,UNI/USDT,18.73000000,18.77000000,16.11000000,16.17000000,2103223.72000000,36150956.06990000,97985
1638921600000,2021-12-08 00:00:00,UNI/USDT,17.15000000,18.75000000,16.96000000,18.73000000,2080951.57000000,37117659.96430000,122521
1638835200000,2021-12-07 00:00:00,UNI/USDT,17.30000000,17.66000000,16.92000000,17.14000000,1715523.25000000,29585894.22800000,75640
1638748800000,2021-12-06 00:00:00,UNI/USDT,16.54000000,17.50000000,15.17000000,17.30000000,2275551.62000000,36815379.35630000,115439
1638662400000,2021-12-05 00:00:00,UNI/USDT,17.18000000,17.48000000,15.88000000,16.53000000,2258446.65000000,37661371.25300000,97341
1638576000000,2021-12-04 00:00:00,UNI/USDT,19.95000000,20.03000000,13.18000000,17.19000000,7587852.10500000,124681083.42143400,326772
1638489600000,2021-12-03 00:00:00,UNI/USDT,22.41000000,23.03000000,19.26000000,19.96000000,2887521.15000000,61797410.82060000,195960
1638403200000,2021-12-02 00:00:00,UNI/USDT,20.95000000,23.05000000,20.51000000,22.44000000,4262256.77000000,94675961.77550000,307183
1638316800000,2021-12-01 00:00:00,UNI/USDT,21.25000000,22.30000000,20.77000000,20.95000000,1865023.70000000,40565836.86220000,160965
1638230400000,2021-11-30 00:00:00,UNI/USDT,20.26000000,21.48000000,19.55000000,21.25000000,1697883.41000000,35097353.45690000,142548
1638144000000,2021-11-29 00:00:00,UNI/USDT,20.12000000,20.48000000,19.60000000,20.26000000,1139685.58000000,22871960.57740000,69388
1638057600000,2021-11-28 00:00:00,UNI/USDT,19.49000000,20.26000000,18.47000000,20.12000000,1453479.11000000,27958906.04700000,89408
1637971200000,2021-11-27 00:00:00,UNI/USDT,19.25000000,20.16000000,19.22000000,19.49000000,837834.92000000,16534273.51290000,63144
1637884800000,2021-11-26 00:00:00,UNI/USDT,21.40000000,21.45000000,18.71000000,19.27000000,1957267.01000000,38380095.38900000,133749
1637798400000,2021-11-25 00:00:00,UNI/USDT,20.80000000,21.65000000,20.57000000,21.39000000,1388461.25000000,29341703.80050000,88210
1637712000000,2021-11-24 00:00:00,UNI/USDT,22.21000000,22.31000000,20.53000000,20.80000000,1368958.45000000,29208907.50920000,100646
1637625600000,2021-11-23 00:00:00,UNI/USDT,20.96000000,22.34000000,20.76000000,22.20000000,1361092.98000000,29359585.59490000,115039
1637539200000,2021-11-22 00:00:00,UNI/USDT,21.62000000,22.31000000,20.72000000,20.95000000,1865975.43000000,40036679.99500000,146707
1637452800000,2021-11-21 00:00:00,UNI/USDT,22.03000000,22.17000000,21.38000000,21.62000000,896799.46000000,19509170.81530000,76086
1637366400000,2021-11-20 00:00:00,UNI/USDT,21.20000000,22.03000000,20.92000000,22.02000000,1230995.19000000,26336671.98740000,99399
1637280000000,2021-11-19 00:00:00,UNI/USDT,20.09000000,21.31000000,19.77000000,21.20000000,1248029.43000000,25785521.38370000,77075
1637193600000,2021-11-18 00:00:00,UNI/USDT,21.86000000,22.25000000,19.57000000,20.09000000,2178936.56000000,45478382.95190000,134144
1637107200000,2021-11-17 00:00:00,UNI/USDT,21.69000000,21.95000000,21.04000000,21.88000000,1684296.15000000,36381208.71670000,113369
1637020800000,2021-11-16 00:00:00,UNI/USDT,24.00000000,24.00000000,20.34000000,21.68000000,4692657.90000000,103447119.69460000,289089
1636934400000,2021-11-15 00:00:00,UNI/USDT,24.57000000,25.90000000,23.73000000,24.00000000,1959952.97000000,48028356.98070000,126015
1636848000000,2021-11-14 00:00:00,UNI/USDT,24.66000000,25.02000000,24.01000000,24.57000000,939318.21000000,23050331.31690000,81814
1636761600000,2021-11-13 00:00:00,UNI/USDT,24.57000000,24.82000000,24.16000000,24.65000000,953384.07000000,23359783.05610000,64254
1636675200000,2021-11-12 00:00:00,UNI/USDT,25.38000000,25.70000000,23.89000000,24.56000000,1826909.10000000,45070914.18450000,149780
1636588800000,2021-11-11 00:00:00,UNI/USDT,25.26000000,26.12000000,24.90000000,25.38000000,1891206.97000000,48233400.42740000,140665
1636502400000,2021-11-10 00:00:00,UNI/USDT,26.37000000,28.48000000,24.02000000,25.26000000,5766191.73000000,153207849.43490000,510138
1636416000000,2021-11-09 00:00:00,UNI/USDT,26.25000000,27.80000000,25.82000000,26.36000000,3830667.58000000,102871430.73930000,475812
1636329600000,2021-11-08 00:00:00,UNI/USDT,25.33000000,26.40000000,25.21000000,26.25000000,2478790.13000000,63908065.82520000,204218
1636243200000,2021-11-07 00:00:00,UNI/USDT,25.16000000,25.50000000,24.96000000,25.33000000,1003251.62000000,25316623.19660000,66487
1636156800000,2021-11-06 00:00:00,UNI/USDT,25.58000000,25.79000000,24.41000000,25.16000000,1363847.43000000,34231079.59200000,109842
1636070400000,2021-11-05 00:00:00,UNI/USDT,25.72000000,26.12000000,25.26000000,25.57000000,2024809.25000000,51862202.28580000,149322
1635984000000,2021-11-04 00:00:00,UNI/USDT,26.89000000,27.46000000,25.24000000,25.73000000,2787074.81000000,73705671.35540000,245346
1635897600000,2021-11-03 00:00:00,UNI/USDT,26.17000000,27.07000000,25.34000000,26.89000000,2814244.55000000,74260665.67070000,304221
1635811200000,2021-11-02 00:00:00,UNI/USDT,25.61000000,26.31000000,25.14000000,26.18000000,1527314.85000000,39213794.47650000,132600
1635724800000,2021-11-01 00:00:00,UNI/USDT,24.99000000,26.46000000,24.13000000,25.62000000,2194938.19000000,55895647.26590000,220576
1635638400000,2021-10-31 00:00:00,UNI/USDT,24.91000000,25.28000000,23.99000000,24.98000000,1219438.80000000,30136370.59520000,92536
1635552000000,2021-10-30 00:00:00,UNI/USDT,25.54000000,25.60000000,24.40000000,24.91000000,1127205.87000000,28100750.02650000,73067
1635465600000,2021-10-29 00:00:00,UNI/USDT,24.90000000,25.81000000,24.66000000,25.53000000,1606744.24000000,40777371.71330000,115358
1635379200000,2021-10-28 00:00:00,UNI/USDT,24.16000000,25.37000000,23.91000000,24.89000000,2600717.48000000,64409664.68440000,133343
1635292800000,2021-10-27 00:00:00,UNI/USDT,26.57000000,28.31000000,23.50000000,24.17000000,4583819.91000000,117728414.40730000,332670
1635206400000,2021-10-26 00:00:00,UNI/USDT,26.75000000,28.30000000,26.09000000,26.55000000,3639235.64000000,99661133.93490000,331982
1635120000000,2021-10-25 00:00:00,UNI/USDT,25.78000000,26.76000000,25.69000000,26.75000000,1270995.28000000,33524811.69880000,83593
1635033600000,2021-10-24 00:00:00,UNI/USDT,26.85000000,27.25000000,25.35000000,25.79000000,1501331.61000000,39509306.13530000,125267
1634947200000,2021-10-23 00:00:00,UNI/USDT,25.63000000,26.89000000,25.26000000,26.84000000,1344506.76000000,35092673.71020000,96247
1634860800000,2021-10-22 00:00:00,UNI/USDT,26.10000000,26.86000000,25.33000000,25.63000000,1449568.95000000,37939275.94080000,92494
1634774400000,2021-10-21 00:00:00,UNI/USDT,27.12000000,27.76000000,25.72000000,26.11000000,2192307.21000000,58967662.72710000,204120
1634688000000,2021-10-20 00:00:00,UNI/USDT,26.03000000,27.14000000,25.50000000,27.12000000,1831462.00000000,48282227.33690000,124579
1634601600000,2021-10-19 00:00:00,UNI/USDT,25.64000000,26.31000000,25.23000000,26.02000000,1374496.50000000,35500644.78980000,82235
1634515200000,2021-10-18 00:00:00,UNI/USDT,25.92000000,26.24000000,24.85000000,25.64000000,1466133.78000000,37548532.03210000,89410
1634428800000,2021-10-17 00:00:00,UNI/USDT,27.06000000,27.14000000,25.00000000,25.91000000,2293362.81000000,60426337.09070000,136962
1634342400000,2021-10-16 00:00:00,UNI/USDT,25.88000000,27.99000000,25.73000000,27.06000000,3331454.33000000,90113178.66690000,268083
1634256000000,2021-10-15 00:00:00,UNI/USDT,26.44000000,26.86000000,25.34000000,25.90000000,3090078.11000000,80523847.31590000,230787
1634169600000,2021-10-14 00:00:00,UNI/USDT,24.70000000,27.00000000,24.52000000,26.43000000,3397885.31000000,86591391.19370000,263785
1634083200000,2021-10-13 00:00:00,UNI/USDT,23.47000000,25.80000000,23.13000000,24.68000000,5582615.30000000,136558699.60050000,276145
1633996800000,2021-10-12 00:00:00,UNI/USDT,24.16000000,24.18000000,22.30000000,23.46000000,1765179.48000000,40777285.54400000,93576
1633910400000,2021-10-11 00:00:00,UNI/USDT,24.15000000,25.13000000,23.50000000,24.16000000,1704951.76000000,41640220.62670000,88635
1633824000000,2021-10-10 00:00:00,UNI/USDT,25.15000000,26.00000000,24.08000000,24.17000000,2048362.62000000,51667894.71190000,143263
1633737600000,2021-10-09 00:00:00,UNI/USDT,24.77000000,25.95000000,24.53000000,25.12000000,1342879.99000000,33908555.28060000,81144
1633651200000,2021-10-08 00:00:00,UNI/USDT,25.53000000,26.10000000,24.62000000,24.76000000,1906592.17000000,48375358.95880000,124216
1633564800000,2021-10-07 00:00:00,UNI/USDT,25.24000000,26.30000000,24.44000000,25.52000000,2190026.23000000,55745386.40520000,150919
1633478400000,2021-10-06 00:00:00,UNI/USDT,25.64000000,26.04000000,23.79000000,25.25000000,2400309.01000000,60160381.84750000,148646
1633392000000,2021-10-05 00:00:00,UNI/USDT,25.33000000,25.90000000,24.56000000,25.64000000,2093873.68000000,52864441.96620000,107183
1633305600000,2021-10-04 00:00:00,UNI/USDT,26.01000000,26.02000000,24.22000000,25.34000000,2515850.29000000,63473285.22370000,139225
1633219200000,2021-10-03 00:00:00,UNI/USDT,26.14000000,26.61000000,25.61000000,26.00000000,2177236.06000000,56913249.37230000,117139
1633132800000,2021-10-02 00:00:00,UNI/USDT,25.63000000,27.23000000,25.35000000,26.15000000,3780085.00000000,99084206.24540000,280822
1633046400000,2021-10-01 00:00:00,UNI/USDT,23.53000000,25.85000000,23.48000000,25.64000000,4261740.78000000,105948093.09140000,242203
1632960000000,2021-09-30 00:00:00,UNI/USDT,23.01000000,23.96000000,22.62000000,23.53000000,3025569.37000000,70305210.36620000,124055
1632873600000,2021-09-29 00:00:00,UNI/USDT,23.07000000,24.28000000,22.31000000,23.01000000,4862691.46000000,114319637.25110000,185597
1632787200000,2021-09-28 00:00:00,UNI/USDT,22.39000000,25.00000000,22.15000000,23.07000000,8626875.10000000,204874575.56440000,347176
1632700800000,2021-09-27 00:00:00,UNI/USDT,24.04000000,26.03000000,22.26000000,22.38000000,8594553.61000000,208907954.95020000,357590
1632614400000,2021-09-26 00:00:00,UNI/USDT,19.47000000,24.76000000,17.73000000,24.04000000,12451857.69600000,275604916.06413700,480417
1632528000000,2021-09-25 00:00:00,UNI/USDT,19.65000000,20.10000000,18.94000000,19.47000000,1934554.35000000,37700783.25580000,80191
1632441600000,2021-09-24 00:00:00,UNI/USDT,21.50000000,21.63000000,18.17000000,19.65000000,3288006.94900000,64440120.90970700,135188
1632355200000,2021-09-23 00:00:00,UNI/USDT,21.62000000,21.84000000,20.88000000,21.50000000,1648480.95000000,35228822.70700000,72976
1632268800000,2021-09-22 00:00:00,UNI/USDT,19.07000000,21.66000000,18.85000000,21.62000000,2854102.75000000,57981172.80870000,113438
1632182400000,2021-09-21 00:00:00,UNI/USDT,20.89000000,21.64000000,18.33000000,19.06000000,3710637.73600000,75191179.34027400,155234
1632096000000,2021-09-20 00:00:00,UNI/USDT,23.89000000,23.99000000,20.38000000,20.90000000,3352033.83900000,73465662.28323800,164519
1632009600000,2021-09-19 00:00:00,UNI/USDT,24.53000000,24.65000000,23.50000000,23.87000000,1100345.52000000,26465579.55090000,54574
1631923200000,2021-09-18 00:00:00,UNI/USDT,24.33000000,25.22000000,23.93000000,24.54000000,1340393.94000000,33006005.11800000,65627
1631836800000,2021-09-17 00:00:00,UNI/USDT,26.24000000,26.40000000,24.00000000,24.32000000,2953068.27000000,74209800.16320000,138720
1631750400000,2021-09-16 00:00:00,UNI/USDT,27.48000000,27.62000000,25.22000000,26.23000000,3604414.07000000,96271425.98670000,230433
1631664000000,2021-09-15 00:00:00,UNI/USDT,25.67000000,27.47000000,24.69000000,27.47000000,3780994.68000000,97542653.75267000,235765
1631577600000,2021-09-14 00:00:00,UNI/USDT,22.66000000,25.93000000,22.47000000,25.68000000,3503337.11000000,85060228.94030000,197225
1631491200000,2021-09-13 00:00:00,UNI/USDT,23.74000000,24.05000000,21.37000000,22.66000000,2501947.16000000,56182689.51390000,128878
1631404800000,2021-09-12 00:00:00,UNI/USDT,22.73000000,24.28000000,22.16000000,23.74000000,2233078.66000000,52339672.00310000,117408
1631318400000,2021-09-11 00:00:00,UNI/USDT,22.30000000,23.91000000,22.23000000,22.73000000,1530804.49000000,35310652.50470000,85669
1631232000000,2021-09-10 00:00:00,UNI/USDT,23.31000000,24.26000000,21.40000000,22.31000000,2591885.65000000,58877858.81160000,132028
1631145600000,2021-09-09 00:00:00,UNI/USDT,23.15000000,24.73000000,22.71000000,23.32000000,3345222.86000000,79503441.37600000,166431
1631059200000,2021-09-08 00:00:00,UNI/USDT,24.34000000,24.98000000,21.35000000,23.15000000,4662434.29000000,108625850.66190000,185444
1630972800000,2021-09-07 00:00:00,UNI/USDT,28.84000000,29.33000000,21.00000000,24.32000000,8621704.91800000,219052741.42012100,431572
1630886400000,2021-09-06 00:00:00,UNI/USDT,29.35000000,30.30000000,28.11000000,28.84000000,3797456.43000000,112316486.24300000,224853
1630800000000,2021-09-05 00:00:00,UNI/USDT,28.57000000,29.50000000,28.25000000,29.37000000,1844290.25000000,53567072.49520000,104364
1630713600000,2021-09-04 00:00:00,UNI/USDT,28.66000000,29.48000000,28.20000000,28.56000000,2175242.40000000,62767214.61970000,124591
1630627200000,2021-09-03 00:00:00,UNI/USDT,29.93000000,31.21000000,28.31000000,28.65000000,6213970.64000000,183030277.99940000,326292
1630540800000,2021-09-02 00:00:00,UNI/USDT,31.33000000,31.41000000,29.48000000,29.93000000,2046183.92500000,62079687.44794700,121880
1630454400000,2021-09-01 00:00:00,UNI/USDT,29.37000000,31.38500000,28.69000000,31.35000000,4806428.84500000,144582720.70706800,291447
1630368000000,2021-08-31 00:00:00,UNI/USDT,26.84000000,29.79000000,26.15000000,29.38000000,4325565.56500000,122829844.30091900,341819
1630281600000,2021-08-30 00:00:00,UNI/USDT,26.80000000,28.22000000,25.55000000,26.84000000,2436669.41700000,65633741.08754700,198822
1630195200000,2021-08-29 00:00:00,UNI/USDT,26.84000000,27.67000000,26.15000000,26.78000000,1549825.92600000,41515733.31036900,108468
1630108800000,2021-08-28 00:00:00,UNI/USDT,27.43000000,27.60000000,26.62000000,26.81000000,1118897.77600000,30279896.74882700,65378
1630022400000,2021-08-27 00:00:00,UNI/USDT,25.52000000,27.47800000,25.02000000,27.41000000,1901520.92100000,50050723.91551000,121785
1629936000000,2021-08-26 00:00:00,UNI/USDT,27.05200000,27.66900000,25.02000000,25.51000000,1862336.27900000,48568087.12975800,127968
1629849600000,2021-08-25 00:00:00,UNI/USDT,26.61400000,27.45500000,25.68000000,27.06400000,1871023.84700000,49875233.60400200,146526
1629763200000,2021-08-24 00:00:00,UNI/USDT,28.79000000,29.23600000,26.50000000,26.60900000,2151595.88400000,60211179.35203200,163247
1629676800000,2021-08-23 00:00:00,UNI/USDT,28.40000000,29.62700000,28.36300000,28.80000000,2289290.62800000,66535736.54656800,176059
1629590400000,2021-08-22 00:00:00,UNI/USDT,28.22900000,29.20000000,27.11300000,28.40000000,1948915.56000000,55070419.94358600,152263
1629504000000,2021-08-21 00:00:00,UNI/USDT,28.88700000,29.72400000,28.17500000,28.23700000,2358606.71200000,68424030.59692200,190399
1629417600000,2021-08-20 00:00:00,UNI/USDT,27.95900000,29.23300000,27.51400000,28.88600000,2616101.38300000,74049778.58480200,207138
1629331200000,2021-08-19 00:00:00,UNI/USDT,26.31900000,27.99000000,25.30600000,27.96200000,2838095.20700000,74933808.45451700,197740
1629244800000,2021-08-18 00:00:00,UNI/USDT,26.40400000,27.35000000,25.37000000,26.31300000,3781661.92900000,100016322.27569500,232635
1629158400000,2021-08-17 00:00:00,UNI/USDT,29.07200000,30.80900000,25.88200000,26.41600000,3570773.10700000,102606260.23861200,291840
1629072000000,2021-08-16 00:00:00,UNI/USDT,30.23900000,31.25700000,28.99200000,29.07200000,2815461.95600000,85366163.50892300,265817
1628985600000,2021-08-15 00:00:00,UNI/USDT,30.11300000,30.45600000,28.28000000,30.23900000,2278033.94900000,66632437.93046500,181762
1628899200000,2021-08-14 00:00:00,UNI/USDT,30.51400000,30.65000000,28.67600000,30.11000000,2362628.66300000,70218518.68169300,186810
1628812800000,2021-08-13 00:00:00,UNI/USDT,28.09200000,30.61700000,27.84500000,30.50700000,2444678.04300000,72278636.49829500,207984
1628726400000,2021-08-12 00:00:00,UNI/USDT,28.93800000,29.89800000,26.86100000,28.08700000,2795747.68800000,79133507.56527700,193340
1628640000000,2021-08-11 00:00:00,UNI/USDT,28.75600000,30.42600000,28.72500000,28.95000000,2863582.29000000,85233683.42566900,207648
1628553600000,2021-08-10 00:00:00,UNI/USDT,28.35100000,30.21200000,28.16500000,28.75500000,3851371.43200000,112221200.06574500,278466
1628467200000,2021-08-09 00:00:00,UNI/USDT,26.69700000,28.78000000,25.37800000,28.35200000,2965035.96100000,81182554.77421700,231833
1628380800000,2021-08-08 00:00:00,UNI/USDT,28.30200000,28.70300000,25.94900000,26.72200000,2475928.85600000,67936100.54938600,190894
1628294400000,2021-08-07 00:00:00,UNI/USDT,26.17800000,29.00000000,25.80000000,28.30000000,4007794.40600000,110553962.05747300,303993
1628208000000,2021-08-06 00:00:00,UNI/USDT,25.43100000,27.00500000,24.53600000,26.17800000,2830769.77200000,72247545.71691100,232862
1628121600000,2021-08-05 00:00:00,UNI/USDT,23.53000000,25.57900000,22.05700000,25.44000000,3892635.14600000,93335710.34191100,310596
1628035200000,2021-08-04 00:00:00,UNI/USDT,21.33900000,23.73100000,20.76700000,23.53600000,2980641.04400000,66038338.25853400,215549
1627948800000,2021-08-03 00:00:00,UNI/USDT,22.38200000,22.74000000,20.62400000,21.32600000,3057063.71100000,65357381.54092900,154511
1627862400000,2021-08-02 00:00:00,UNI/USDT,21.97600000,23.09900000,21.39100000,22.38200000,2704014.13200000,60322652.67766000,180963
1627776000000,2021-08-01 00:00:00,UNI/USDT,21.76400000,23.22000000,21.54600000,21.97900000,3359665.10900000,75116096.35509300,293472
1627689600000,2021-07-31 00:00:00,UNI/USDT,20.91900000,21.95400000,20.67200000,21.76700000,2671808.16200000,56751771.63897300,166035
1627603200000,2021-07-30 00:00:00,UNI/USDT,19.57600000,21.06400000,19.34000000,20.91700000,3593897.69200000,72457272.20224500,230676
1627516800000,2021-07-29 00:00:00,UNI/USDT,19.06100000,19.80800000,18.57100000,19.58000000,1868109.67800000,35852240.15613900,109435
1627430400000,2021-07-28 00:00:00,UNI/USDT,18.89000000,19.46700000,18.52000000,19.06500000,2170430.67700000,41278307.96483100,123199
1627344000000,2021-07-27 00:00:00,UNI/USDT,18.52500000,19.24500000,17.67000000,18.88700000,2480974.86000000,45699358.57608800,123569
1627257600000,2021-07-26 00:00:00,UNI/USDT,18.27300000,20.31900000,18.17400000,18.52700000,4348247.68300000,84704968.38516900,251027
1627171200000,2021-07-25 00:00:00,UNI/USDT,18.24300000,18.44600000,17.24200000,18.28500000,1820324.29700000,32564789.57738500,86830
1627084800000,2021-07-24 00:00:00,UNI/USDT,18.60000000,18.94100000,18.03100000,18.23900000,2296503.76400000,42433285.77823700,99328
1626998400000,2021-07-23 00:00:00,UNI/USDT,17.57200000,18.69200000,16.93300000,18.60300000,2570278.49700000,45426435.66234600,127285
1626912000000,2021-07-22 00:00:00,UNI/USDT,16.72700000,17.61700000,16.06600000,17.57900000,2957017.84300000,49877976.97331500,112762
1626825600000,2021-07-21 00:00:00,UNI/USDT,14.56900000,16.87600000,14.01300000,16.72700000,3689271.23800000,58039269.91119000,148856
1626739200000,2021-07-20 00:00:00,UNI/USDT,15.73500000,15.97000000,14.39400000,14.55400000,3276914.07800000,48688307.34916200,116587
1626652800000,2021-07-19 00:00:00,UNI/USDT,16.31100000,16.79100000,15.39800000,15.74200000,3004534.03700000,47904869.21268000,101630
1626566400000,2021-07-18 00:00:00,UNI/USDT,16.11200000,17.16800000,16.02400000,16.30500000,2646507.71200000,43953573.61864300,93847
1626480000000,2021-07-17 00:00:00,UNI/USDT,16.35300000,16.74400000,15.92800000,16.09800000,2244463.83800000,36533762.60096500,93853
1626393600000,2021-07-16 00:00:00,UNI/USDT,17.07000000,17.60000000,15.91800000,16.33700000,2512504.07200000,41891962.52905800,105994
1626307200000,2021-07-15 00:00:00,UNI/USDT,17.88900000,18.38900000,16.79700000,17.06800000,3278504.78900000,57226370.72846000,129649
1626220800000,2021-07-14 00:00:00,UNI/USDT,18.46100000,18.54200000,16.72100000,17.88500000,4782786.98400000,83888631.65357900,201236
1626134400000,2021-07-13 00:00:00,UNI/USDT,19.53100000,19.73800000,18.17200000,18.47000000,2357239.52800000,44763046.58109900,114072
1626048000000,2021-07-12 00:00:00,UNI/USDT,20.70000000,21.45000000,19.20500000,19.52800000,1844838.18700000,37641736.68140500,101780
1625961600000,2021-07-11 00:00:00,UNI/USDT,20.24500000,20.94700000,19.98000000,20.70000000,1315491.27200000,26892854.60260700,61637
1625875200000,2021-07-10 00:00:00,UNI/USDT,20.97800000,21.51500000,19.95000000,20.24400000,1405443.51900000,28856929.42597200,68578
1625788800000,2021-07-09 00:00:00,UNI/USDT,20.34200000,21.68600000,19.78000000,20.98600000,2534220.36600000,52670557.83314400,110744
1625702400000,2021-07-08 00:00:00,UNI/USDT,22.25400000,22.31100000,19.90800000,20.35300000,3124268.55400000,64911017.12746200,150944
1625616000000,2021-07-07 00:00:00,UNI/USDT,22.37300000,23.45600000,21.65000000,22.25300000,3088190.07300000,70041641.34592300,173892
1625529600000,2021-07-06 00:00:00,UNI/USDT,20.06200000,23.23500000,20.03000000,22.37600000,5911864.44100000,129796129.79317900,343795
1625443200000,2021-07-05 00:00:00,UNI/USDT,20.75100000,20.90600000,19.06800000,20.06300000,3729063.07200000,74644419.34821400,156864
1625356800000,2021-07-04 00:00:00,UNI/USDT,19.47400000,21.49800000,18.93100000,20.75700000,3396421.13800000,69999278.66846800,211568
1625270400000,2021-07-03 00:00:00,UNI/USDT,18.21600000,19.55900000,17.78900000,19.47400000,1969946.10000000,36990198.83044900,103593
1625184000000,2021-07-02 00:00:00,UNI/USDT,17.78100000,18.26200000,16.93900000,18.21300000,1673825.91300000,29393373.08945100,73046
1625097600000,2021-07-01 00:00:00,UNI/USDT,19.27900000,19.28800000,17.54400000,17.77900000,2155310.32200000,39293944.19740100,106637
1625011200000,2021-06-30 00:00:00,UNI/USDT,18.64000000,19.29900000,17.14900000,19.27800000,2596846.28400000,47017864.14940600,120296
1624924800000,2021-06-29 00:00:00,UNI/USDT,17.73400000,19.18900000,17.66000000,18.65200000,2732626.33500000,50930468.41137700,144564
1624838400000,2021-06-28 00:00:00,UNI/USDT,17.08200000,18.14800000,16.87000000,17.72700000,2122095.86200000,37130527.09342100,106645
1624752000000,2021-06-27 00:00:00,UNI/USDT,16.11900000,17.10100000,15.61700000,17.09700000,1849690.81800000,30150215.10994800,76568
1624665600000,2021-06-26 00:00:00,UNI/USDT,15.82100000,16.47200000,15.10400000,16.12200000,2113043.44600000,33391458.99932600,93646
1624579200000,2021-06-25 00:00:00,UNI/USDT,18.05200000,18.35400000,15.70400000,15.82200000,3191117.77200000,53153484.05690300,127189
1624492800000,2021-06-24 00:00:00,UNI/USDT,17.80400000,18.60100000,16.61100000,18.05100000,2840757.25000000,50003619.83340700,112509
1624406400000,2021-06-23 00:00:00,UNI/USDT,16.41100000,18.49300000,15.77200000,17.80200000,3802110.64100000,67015898.24564700,148853
1624320000000,2021-06-22 00:00:00,UNI/USDT,15.78700000,17.20000000,13.93000000,16.42100000,6573754.00600000,102069637.20393100,239241
1624233600000,2021-06-21 00:00:00,UNI/USDT,20.70500000,20.87300000,15.74000000,15.77400000,4733664.59800000,84159910.28663800,203510
1624147200000,2021-06-20 00:00:00,UNI/USDT,19.76300000,21.02500000,18.62200000,20.70400000,2410717.37800000,47527431.20165500,118436
1624060800000,2021-06-19 00:00:00,UNI/USDT,20.40000000,20.97800000,19.75400000,19.76000000,1744280.98200000,35573612.22456100,75760
1623974400000,2021-06-18 00:00:00,UNI/USDT,22.18200000,22.26900000,19.55000000,20.38800000,2187107.78900000,45259937.53033100,101916
1623888000000,2021-06-17 00:00:00,UNI/USDT,21.82800000,22.94100000,21.40300000,22.18400000,1443998.14600000,32139578.86835200,87952
1623801600000,2021-06-16 00:00:00,UNI/USDT,23.41600000,23.55000000,21.64200000,21.82800000,1687477.96400000,37977312.17793800,113553
1623715200000,2021-06-15 00:00:00,UNI/USDT,24.15900000,24.69000000,23.11600000,23.41700000,1506402.33400000,36051525.05683600,101228
1623628800000,2021-06-14 00:00:00,UNI/USDT,23.25500000,24.20700000,22.49400000,24.16000000,2206791.97500000,51549958.67643900,139485
1623542400000,2021-06-13 00:00:00,UNI/USDT,21.28100000,24.00000000,20.44900000,23.25500000,2282231.75600000,50102066.07456100,150927
1623456000000,2021-06-12 00:00:00,UNI/USDT,21.84800000,22.06300000,20.23900000,21.29600000,2201492.91200000,46491943.82341900,119400
1623369600000,2021-06-11 00:00:00,UNI/USDT,23.57700000,23.86800000,21.29900000,21.84800000,2595444.49700000,58296539.65045800,149744
1623283200000,2021-06-10 00:00:00,UNI/USDT,25.09400000,25.26000000,23.08500000,23.58200000,2524473.95400000,60858760.13275300,154211
1623196800000,2021-06-09 00:00:00,UNI/USDT,23.41200000,25.24100000,22.09700000,25.09600000,4569067.66000000,108935516.79921800,259073
1623110400000,2021-06-08 00:00:00,UNI/USDT,24.26300000,24.64400000,20.46500000,23.42400000,4141801.39600000,94270305.83172400,232840
1623024000000,2021-06-07 00:00:00,UNI/USDT,25.86300000,27.33500000,23.91000000,24.26900000,3839779.30100000,99886313.57870600,239053
1622937600000,2021-06-06 00:00:00,UNI/USDT,25.62800000,26.45000000,25.30300000,25.86100000,1965325.54800000,50921415.24071900,109047
1622851200000,2021-06-05 00:00:00,UNI/USDT,26.42300000,27.84000000,25.04000000,25.64100000,2675895.49100000,70245680.74871200,177673
1622764800000,2021-06-04 00:00:00,UNI/USDT,28.68000000,28.69600000,25.00500000,26.42200000,4004398.55000000,106383962.92885700,242338
1622678400000,2021-06-03 00:00:00,UNI/USDT,27.62600000,29.38200000,26.89700000,28.68700000,3675157.56800000,103811516.19544100,200718
1622592000000,2021-06-02 00:00:00,UNI/USDT,27.41300000,28.80300000,26.33500000,27.62600000,3744189.31800000,103540520.38599300,185928
1622505600000,2021-06-01 00:00:00,UNI/USDT,28.23900000,28.75400000,25.94200000,27.42600000,5252485.93300000,143067741.61145600,240561
1622419200000,2021-05-31 00:00:00,UNI/USDT,25.70000000,28.40000000,23.43300000,28.23900000,7519968.02200000,194923101.76709600,379695
1622332800000,2021-05-30 00:00:00,UNI/USDT,23.17100000,26.66800000,21.66000000,25.71600000,5654647.41100000,138780396.21577100,295353
1622246400000,2021-05-29 00:00:00,UNI/USDT,25.88600000,27.53100000,21.80900000,23.16900000,5967352.89300000,145615592.30946000,303206
1622160000000,2021-05-28 00:00:00,UNI/USDT,28.5550,29.4330,24.8850,25.8680,12344672,331995036.0829,601264
1622073600000,2021-05-27 00:00:00,UNI/USDT,29.4110,30.0390,26.1190,28.5530,9912768,280260621.6337,489836
1621987200000,2021-05-26 00:00:00,UNI/USDT,25.0930,29.4490,24.5410,29.4120,8766631,233623611.4620,484941
1621900800000,2021-05-25 00:00:00,UNI/USDT,24.7000,26.7140,21.4730,25.1050,16371014,394361923.3505,745011
1621814400000,2021-05-24 00:00:00,UNI/USDT,16.6960,25.1990,16.4940,24.7070,18096359,377726098.2417,793036
1621728000000,2021-05-23 00:00:00,UNI/USDT,20.3550,21.3110,12.9210,16.7010,25776282,419864915.9778,937262
1621641600000,2021-05-22 00:00:00,UNI/USDT,21.9260,22.4160,18.3650,20.3600,10931801,224601936.3701,517237
1621555200000,2021-05-21 00:00:00,UNI/USDT,26.3470,27.9590,18.8290,21.9260,14504773,336708249.1066,708010
1621468800000,2021-05-20 00:00:00,UNI/USDT,23.1950,28.4530,19.9590,26.3420,16669856,417026823.6618,804297
1621382400000,2021-05-19 00:00:00,UNI/USDT,35.0420,35.5420,14.5010,23.1900,24390442,635844930.1312,1156722
1621296000000,2021-05-18 00:00:00,UNI/USDT,33.2870,36.6800,32.9860,35.0240,7513300,264279052.6192,437036
1621209600000,2021-05-17 00:00:00,UNI/USDT,36.6240,36.6240,31.8000,33.2890,8590874,292077752.7341,508485
1621123200000,2021-05-16 00:00:00,UNI/USDT,36.6540,39.4720,34.4820,36.6290,5801513,215594083.3914,386881
1621036800000,2021-05-15 00:00:00,UNI/USDT,40.4620,42.4580,36.5350,36.6440,6389222,252065095.7422,423804
1620950400000,2021-05-14 00:00:00,UNI/USDT,37.3660,40.9220,37.1300,40.4540,5623089,220178209.6859,360431
1620864000000,2021-05-13 00:00:00,UNI/USDT,37.0330,40.3430,33.7820,37.3720,11607221,437927043.1427,621840
1620777600000,2021-05-12 00:00:00,UNI/USDT,38.5410,44.0970,35.5840,36.9760,17114684,707564798.9201,835277
1620691200000,2021-05-11 00:00:00,UNI/USDT,36.3845,38.5516,35.4411,38.5360,5863406,216204576.5714,355360
1620604800000,2021-05-10 00:00:00,UNI/USDT,39.4946,41.2307,33.1530,36.3800,12209814,468474081.6208,588028
1620518400000,2021-05-09 00:00:00,UNI/USDT,40.5299,40.7770,38.1235,39.4994,6504321,256390241.8640,374244
1620432000000,2021-05-08 00:00:00,UNI/USDT,39.7610,41.3299,39.2405,40.5299,7149299,288177189.1910,400412
1620345600000,2021-05-07 00:00:00,UNI/USDT,40.2839,41.3232,38.1455,39.7730,10247253,409795327.9448,519707
1620259200000,2021-05-06 00:00:00,UNI/USDT,42.4847,42.6121,39.8000,40.2760,11273009,468041265.5118,559046
1620172800000,2021-05-05 00:00:00,UNI/USDT,43.1323,44.9928,41.4724,42.4773,14579997,629901889.1887,688137
1620086400000,2021-05-04 00:00:00,UNI/USDT,42.3401,44.7484,39.2300,43.1352,18375985,776944496.4273,788207
1620000000000,2021-05-03 00:00:00,UNI/USDT,42.6634,45.0876,41.2069,42.3444,13582196,590104099.3904,626830
1619913600000,2021-05-02 00:00:00,UNI/USDT,40.4138,43.4104,39.3215,42.6641,13162772,546767338.3846,582996
1619827200000,2021-05-01 00:00:00,UNI/USDT,40.6775,41.3696,39.2083,40.3984,7717464,310205224.5319,391228
1619740800000,2021-04-30 00:00:00,UNI/USDT,41.0938,41.4000,38.9062,40.6815,9331754,376445423.2548,494733
1619654400000,2021-04-29 00:00:00,UNI/USDT,42.9179,44.0000,39.6083,41.0774,10559456,442674617.6043,553564
1619568000000,2021-04-28 00:00:00,UNI/USDT,39.6811,43.0000,37.8000,42.9312,16273430,668135495.3893,762965
1619481600000,2021-04-27 00:00:00,UNI/USDT,38.1934,40.7000,37.3412,39.6818,13105179,515169735.5711,655012
1619395200000,2021-04-26 00:00:00,UNI/USDT,34.3864,38.5653,34.1527,38.1930,12718965,458438089.1678,654791
1619308800000,2021-04-25 00:00:00,UNI/USDT,30.1708,34.9286,30.0000,34.3849,13102572,430797849.1365,664497
1619222400000,2021-04-24 00:00:00,UNI/USDT,32.9866,33.0090,29.8916,30.1676,7883525,246404902.6894,428495
1619136000000,2021-04-23 00:00:00,UNI/USDT,33.9150,34.9469,29.4508,32.9697,18617482,595855770.5890,949954
1619049600000,2021-04-22 00:00:00,UNI/USDT,33.4695,38.5468,32.7000,33.9470,25660215,928734599.1631,1221916
1618963200000,2021-04-21 00:00:00,UNI/USDT,31.9691,36.6149,30.5370,33.4638,16985031,569782666.3874,786807
1618876800000,2021-04-20 00:00:00,UNI/USDT,31.4107,32.3051,28.2429,31.9788,10028016,303799438.1508,513421
1618790400000,2021-04-19 00:00:00,UNI/USDT,31.6701,32.7454,29.4624,31.4083,10545861,331034477.6608,502126
1618704000000,2021-04-18 00:00:00,UNI/USDT,34.7779,35.1619,25.1281,31.6669,20508044,627915105.2885,956462
1618617600000,2021-04-17 00:00:00,UNI/USDT,36.1847,37.6346,34.6642,34.7630,7296268,264365840.1545,386578
1618531200000,2021-04-16 00:00:00,UNI/USDT,37.7940,38.3225,34.0631,36.1801,10736622,390966075.8843,516014
1618444800000,2021-04-15 00:00:00,UNI/USDT,36.1104,39.7084,35.6959,37.7967,15105585,575039163.6940,662310
1618358400000,2021-04-14 00:00:00,UNI/USDT,35.5073,37.0415,33.2491,36.1035,13977552,493929655.6820,656363
1618272000000,2021-04-13 00:00:00,UNI/USDT,36.7763,37.2371,34.3000,35.5052,16550235,587367589.1669,658279
1618185600000,2021-04-12 00:00:00,UNI/USDT,29.9876,38.3448,29.6157,36.7741,29266717,1022734579.1540,1143995
1618099200000,2021-04-11 00:00:00,UNI/USDT,29.8206,30.7368,29.2566,29.9880,4417864,132391065.8747,255426
1618012800000,2021-04-10 00:00:00,UNI/USDT,29.5519,30.8991,29.1944,29.8201,4168629,125276249.2633,241652
1617926400000,2021-04-09 00:00:00,UNI/USDT,30.2085,30.6267,29.3251,29.5525,3929131,118202452.7153,225335
1617840000000,2021-04-08 00:00:00,UNI/USDT,28.5830,30.3040,28.3533,30.2088,4691681,138774898.9588,261291
1617753600000,2021-04-07 00:00:00,UNI/USDT,31.2821,31.4792,27.7515,28.5772,8770064,256738469.5838,443491
1617667200000,2021-04-06 00:00:00,UNI/USDT,30.9002,32.5512,30.0780,31.2786,7753133,242504576.9315,397100
1617580800000,2021-04-05 00:00:00,UNI/USDT,30.9780,31.3326,29.7120,30.9000,5887442,180384584.9427,343978
1617494400000,2021-04-04 00:00:00,UNI/USDT,29.4298,31.6282,28.9000,30.9745,5216001,158438940.1000,318441
1617408000000,2021-04-03 00:00:00,UNI/USDT,30.2729,32.5296,29.3376,29.4398,11196800,348533882.6034,593552
1617321600000,2021-04-02 00:00:00,UNI/USDT,28.7213,30.3688,28.7121,30.2742,6475033,190784112.1656,373886
1617235200000,2021-04-01 00:00:00,UNI/USDT,28.1195,30.3845,28.1169,28.7150,9110965,267352437.5259,487196
1617148800000,2021-03-31 00:00:00,UNI/USDT,28.6029,29.1000,26.6265,28.1142,8220184,230219319.3751,425199
1617062400000,2021-03-30 00:00:00,UNI/USDT,29.0504,29.3400,28.3215,28.6021,6155656,177216592.4566,347868
1616976000000,2021-03-29 00:00:00,UNI/USDT,27.9077,29.5714,27.5403,29.0480,7360291,212013465.9134,355202
1616889600000,2021-03-28 00:00:00,UNI/USDT,28.2211,28.9477,27.3502,27.8960,5790591,163361889.8745,326135
1616803200000,2021-03-27 00:00:00,UNI/USDT,28.9100,29.5162,27.8361,28.2226,6878413,196599908.8182,383078
1616716800000,2021-03-26 00:00:00,UNI/USDT,26.5200,29.0436,26.4792,28.9100,8314637,231742148.1821,426328
1616630400000,2021-03-25 00:00:00,UNI/USDT,27.2169,28.1008,25.6000,26.5230,13319326,358201920.1496,611284
1616544000000,2021-03-24 00:00:00,UNI/USDT,31.0137,31.9022,25.2720,27.2252,16518250,491224339.8278,762378
1616457600000,2021-03-23 00:00:00,UNI/USDT,32.8646,37.0032,30.2820,31.0137,22044972,739334182.9803,938950
1616371200000,2021-03-22 00:00:00,UNI/USDT,32.9709,35.9182,31.8113,32.8598,14799355,501376404.7763,673206
1616284800000,2021-03-21 00:00:00,UNI/USDT,32.1078,33.3457,31.5466,32.9581,6186567,200124551.6544,320245
1616198400000,2021-03-20 00:00:00,UNI/USDT,33.3326,35.2718,31.8910,32.1040,9604632,322284512.7112,464448
1616112000000,2021-03-19 00:00:00,UNI/USDT,30.0129,34.2899,29.4844,33.3195,10995020,356098675.7029,454569
1616025600000,2021-03-18 00:00:00,UNI/USDT,31.3427,31.6830,29.7535,30.0210,5968673,183375367.1408,289683
1615939200000,2021-03-17 00:00:00,UNI/USDT,30.0803,31.7075,29.4164,31.3490,9887463,302665377.8222,433599
1615852800000,2021-03-16 00:00:00,UNI/USDT,29.8109,30.0900,27.9621,30.0805,7606697,221219047.7995,357016
1615766400000,2021-03-15 00:00:00,UNI/USDT,30.6637,31.5829,29.5033,29.8326,8161725,247426783.0674,363264
1615680000000,2021-03-14 00:00:00,UNI/USDT,32.5329,33.8336,30.6348,30.6672,8431184,272249224.7857,365623
1615593600000,2021-03-13 00:00:00,UNI/USDT,30.9676,33.4571,30.2303,32.5155,8753692,282927748.0627,367340
1615507200000,2021-03-12 00:00:00,UNI/USDT,31.0689,32.0367,29.2000,30.9554,8840368,271239342.6944,395473
1615420800000,2021-03-11 00:00:00,UNI/USDT,30.9503,31.8776,29.4415,31.0675,10170301,312958553.7978,382382
1615334400000,2021-03-10 00:00:00,UNI/USDT,32.9779,33.6486,30.3550,30.9415,10441050,332154320.3743,408230
1615248000000,2021-03-09 00:00:00,UNI/USDT,33.3211,34.8801,32.4222,32.9799,10794960,360058095.8144,435715
1615161600000,2021-03-08 00:00:00,UNI/USDT,34.3012,34.9499,32.0501,33.3088,16807446,561723571.5641,684854
1615075200000,2021-03-07 00:00:00,UNI/USDT,28.5340,34.9329,28.4971,34.2945,18619304,586394787.4531,705952
1614988800000,2021-03-06 00:00:00,UNI/USDT,28.3138,29.0983,27.2053,28.5264,9419493,265951424.3747,420720
1614902400000,2021-03-05 00:00:00,UNI/USDT,28.3097,28.8047,25.8538,28.3138,16744122,457666084.9709,652771
1614816000000,2021-03-04 00:00:00,UNI/USDT,25.3754,29.8298,24.7608,28.3053,23521841,658239754.0208,798855
1614729600000,2021-03-03 00:00:00,UNI/USDT,25.5487,27.6544,25.2839,25.3835,9938056,262418014.8712,400987
1614643200000,2021-03-02 00:00:00,UNI/USDT,25.7716,27.5200,24.5231,25.5372,15130373,394910123.8728,508011
1614556800000,2021-03-01 00:00:00,UNI/USDT,22.2389,25.7729,22.0749,25.7718,11242436,266898108.2985,409101
1614470400000,2021-02-28 00:00:00,UNI/USDT,23.5545,24.1537,20.5000,22.2342,12634615,276562877.4442,434799
1614384000000,2021-02-27 00:00:00,UNI/USDT,23.1154,24.9006,22.3060,23.5588,10888122,260142704.8275,363586
1614297600000,2021-02-26 00:00:00,UNI/USDT,23.5014,25.2105,21.0002,23.1188,17174031,396314352.8468,534807
1614211200000,2021-02-25 00:00:00,UNI/USDT,25.2452,27.0000,23.1006,23.5103,16015923,402328300.2729,486992
1614124800000,2021-02-24 00:00:00,UNI/USDT,24.8427,27.3533,23.0843,25.2542,18235720,470574873.6970,596349
1614038400000,2021-02-23 00:00:00,UNI/USDT,27.7145,27.8225,18.0000,24.8499,32859367,747133803.4312,1219174
1613952000000,2021-02-22 00:00:00,UNI/USDT,28.8478,29.2037,17.5103,27.7285,25929173,692114859.4838,927923
1613865600000,2021-02-21 00:00:00,UNI/USDT,28.7621,32.2000,27.7029,28.8400,28615690,859319880.7123,968227
1613779200000,2021-02-20 00:00:00,UNI/USDT,20.1075,33.2375,19.5245,28.7711,45023215,1244365257.8241,1385457
1613692800000,2021-02-19 00:00:00,UNI/USDT,21.1954,21.5980,19.2999,20.1054,10258130,210336473.7051,294761
1613606400000,2021-02-18 00:00:00,UNI/USDT,21.5540,22.3486,20.6195,21.1869,9691032,207623989.4969,271256
1613520000000,2021-02-17 00:00:00,UNI/USDT,20.4889,21.9506,19.1528,21.5581,10273812,210880638.0581,301537
1613433600000,2021-02-16 00:00:00,UNI/USDT,20.1012,21.3683,19.3868,20.4965,10116085,208696841.9756,304325
1613347200000,2021-02-15 00:00:00,UNI/USDT,20.8681,21.5872,16.7095,20.1047,18409313,364924205.9175,514455
1613260800000,2021-02-14 00:00:00,UNI/USDT,21.8647,22.6854,20.7022,20.8630,10246981,222738981.7720,278801
1613174400000,2021-02-13 00:00:00,UNI/USDT,22.7001,23.7203,21.2515,21.8543,13577988,302924561.4050,366698
1613088000000,2021-02-12 00:00:00,UNI/USDT,21.5283,24.0607,21.3087,22.7000,16267538,368464695.4775,434633
1613001600000,2021-02-11 00:00:00,UNI/USDT,20.7054,22.1000,20.1276,21.5345,12028213,250871957.5396,318708
1612915200000,2021-02-10 00:00:00,UNI/USDT,19.5527,22.5000,19.3000,20.7165,18827664,393559274.7142,497564
1612828800000,2021-02-09 00:00:00,UNI/USDT,19.3758,20.0282,18.9628,19.5536,11758949,227809450.3206,289201
1612742400000,2021-02-08 00:00:00,UNI/USDT,18.6880,20.2672,18.1461,19.3793,14557394,280027648.8750,358149
1612656000000,2021-02-07 00:00:00,UNI/USDT,19.3031,19.7243,17.1000,18.6843,14918094,274537193.8230,407993
1612569600000,2021-02-06 00:00:00,UNI/USDT,21.2027,21.7693,19.2370,19.2986,15646215,313208065.3137,361546
1612483200000,2021-02-05 00:00:00,UNI/USDT,20.1617,22.6875,19.5784,21.1991,16634494,347855501.5467,398506
1612396800000,2021-02-04 00:00:00,UNI/USDT,19.7685,21.6916,19.0280,20.1483,19089079,394206994.2115,481570
1612310400000,2021-02-03 00:00:00,UNI/USDT,19.0051,20.6360,18.7406,19.7753,14849303,292376754.5919,382816
1612224000000,2021-02-02 00:00:00,UNI/USDT,20.5020,20.6525,18.1310,19.0051,15648851,299240921.3783,394574
1612137600000,2021-02-01 00:00:00,UNI/USDT,17.7441,20.8307,16.7113,20.5017,20187545,376878045.6882,523907
1612051200000,2021-01-31 00:00:00,UNI/USDT,19.5762,20.5829,17.4000,17.7516,25770572,487598440.1738,585976
1611964800000,2021-01-30 00:00:00,UNI/USDT,15.6680,19.6752,15.1132,19.5551,23622329,401394338.4450,569228
1611878400000,2021-01-29 00:00:00,UNI/USDT,14.1218,15.8281,14.0657,15.6636,21552285,321511986.1949,467202
1611792000000,2021-01-28 00:00:00,UNI/USDT,14.7392,15.3845,13.5165,14.1217,25933626,375233226.0268,543524
1611705600000,2021-01-27 00:00:00,UNI/USDT,13.9081,15.4950,13.0081,14.7215,36607314,517697569.5028,746056
1611619200000,2021-01-26 00:00:00,UNI/USDT,11.3138,14.2691,11.1621,13.9081,37523107,480094617.3784,882592
1611532800000,2021-01-25 00:00:00,UNI/USDT,12.0512,12.9089,10.8888,11.3156,22783749,269306499.0578,488989
1611446400000,2021-01-24 00:00:00,UNI/USDT,9.3505,12.3198,9.1673,12.0512,23259406,250842787.1029,427587
1611360000000,2021-01-23 00:00:00,UNI/USDT,8.7005,9.5500,8.5022,9.3467,10217601,92807069.4189,191470
1611273600000,2021-01-22 00:00:00,UNI/USDT,7.5937,9.0365,7.0329,8.6951,19080993,156068918.0269,328207
1611187200000,2021-01-21 00:00:00,UNI/USDT,8.9819,9.0506,7.3256,7.5995,18506554,150536507.9970,318858
1611100800000,2021-01-20 00:00:00,UNI/USDT,8.5982,9.0585,7.6578,8.9880,17747235,147910305.8585,322920
1611014400000,2021-01-19 00:00:00,UNI/USDT,9.2103,9.7299,8.4857,8.5996,14292342,130425709.5230,305689
1610928000000,2021-01-18 00:00:00,UNI/USDT,8.6943,9.8911,8.3140,9.2063,17151328,156899674.8336,326890
1610841600000,2021-01-17 00:00:00,UNI/USDT,8.4102,9.2000,8.0784,8.6869,18588603,160040569.7348,338353
1610755200000,2021-01-16 00:00:00,UNI/USDT,7.3778,9.4390,7.2043,8.4052,23384978,191799477.5579,402055
1610668800000,2021-01-15 00:00:00,UNI/USDT,6.9724,7.5063,6.4028,7.3762,24883843,175860932.8745,415829
1610582400000,2021-01-14 00:00:00,UNI/USDT,6.3449,7.1419,6.1838,6.9730,19411112,128074960.7054,319758
1610496000000,2021-01-13 00:00:00,UNI/USDT,5.5947,6.3927,5.2674,6.3426,14560477,85152406.4890,245268
1610409600000,2021-01-12 00:00:00,UNI/USDT,5.2437,5.8285,4.9680,5.5912,15762738,85409389.4855,252061
1610323200000,2021-01-11 00:00:00,UNI/USDT,5.9900,6.0120,4.4000,5.2402,24717068,127527796.5489,400050
1610236800000,2021-01-10 00:00:00,UNI/USDT,6.2393,6.5964,5.5538,5.9900,16462464,101019157.8110,246092
1610150400000,2021-01-09 00:00:00,UNI/USDT,5.8878,6.3781,5.6717,6.2393,14062984,85402312.5131,198987
1610064000000,2021-01-08 00:00:00,UNI/USDT,6.2800,6.3898,5.4696,5.8836,20084660,119940220.9902,291848
1609977600000,2021-01-07 00:00:00,UNI/USDT,6.4277,6.8467,6.0201,6.2790,18124590,115224771.4229,255534
1609891200000,2021-01-06 00:00:00,UNI/USDT,6.2623,6.6141,6.0177,6.4222,16608773,104059586.0207,245393
1609804800000,2021-01-05 00:00:00,UNI/USDT,5.4280,6.5740,5.2069,6.2595,25969840,153456610.2787,353384
1609718400000,2021-01-04 00:00:00,UNI/USDT,5.5274,6.2476,4.8690,5.4320,33980328,187641663.1057,444070
1609632000000,2021-01-03 00:00:00,UNI/USDT,4.8622,5.6600,4.6801,5.5249,36592873,187765034.6190,435638
1609545600000,2021-01-02 00:00:00,UNI/USDT,4.7421,5.1893,4.4863,4.8617,35488699,169774841.0199,423884
1609459200000,2021-01-01 00:00:00,UNI/USDT,5.1549,5.2740,4.6101,4.7407,29105613,144101388.0780,379994
1609372800000,2020-12-31 00:00:00,UNI/USDT,4.1536,5.2965,3.9376,5.1550,49755923,230250334.2998,590461
1609286400000,2020-12-30 00:00:00,UNI/USDT,3.6758,4.3875,3.6310,4.1540,27158906,108901934.4019,315631
1609200000000,2020-12-29 00:00:00,UNI/USDT,3.7324,3.8489,3.5025,3.6756,14215500,51644342.3673,175098
1609113600000,2020-12-28 00:00:00,UNI/USDT,3.6033,3.9497,3.5723,3.7336,15106832,57344680.7593,186118
1609027200000,2020-12-27 00:00:00,UNI/USDT,3.4208,3.8116,3.3543,3.6035,19242073,68818264.4957,231205
1608940800000,2020-12-26 00:00:00,UNI/USDT,3.5071,3.6070,3.3614,3.4200,11125637,38848980.8630,136117
1608854400000,2020-12-25 00:00:00,UNI/USDT,3.5267,3.6560,3.3749,3.5062,13074180,45769063.1253,157888
1608768000000,2020-12-24 00:00:00,UNI/USDT,3.3199,3.5299,3.1619,3.5256,15534991,51668458.0683,193784
1608681600000,2020-12-23 00:00:00,UNI/USDT,3.7356,3.7827,3.0074,3.3176,18921934,66013599.7757,240667
1608595200000,2020-12-22 00:00:00,UNI/USDT,3.5148,3.7797,3.2845,3.7363,18382675,65172580.8927,210959
1608508800000,2020-12-21 00:00:00,UNI/USDT,3.7659,3.9289,3.4233,3.5166,18099579,65971515.8518,205181
1608422400000,2020-12-20 00:00:00,UNI/USDT,3.9652,4.0333,3.7070,3.7667,18983331,73983581.9391,225162
1608336000000,2020-12-19 00:00:00,UNI/USDT,3.7705,4.2500,3.7083,3.9650,32908180,133936708.4566,361482
1608249600000,2020-12-18 00:00:00,UNI/USDT,3.6970,3.8642,3.5510,3.7705,20150042,74978906.9981,220876
1608163200000,2020-12-17 00:00:00,UNI/USDT,3.5407,4.0077,3.4354,3.6970,32013622,120341516.8807,334634
1608076800000,2020-12-16 00:00:00,UNI/USDT,3.3307,3.5489,3.2438,3.5407,14076280,48059729.0030,168423
1607990400000,2020-12-15 00:00:00,UNI/USDT,3.4800,3.5196,3.3108,3.3307,10956266,37391806.1102,147357
1607904000000,2020-12-14 00:00:00,UNI/USDT,3.3405,3.5453,3.2386,3.4801,11355957,38025112.2581,150924
1607817600000,2020-12-13 00:00:00,UNI/USDT,3.1239,3.3644,3.0726,3.3406,9609388,31228105.1924,130084
1607731200000,2020-12-12 00:00:00,UNI/USDT,2.9633,3.1772,2.9607,3.1245,10624001,32959964.5458,143800
1607644800000,2020-12-11 00:00:00,UNI/USDT,3.2428,3.2506,2.9100,2.9616,14032377,42078783.7596,189958
1607558400000,2020-12-10 00:00:00,UNI/USDT,3.3522,3.3733,3.1911,3.2420,8221638,26806363.6247,127379
1607472000000,2020-12-09 00:00:00,UNI/USDT,3.3010,3.3955,3.1175,3.3524,13473824,44406218.4857,183380
1607385600000,2020-12-08 00:00:00,UNI/USDT,3.7612,3.7698,3.2800,3.3013,17147736,60445503.7464,227327
1607299200000,2020-12-07 00:00:00,UNI/USDT,3.6515,3.8840,3.5652,3.7610,15938460,59446134.0022,201241
1607212800000,2020-12-06 00:00:00,UNI/USDT,3.6829,3.7947,3.5109,3.6519,10293863,37487683.7047,149203
1607126400000,2020-12-05 00:00:00,UNI/USDT,3.5201,3.7000,3.4420,3.6836,10777771,38748331.5531,151004
1607040000000,2020-12-04 00:00:00,UNI/USDT,3.8840,3.9250,3.5000,3.5203,12625343,46964599.3961,176932
1606953600000,2020-12-03 00:00:00,UNI/USDT,3.9461,4.0273,3.8000,3.8855,15801614,61854437.1328,186863
1606867200000,2020-12-02 00:00:00,UNI/USDT,3.5484,4.1751,3.4974,3.9477,24334802,93470895.1016,263501
1606780800000,2020-12-01 00:00:00,UNI/USDT,3.7784,3.9930,3.4027,3.5502,27272994,100707922.0499,302602
1606694400000,2020-11-30 00:00:00,UNI/USDT,3.5529,3.8160,3.5328,3.7792,19573843,72125848.3630,227777
1606608000000,2020-11-29 00:00:00,UNI/USDT,3.4604,3.5736,3.3605,3.5519,15600709,53989373.6711,196107
1606521600000,2020-11-28 00:00:00,UNI/USDT,3.3073,3.5320,3.2556,3.4611,17959426,61104096.6077,198774
1606435200000,2020-11-27 00:00:00,UNI/USDT,3.4349,3.5399,3.1620,3.3073,26431511,88607736.0978,272933
1606348800000,2020-11-26 00:00:00,UNI/USDT,3.6790,3.7755,3.0968,3.4341,44630460,149257494.0488,468729
1606262400000,2020-11-25 00:00:00,UNI/USDT,4.0758,4.2142,3.5324,3.6800,31032266,122414269.7734,325867
1606176000000,2020-11-24 00:00:00,UNI/USDT,4.1938,4.5059,3.9445,4.0747,50668042,211746635.6653,473402
1606089600000,2020-11-23 00:00:00,UNI/USDT,3.6833,4.2532,3.6334,4.1945,46280359,181205617.6341,435776
1606003200000,2020-11-22 00:00:00,UNI/USDT,3.8484,3.9800,3.4051,3.6853,39893328,147629487.9419,388670
1605916800000,2020-11-21 00:00:00,UNI/USDT,3.8607,3.9490,3.5900,3.8467,39021035,147219521.1683,378004
1605830400000,2020-11-20 00:00:00,UNI/USDT,3.7463,4.1000,3.6833,3.8611,47940349,186978011.7698,428608
1605744000000,2020-11-19 00:00:00,UNI/USDT,3.4632,3.8951,3.2300,3.7466,47998474,172620657.1782,442870
1605657600000,2020-11-18 00:00:00,UNI/USDT,3.8187,3.8610,3.2694,3.4632,41843276,147241873.8252,411281
1605571200000,2020-11-17 00:00:00,UNI/USDT,3.5689,3.8914,3.4772,3.8191,50585921,185897677.4155,476184
1605484800000,2020-11-16 00:00:00,UNI/USDT,3.8489,3.9447,3.4501,3.5688,50460597,186922431.8147,459917
1605398400000,2020-11-15 00:00:00,UNI/USDT,3.8133,4.2381,3.6134,3.8482,57815801,230625279.3371,532827
1605312000000,2020-11-14 00:00:00,UNI/USDT,3.8447,3.9660,3.5100,3.8132,64663803,241861164.0696,592760
1605225600000,2020-11-13 00:00:00,UNI/USDT,2.9569,3.9830,2.9340,3.8462,61007642,210800907.9298,508911
1605139200000,2020-11-12 00:00:00,UNI/USDT,2.9311,3.1388,2.8328,2.9573,29454688,88052966.0778,283187
1605052800000,2020-11-11 00:00:00,UNI/USDT,3.0800,3.2198,2.8800,2.9321,33268364,102250132.4339,309691
1604966400000,2020-11-10 00:00:00,UNI/USDT,2.6795,3.1800,2.6268,3.0804,45785816,133629180.6118,358965
1604880000000,2020-11-09 00:00:00,UNI/USDT,2.8658,2.8812,2.5723,2.6795,29488384,79712908.3484,238962
1604793600000,2020-11-08 00:00:00,UNI/USDT,2.4765,2.9259,2.4350,2.8675,32849585,88364337.9809,276151
1604707200000,2020-11-07 00:00:00,UNI/USDT,2.5706,3.0350,2.4212,2.4773,75658724,207208722.9665,583562
1604620800000,2020-11-06 00:00:00,UNI/USDT,2.1894,2.6890,2.1717,2.5706,75683379,188154517.5355,549612
1604534400000,2020-11-05 00:00:00,UNI/USDT,1.9282,2.4213,1.7564,2.1902,81343041,171512996.4516,492266
1604448000000,2020-11-04 00:00:00,UNI/USDT,2.1356,2.1651,1.8739,1.9279,28858707,58136495.9764,230410
1604361600000,2020-11-03 00:00:00,UNI/USDT,2.2522,2.2812,2.0540,2.1370,23343211,49769377.0016,173599
1604275200000,2020-11-02 00:00:00,UNI/USDT,2.3791,2.4542,2.2223,2.2528,19202218,44398691.6660,155835
1604188800000,2020-11-01 00:00:00,UNI/USDT,2.2652,2.4544,2.2180,2.3788,16735725,38616722.2787,156928
1604102400000,2020-10-31 00:00:00,UNI/USDT,2.4125,2.4125,2.2401,2.2658,14902671,34973619.5783,131560
1604016000000,2020-10-30 00:00:00,UNI/USDT,2.5385,2.5655,2.2310,2.4133,30396942,71529236.0112,253415
1603929600000,2020-10-29 00:00:00,UNI/USDT,2.6629,2.7417,2.4860,2.5390,15691060,40803804.4941,151346
1603843200000,2020-10-28 00:00:00,UNI/USDT,2.8097,2.8592,2.5970,2.6631,16661196,45138948.2255,161455
1603756800000,2020-10-27 00:00:00,UNI/USDT,2.7121,2.9156,2.7008,2.8097,20107012,56772789.0722,187880
1603670400000,2020-10-26 00:00:00,UNI/USDT,2.7757,2.8800,2.5200,2.7138,21905173,59730349.0449,215826
1603584000000,2020-10-25 00:00:00,UNI/USDT,2.9440,2.9700,2.7110,2.7769,13081956,37633115.8232,134683
1603497600000,2020-10-24 00:00:00,UNI/USDT,3.0183,3.0898,2.9290,2.9447,10001147,30100886.7496,104519
1603411200000,2020-10-23 00:00:00,UNI/USDT,3.0442,3.1259,2.9638,3.0184,14220095,43120888.4987,145664
1603324800000,2020-10-22 00:00:00,UNI/USDT,2.9381,3.1517,2.9201,3.0444,15270134,46500477.9901,163226
1603238400000,2020-10-21 00:00:00,UNI/USDT,2.8581,3.0936,2.8397,2.9385,25361712,75582140.0941,266025
1603152000000,2020-10-20 00:00:00,UNI/USDT,3.1687,3.1890,2.8117,2.8587,22572765,66906248.7238,229213
1603065600000,2020-10-19 00:00:00,UNI/USDT,3.2713,3.2800,3.1100,3.1687,14705745,47051197.0747,151682
1602979200000,2020-10-18 00:00:00,UNI/USDT,3.0524,3.2834,3.0415,3.2732,15958642,50369178.4900,159909
1602892800000,2020-10-17 00:00:00,UNI/USDT,3.0414,3.1190,2.9718,3.0530,16255664,49426888.6906,159068
1602806400000,2020-10-16 00:00:00,UNI/USDT,3.0764,3.3647,2.8740,3.0404,40724194,128386983.8114,348883
1602720000000,2020-10-15 00:00:00,UNI/USDT,3.1090,3.1669,2.9112,3.0771,28135432,85791227.2012,276559
1602633600000,2020-10-14 00:00:00,UNI/USDT,3.3536,3.4368,2.9706,3.1090,29895556,95850529.8645,271156
1602547200000,2020-10-13 00:00:00,UNI/USDT,3.4567,3.5013,3.2930,3.3540,17837574,60754764.5830,183430
1602460800000,2020-10-12 00:00:00,UNI/USDT,3.3612,3.6016,3.2810,3.4572,28191393,96727041.7862,270481
1602374400000,2020-10-11 00:00:00,UNI/USDT,3.2956,3.4521,3.1813,3.3624,26061619,86592896.1653,262820
1602288000000,2020-10-10 00:00:00,UNI/USDT,3.3819,3.6607,3.2643,3.2959,33319109,113971676.2849,353665
1602201600000,2020-10-09 00:00:00,UNI/USDT,3.3495,3.6013,3.1750,3.3806,46834530,158124503.1264,497757
1602115200000,2020-10-08 00:00:00,UNI/USDT,2.9580,3.4623,2.6352,3.3501,76651161,234795402.3467,720775
1602028800000,2020-10-07 00:00:00,UNI/USDT,2.7093,2.9950,2.4560,2.9558,74719910,202625859.7020,605413
1601942400000,2020-10-06 00:00:00,UNI/USDT,3.3234,3.3424,2.6211,2.7109,63109461,189162386.0582,488153
1601856000000,2020-10-05 00:00:00,UNI/USDT,3.7225,3.7958,3.1800,3.3233,35146506,121282606.5746,316964
1601769600000,2020-10-04 00:00:00,UNI/USDT,3.9035,3.9480,3.6054,3.7255,23181609,87164793.6883,259560
1601683200000,2020-10-03 00:00:00,UNI/USDT,3.8922,4.1217,3.8310,3.9012,18960474,74582687.2676,192287
1601596800000,2020-10-02 00:00:00,UNI/USDT,4.2429,4.2429,3.5602,3.8940,33521844,130428108.9849,323700
1601510400000,2020-10-01 00:00:00,UNI/USDT,4.1628,4.5185,3.9225,4.2392,39670118,167446646.1709,402629
1601424000000,2020-09-30 00:00:00,UNI/USDT,4.3883,4.3885,3.9511,4.1604,23432442,96596004.8809,236569
1601337600000,2020-09-29 00:00:00,UNI/USDT,4.2544,4.4189,4.1229,4.3884,26454732,112683808.5644,266688
1601251200000,2020-09-28 00:00:00,UNI/USDT,4.8520,4.9600,4.1758,4.2560,32567949,148349930.0076,454861
1601164800000,2020-09-27 00:00:00,UNI/USDT,4.8701,5.2183,4.6807,4.8502,31796723,156065941.5811,425814
1601078400000,2020-09-26 00:00:00,UNI/USDT,4.9090,4.9990,4.6806,4.8730,38207202,185311161.2231,533667
1600992000000,2020-09-25 00:00:00,UNI/USDT,5.1503,5.5608,4.7300,4.9089,64952833,332296224.1373,757063
1600905600000,2020-09-24 00:00:00,UNI/USDT,4.3830,5.3000,4.2517,5.1553,95798055,467962170.6010,934663
1600819200000,2020-09-23 00:00:00,UNI/USDT,3.9120,5.3343,3.9010,4.3829,141742645,642861065.0727,1275960
1600732800000,2020-09-22 00:00:00,UNI/USDT,4.2637,4.5600,3.7029,3.9101,98557117,400575226.3121,937128
1600646400000,2020-09-21 00:00:00,UNI/USDT,5.2310,5.6758,4.0700,4.2532,110039120,513374468.5250,1002796
1600560000000,2020-09-20 00:00:00,UNI/USDT,5.7321,6.0900,4.6272,5.2313,90765939,477245747.8036,1133875
1600473600000,2020-09-19 00:00:00,UNI/USDT,6.8918,7.5227,5.2368,5.7311,106389752,687012171.0178,1428119
1600387200000,2020-09-18 00:00:00,UNI/USDT,4.9638,8.7640,4.6600,6.8914,135791137,864645134.3571,1423925
