unix,date,symbol,open,high,low,close,Volume SHIB,Volume USDT,tradecount
1658275200000,2022-07-20 00:00:00,SHIB/USDT,0.00001216,0.00001221,0.00001205,0.00001209,98730187691.00,1196867.16075785,2625
1658188800000,2022-07-19 00:00:00,SHIB/USDT,0.00001196,0.00001249,0.00001141,0.00001217,9980072259689.00,119677103.32041727,252184
1658102400000,2022-07-18 00:00:00,SHIB/USDT,0.00001072,0.00001262,0.00001071,0.00001196,10934357526398.00,127732645.33740697,287486
1658016000000,2022-07-17 00:00:00,SHIB/USDT,0.00001103,0.00001117,0.00001068,0.00001073,3096665355435.00,33870124.43578212,80058
1657929600000,2022-07-16 00:00:00,SHIB/USDT,0.00001083,0.00001120,0.00001052,0.00001103,3372061751772.00,36704434.28492655,89026
1657843200000,2022-07-15 00:00:00,SHIB/USDT,0.00001060,0.00001119,0.00001049,0.00001083,4944364894810.00,53746895.26642482,115852
1657756800000,2022-07-14 00:00:00,SHIB/USDT,0.00001053,0.00001071,0.00001014,0.00001060,4276976917062.00,44663723.06592541,94568
1657670400000,2022-07-13 00:00:00,SHIB/USDT,0.00000991,0.00001056,0.00000977,0.00001054,5637196050277.00,57248424.62433757,125930
1657584000000,2022-07-12 00:00:00,SHIB/USDT,0.00001032,0.00001057,0.00000987,0.00000991,3867951872446.00,39751277.06542835,94186
1657497600000,2022-07-11 00:00:00,SHIB/USDT,0.00001121,0.00001122,0.00001020,0.00001031,4853655846719.00,52531048.94964249,104801
1657411200000,2022-07-10 00:00:00,SHIB/USDT,0.00001162,0.00001167,0.00001093,0.00001122,4424164709746.00,49754675.61843743,101045
1657324800000,2022-07-09 00:00:00,SHIB/USDT,0.00001120,0.00001190,0.00001102,0.00001162,5494678509631.00,63157218.58618115,122767
1657238400000,2022-07-08 00:00:00,SHIB/USDT,0.00001127,0.00001160,0.00001070,0.00001119,8836563870103.00,98856490.97855588,187132
1657152000000,2022-07-07 00:00:00,SHIB/USDT,0.00001046,0.00001150,0.00001043,0.00001127,6101161867576.00,66336390.11035796,136885
1657065600000,2022-07-06 00:00:00,SHIB/USDT,0.00001033,0.00001055,0.00001016,0.00001047,4069721516456.00,42278026.11202798,92694
1656979200000,2022-07-05 00:00:00,SHIB/USDT,0.00001048,0.00001099,0.00001000,0.00001033,6604401878401.00,68995620.64154908,145519
1656892800000,2022-07-04 00:00:00,SHIB/USDT,0.00001004,0.00001057,0.00000993,0.00001047,3727388343274.00,38129288.48764053,97432
1656806400000,2022-07-03 00:00:00,SHIB/USDT,0.00001008,0.00001014,0.00000976,0.00001003,2321695306208.00,23199246.72155229,67493
1656720000000,2022-07-02 00:00:00,SHIB/USDT,0.00001003,0.00001020,0.00000987,0.00001007,2413180157432.00,24264584.34527112,68717
1656633600000,2022-07-01 00:00:00,SHIB/USDT,0.00001035,0.00001061,0.00000991,0.00001003,6793666279138.00,69046196.48016196,148093
1656547200000,2022-06-30 00:00:00,SHIB/USDT,0.00001021,0.00001050,0.00000962,0.00001035,9667010710656.00,97116595.83240083,228682
1656460800000,2022-06-29 00:00:00,SHIB/USDT,0.00000998,0.00001074,0.00000953,0.00001021,9314619019288.00,93442405.98132161,207982
1656374400000,2022-06-28 00:00:00,SHIB/USDT,0.00001107,0.00001120,0.00000985,0.00000998,7213777629443.00,76650216.34129472,171537
1656288000000,2022-06-27 00:00:00,SHIB/USDT,0.00001098,0.00001173,0.00001076,0.00001108,6589164030688.00,73963719.05793346,169856
1656201600000,2022-06-26 00:00:00,SHIB/USDT,0.00001180,0.00001214,0.00001093,0.00001098,9449719269325.00,110199950.59332767,213047
1656115200000,2022-06-25 00:00:00,SHIB/USDT,0.00001083,0.00001199,0.00001071,0.00001180,14857032085882.00,170024167.39331039,304008
1656028800000,2022-06-24 00:00:00,SHIB/USDT,0.00001029,0.00001126,0.00001003,0.00001082,12355572272754.00,131979993.39883416,258158
1655942400000,2022-06-23 00:00:00,SHIB/USDT,0.00000968,0.00001045,0.00000961,0.00001029,11902718133693.00,120348856.98227258,244747
1655856000000,2022-06-22 00:00:00,SHIB/USDT,0.00001065,0.00001084,0.00000927,0.00000968,24703311375762.00,247151060.36266800,487259
1655769600000,2022-06-21 00:00:00,SHIB/USDT,0.00000811,0.00001200,0.00000801,0.00001065,33277433706018.00,341301293.63995298,764374
1655683200000,2022-06-20 00:00:00,SHIB/USDT,0.00000822,0.00000834,0.00000788,0.00000811,4117505815023.00,33365885.13231815,99147
1655596800000,2022-06-19 00:00:00,SHIB/USDT,0.00000772,0.00000835,0.00000739,0.00000822,5699473176803.00,44968458.63381737,132017
1655510400000,2022-06-18 00:00:00,SHIB/USDT,0.00000818,0.00000827,0.00000714,0.00000771,6089619542098.00,47001431.18540838,147920
1655424000000,2022-06-17 00:00:00,SHIB/USDT,0.00000798,0.00000833,0.00000794,0.00000817,3495765488339.00,28525302.49755402,92489
1655337600000,2022-06-16 00:00:00,SHIB/USDT,0.00000883,0.00000896,0.00000785,0.00000798,6198244639740.00,51385277.43561369,153710
1655251200000,2022-06-15 00:00:00,SHIB/USDT,0.00000819,0.00000889,0.00000760,0.00000883,10016230286721.00,80802694.40974865,221188
1655164800000,2022-06-14 00:00:00,SHIB/USDT,0.00000806,0.00000855,0.00000750,0.00000819,9535861978363.00,77311049.93088718,213010
1655078400000,2022-06-13 00:00:00,SHIB/USDT,0.00000859,0.00000879,0.00000742,0.00000805,14020225203009.00,111846596.59959280,305483
1654992000000,2022-06-12 00:00:00,SHIB/USDT,0.00000936,0.00000949,0.00000838,0.00000860,8545674755936.00,76037282.29509257,192629
1654905600000,2022-06-11 00:00:00,SHIB/USDT,0.00001014,0.00001036,0.00000912,0.00000935,5174734331061.00,49772594.19547080,133734
1654819200000,2022-06-10 00:00:00,SHIB/USDT,0.00001058,0.00001066,0.00001000,0.00001013,3051242393267.00,31469517.56749544,84119
1654732800000,2022-06-09 00:00:00,SHIB/USDT,0.00001059,0.00001077,0.00001042,0.00001057,2196288059439.00,23313044.49041535,63693
1654646400000,2022-06-08 00:00:00,SHIB/USDT,0.00001072,0.00001092,0.00001052,0.00001058,2691454914592.00,28754599.54196315,76151
1654560000000,2022-06-07 00:00:00,SHIB/USDT,0.00001106,0.00001120,0.00001020,0.00001073,4871592344545.00,52011049.78508308,128509
1654473600000,2022-06-06 00:00:00,SHIB/USDT,0.00001082,0.00001141,0.00001078,0.00001105,3674078167539.00,40793705.29804157,103007
1654387200000,2022-06-05 00:00:00,SHIB/USDT,0.00001089,0.00001098,0.00001068,0.00001081,1688141676223.00,18256335.15657260,54918
1654300800000,2022-06-04 00:00:00,SHIB/USDT,0.00001081,0.00001093,0.00001056,0.00001088,1766067063441.00,19047273.44176529,60116
1654214400000,2022-06-03 00:00:00,SHIB/USDT,0.00001121,0.00001125,0.00001053,0.00001080,3376168372526.00,36434704.68302791,107136
1654128000000,2022-06-02 00:00:00,SHIB/USDT,0.00001090,0.00001131,0.00001072,0.00001121,3195335268053.00,35135088.84077639,86225
1654041600000,2022-06-01 00:00:00,SHIB/USDT,0.00001174,0.00001192,0.00001052,0.00001089,5513296709607.00,62634653.58610109,146854
1653955200000,2022-05-31 00:00:00,SHIB/USDT,0.00001218,0.00001233,0.00001148,0.00001173,5504395795307.00,65298167.31990048,149806
1653868800000,2022-05-30 00:00:00,SHIB/USDT,0.00001150,0.00001248,0.00001129,0.00001217,8962213641722.00,106661280.76650757,208001
1653782400000,2022-05-29 00:00:00,SHIB/USDT,0.00001078,0.00001185,0.00001055,0.00001149,7122079062925.00,80567167.57382190,154520
1653696000000,2022-05-28 00:00:00,SHIB/USDT,0.00001047,0.00001088,0.00001041,0.00001077,2946104638823.00,31458371.72338893,79309
1653609600000,2022-05-27 00:00:00,SHIB/USDT,0.00001059,0.00001087,0.00001012,0.00001048,6949305599762.00,72895535.05005302,154478
1653523200000,2022-05-26 00:00:00,SHIB/USDT,0.00001161,0.00001171,0.00001030,0.00001059,9155914522358.00,100623102.08167998,179239
1653436800000,2022-05-25 00:00:00,SHIB/USDT,0.00001175,0.00001193,0.00001150,0.00001160,4485917046892.00,52309003.99280019,98543
1653350400000,2022-05-24 00:00:00,SHIB/USDT,0.00001168,0.00001196,0.00001125,0.00001175,5227309737575.00,60967968.39006090,111740
1653264000000,2022-05-23 00:00:00,SHIB/USDT,0.00001190,0.00001297,0.00001148,0.00001168,7514228245268.00,91908510.06152535,188068
1653177600000,2022-05-22 00:00:00,SHIB/USDT,0.00001175,0.00001207,0.00001163,0.00001190,3563054430368.00,42303135.22470001,97995
1653091200000,2022-05-21 00:00:00,SHIB/USDT,0.00001160,0.00001205,0.00001133,0.00001175,3010058371304.00,35147477.62001602,84250
1653004800000,2022-05-20 00:00:00,SHIB/USDT,0.00001183,0.00001204,0.00001130,0.00001160,4296890371714.00,50292296.24307759,113990
1652918400000,2022-05-19 00:00:00,SHIB/USDT,0.00001152,0.00001213,0.00001121,0.00001182,5407306055733.00,63187365.07158920,158033
1652832000000,2022-05-18 00:00:00,SHIB/USDT,0.00001254,0.00001267,0.00001145,0.00001152,5820343474790.00,70044781.31572653,148861
1652745600000,2022-05-17 00:00:00,SHIB/USDT,0.00001199,0.00001278,0.00001195,0.00001255,8114909810163.00,100306569.40050562,191517
1652659200000,2022-05-16 00:00:00,SHIB/USDT,0.00001305,0.00001306,0.00001174,0.00001199,7272801360235.00,88683175.16633129,185749
1652572800000,2022-05-15 00:00:00,SHIB/USDT,0.00001256,0.00001306,0.00001192,0.00001306,6988198346820.00,86865330.61975235,183563
1652486400000,2022-05-14 00:00:00,SHIB/USDT,0.00001281,0.00001372,0.00001140,0.00001255,13468466918956.00,165356885.91991605,348194
1652400000000,2022-05-13 00:00:00,SHIB/USDT,0.00001084,0.00001437,0.00001048,0.00001282,26669244048317.00,347071828.72897524,680145
1652313600000,2022-05-12 00:00:00,SHIB/USDT,0.00001205,0.00001296,0.00000907,0.00001084,26780506125377.00,292335703.43518004,714975
1652227200000,2022-05-11 00:00:00,SHIB/USDT,0.00001618,0.00001677,0.00001100,0.00001207,27918355370022.00,393156124.53899557,786431
1652140800000,2022-05-10 00:00:00,SHIB/USDT,0.00001400,0.00001797,0.00001352,0.00001618,25973859599826.00,418759484.30917280,695561
1652054400000,2022-05-09 00:00:00,SHIB/USDT,0.00001843,0.00001871,0.00001373,0.00001398,22059180510841.00,355301093.22182968,623848
1651968000000,2022-05-08 00:00:00,SHIB/USDT,0.00001927,0.00001934,0.00001823,0.00001843,7108160142821.00,132956299.11179435,189577
1651881600000,2022-05-07 00:00:00,SHIB/USDT,0.00002001,0.00002006,0.00001868,0.00001928,5027320858659.00,98673628.37961562,148784
1651795200000,2022-05-06 00:00:00,SHIB/USDT,0.00002027,0.00002038,0.00001950,0.00002001,6748275873919.00,134769998.95117188,175341
1651708800000,2022-05-05 00:00:00,SHIB/USDT,0.00002180,0.00002199,0.00001944,0.00002027,8147497653250.00,168401727.69951465,235128
1651622400000,2022-05-04 00:00:00,SHIB/USDT,0.00002031,0.00002188,0.00002026,0.00002180,6949892628809.00,145300106.34047196,195570
1651536000000,2022-05-03 00:00:00,SHIB/USDT,0.00002068,0.00002103,0.00001994,0.00002031,4768520819322.00,98057789.16592815,125580
1651449600000,2022-05-02 00:00:00,SHIB/USDT,0.00002154,0.00002175,0.00002015,0.00002067,6824606073856.00,142659656.43362495,176243
1651363200000,2022-05-01 00:00:00,SHIB/USDT,0.00002017,0.00002215,0.00001975,0.00002155,8169619792311.00,171563518.21786775,246969
1651276800000,2022-04-30 00:00:00,SHIB/USDT,0.00002221,0.00002248,0.00001837,0.00002016,8646863617875.00,182598177.62033221,278915
1651190400000,2022-04-29 00:00:00,SHIB/USDT,0.00002294,0.00002311,0.00002161,0.00002220,7887569053806.00,177071962.74064898,214053
1651104000000,2022-04-28 00:00:00,SHIB/USDT,0.00002343,0.00002353,0.00002267,0.00002294,4590640656872.00,106311407.68661357,157952
1651017600000,2022-04-27 00:00:00,SHIB/USDT,0.00002298,0.00002399,0.00002279,0.00002343,6800601845856.00,158484604.76263312,201470
1650931200000,2022-04-26 00:00:00,SHIB/USDT,0.00002432,0.00002468,0.00002256,0.00002297,7508406686357.00,178058378.32424487,265661
1650844800000,2022-04-25 00:00:00,SHIB/USDT,0.00002395,0.00002536,0.00002231,0.00002431,9831193292572.00,234346790.00125965,401704
1650758400000,2022-04-24 00:00:00,SHIB/USDT,0.00002410,0.00002437,0.00002352,0.00002396,2556203869787.00,61279074.75098929,116755
1650672000000,2022-04-23 00:00:00,SHIB/USDT,0.00002429,0.00002465,0.00002378,0.00002410,2926396898243.00,70983250.72588214,118549
1650585600000,2022-04-22 00:00:00,SHIB/USDT,0.00002431,0.00002468,0.00002398,0.00002429,3791174459062.00,92217815.10530999,147499
1650499200000,2022-04-21 00:00:00,SHIB/USDT,0.00002482,0.00002540,0.00002386,0.00002431,4991551458867.00,124032024.29930152,199565
1650412800000,2022-04-20 00:00:00,SHIB/USDT,0.00002542,0.00002587,0.00002461,0.00002483,6110090477200.00,154176646.34958130,237432
1650326400000,2022-04-19 00:00:00,SHIB/USDT,0.00002524,0.00002561,0.00002486,0.00002542,4669781705156.00,117793461.43098998,185207
1650240000000,2022-04-18 00:00:00,SHIB/USDT,0.00002464,0.00002537,0.00002362,0.00002523,7008164551766.00,171978955.18440293,264778
1650153600000,2022-04-17 00:00:00,SHIB/USDT,0.00002559,0.00002606,0.00002441,0.00002465,3895659166230.00,99513189.26034164,171362
1650067200000,2022-04-16 00:00:00,SHIB/USDT,0.00002590,0.00002608,0.00002525,0.00002559,2777177962439.00,71430595.90154643,122547
1649980800000,2022-04-15 00:00:00,SHIB/USDT,0.00002578,0.00002625,0.00002545,0.00002590,3582331240344.00,92729472.82538298,154451
1649894400000,2022-04-14 00:00:00,SHIB/USDT,0.00002693,0.00002744,0.00002519,0.00002578,10912450704907.00,286618899.74676909,406895
1649808000000,2022-04-13 00:00:00,SHIB/USDT,0.00002695,0.00002815,0.00002562,0.00002694,17024710600151.00,454888315.74945955,740374
1649721600000,2022-04-12 00:00:00,SHIB/USDT,0.00002217,0.00003000,0.00002191,0.00002700,37619440140686.00,1001179036.20542813,1635306
1649635200000,2022-04-11 00:00:00,SHIB/USDT,0.00002446,0.00002463,0.00002183,0.00002218,6047011810726.00,140777535.97489630,258005
1649548800000,2022-04-10 00:00:00,SHIB/USDT,0.00002459,0.00002544,0.00002436,0.00002446,3886000103844.00,96592264.33347290,187182
1649462400000,2022-04-09 00:00:00,SHIB/USDT,0.00002381,0.00002463,0.00002368,0.00002459,3006853678345.00,72204242.80664678,128714
1649376000000,2022-04-08 00:00:00,SHIB/USDT,0.00002479,0.00002517,0.00002350,0.00002381,4060989111900.00,99477598.00798468,187848
1649289600000,2022-04-07 00:00:00,SHIB/USDT,0.00002435,0.00002527,0.00002390,0.00002479,4622592258759.00,113994103.77785019,218562
1649203200000,2022-04-06 00:00:00,SHIB/USDT,0.00002675,0.00002683,0.00002416,0.00002436,8824295978042.00,223627624.37053203,457892
1649116800000,2022-04-05 00:00:00,SHIB/USDT,0.00002645,0.00002847,0.00002621,0.00002676,10735621800964.00,290965071.95422543,517884
1649030400000,2022-04-04 00:00:00,SHIB/USDT,0.00002683,0.00002754,0.00002557,0.00002645,7867944752555.00,209464885.41551058,383632
1648944000000,2022-04-03 00:00:00,SHIB/USDT,0.00002580,0.00002737,0.00002550,0.00002683,6031203935598.00,160291738.57321940,297957
1648857600000,2022-04-02 00:00:00,SHIB/USDT,0.00002615,0.00002750,0.00002570,0.00002582,9388735708266.00,250743232.39561221,452646
1648771200000,2022-04-01 00:00:00,SHIB/USDT,0.00002584,0.00002650,0.00002458,0.00002614,7918586384278.00,203136386.37572220,361237
1648684800000,2022-03-31 00:00:00,SHIB/USDT,0.00002745,0.00002809,0.00002548,0.00002585,9357366814095.00,251127388.20216230,399092
1648598400000,2022-03-30 00:00:00,SHIB/USDT,0.00002735,0.00002866,0.00002617,0.00002744,10292358352347.00,282181997.85153029,474380
1648512000000,2022-03-29 00:00:00,SHIB/USDT,0.00002652,0.00002844,0.00002635,0.00002736,11937993341335.00,326438664.91733443,543647
1648425600000,2022-03-28 00:00:00,SHIB/USDT,0.00002557,0.00002966,0.00002527,0.00002653,23175961783807.00,642182052.63010009,1096347
1648339200000,2022-03-27 00:00:00,SHIB/USDT,0.00002441,0.00002567,0.00002414,0.00002557,7035606517160.00,174705889.76712951,273607
1648252800000,2022-03-26 00:00:00,SHIB/USDT,0.00002412,0.00002474,0.00002389,0.00002442,3668048607521.00,89353033.04584519,146279
1648166400000,2022-03-25 00:00:00,SHIB/USDT,0.00002469,0.00002542,0.00002352,0.00002412,8492467652406.00,209051596.23213545,315944
1648080000000,2022-03-24 00:00:00,SHIB/USDT,0.00002441,0.00002535,0.00002404,0.00002468,9304879663259.00,229764408.83296306,375399
1647993600000,2022-03-23 00:00:00,SHIB/USDT,0.00002344,0.00002510,0.00002306,0.00002442,9036438627405.00,216740268.51100229,332746
1647907200000,2022-03-22 00:00:00,SHIB/USDT,0.00002293,0.00002406,0.00002289,0.00002345,7380493644921.00,174211324.22816482,251002
1647820800000,2022-03-21 00:00:00,SHIB/USDT,0.00002311,0.00002347,0.00002230,0.00002292,5484288899082.00,125782409.09502433,199822
1647734400000,2022-03-20 00:00:00,SHIB/USDT,0.00002412,0.00002446,0.00002253,0.00002311,8610233047747.00,202081734.96792009,299779
1647648000000,2022-03-19 00:00:00,SHIB/USDT,0.00002234,0.00002555,0.00002218,0.00002413,14573535480155.00,350366675.31269023,586796
1647561600000,2022-03-18 00:00:00,SHIB/USDT,0.00002217,0.00002267,0.00002165,0.00002233,5025429692630.00,110941870.16507979,188372
1647475200000,2022-03-17 00:00:00,SHIB/USDT,0.00002273,0.00002281,0.00002206,0.00002218,4181968881923.00,93948557.06436217,155465
1647388800000,2022-03-16 00:00:00,SHIB/USDT,0.00002161,0.00002275,0.00002150,0.00002273,6407012878302.00,141163851.77548205,225996
1647302400000,2022-03-15 00:00:00,SHIB/USDT,0.00002203,0.00002212,0.00002124,0.00002162,3840480904604.00,83128654.90442985,155956
1647216000000,2022-03-14 00:00:00,SHIB/USDT,0.00002150,0.00002247,0.00002128,0.00002202,4461484140960.00,97380392.07320704,164773
1647129600000,2022-03-13 00:00:00,SHIB/USDT,0.00002213,0.00002328,0.00002120,0.00002150,4989808629966.00,111150786.21490944,188805
1647043200000,2022-03-12 00:00:00,SHIB/USDT,0.00002206,0.00002273,0.00002201,0.00002213,3129075300132.00,69915857.08465195,121616
1646956800000,2022-03-11 00:00:00,SHIB/USDT,0.00002260,0.00002312,0.00002187,0.00002205,5938952440169.00,133055656.88920426,244993
1646870400000,2022-03-10 00:00:00,SHIB/USDT,0.00002384,0.00002390,0.00002235,0.00002260,6624736390229.00,151491941.25129023,301427
1646784000000,2022-03-09 00:00:00,SHIB/USDT,0.00002291,0.00002460,0.00002287,0.00002385,7043230643998.00,168893976.69229114,303534
1646697600000,2022-03-08 00:00:00,SHIB/USDT,0.00002279,0.00002355,0.00002248,0.00002291,4986047516070.00,115079422.15560783,184066
1646611200000,2022-03-07 00:00:00,SHIB/USDT,0.00002352,0.00002388,0.00002218,0.00002280,6560826061890.00,151671634.28701982,299632
1646524800000,2022-03-06 00:00:00,SHIB/USDT,0.00002462,0.00002480,0.00002341,0.00002352,4414630243609.00,105646423.19272713,173278
1646438400000,2022-03-05 00:00:00,SHIB/USDT,0.00002358,0.00002499,0.00002310,0.00002462,5035468153658.00,121781863.99504179,223896
1646352000000,2022-03-04 00:00:00,SHIB/USDT,0.00002506,0.00002526,0.00002305,0.00002358,7666077240403.00,186869973.86932054,272162
1646265600000,2022-03-03 00:00:00,SHIB/USDT,0.00002591,0.00002618,0.00002445,0.00002506,7046341342356.00,178921854.66832435,270461
1646179200000,2022-03-02 00:00:00,SHIB/USDT,0.00002713,0.00002719,0.00002552,0.00002590,10182047088383.00,268761414.71250561,398899
1646092800000,2022-03-01 00:00:00,SHIB/USDT,0.00002580,0.00002861,0.00002534,0.00002713,15259271232127.00,406305959.90552001,674685
1646006400000,2022-02-28 00:00:00,SHIB/USDT,0.00002343,0.00002600,0.00002280,0.00002579,11816707981977.00,289610873.94368961,403004
1645920000000,2022-02-27 00:00:00,SHIB/USDT,0.00002445,0.00002502,0.00002306,0.00002342,9268099878622.00,222283493.58576995,309564
1645833600000,2022-02-26 00:00:00,SHIB/USDT,0.00002488,0.00002595,0.00002420,0.00002444,8101142463609.00,201287638.63557659,308411
1645747200000,2022-02-25 00:00:00,SHIB/USDT,0.00002385,0.00002509,0.00002302,0.00002488,13528494448667.00,327100575.57892701,466097
1645660800000,2022-02-24 00:00:00,SHIB/USDT,0.00002486,0.00002532,0.00002071,0.00002384,29891042605376.00,681050991.69576720,991239
1645574400000,2022-02-23 00:00:00,SHIB/USDT,0.00002495,0.00002740,0.00002457,0.00002486,14197749061908.00,368983237.46464554,595644
1645488000000,2022-02-22 00:00:00,SHIB/USDT,0.00002404,0.00002527,0.00002310,0.00002495,11289730166885.00,273583797.38848272,398263
1645401600000,2022-02-21 00:00:00,SHIB/USDT,0.00002547,0.00002755,0.00002392,0.00002405,14980148181281.00,391464225.25504865,619442
1645315200000,2022-02-20 00:00:00,SHIB/USDT,0.00002748,0.00002760,0.00002489,0.00002547,8355800773126.00,214329799.21826132,399849
1645228800000,2022-02-19 00:00:00,SHIB/USDT,0.00002811,0.00002895,0.00002692,0.00002749,5856789978190.00,163525669.32223125,304368
1645142400000,2022-02-18 00:00:00,SHIB/USDT,0.00002820,0.00002996,0.00002780,0.00002810,9542971162745.00,274037019.81913757,427901
1645056000000,2022-02-17 00:00:00,SHIB/USDT,0.00003092,0.00003253,0.00002770,0.00002820,14652599105651.00,443995914.69207374,748238
1644969600000,2022-02-16 00:00:00,SHIB/USDT,0.00003125,0.00003160,0.00002990,0.00003092,7378826484346.00,226347192.30204700,421597
1644883200000,2022-02-15 00:00:00,SHIB/USDT,0.00002958,0.00003184,0.00002954,0.00003124,9424765276333.00,291298854.69270317,469065
1644796800000,2022-02-14 00:00:00,SHIB/USDT,0.00003013,0.00003087,0.00002860,0.00002957,9422096053384.00,279954458.70966780,484200
1644710400000,2022-02-13 00:00:00,SHIB/USDT,0.00002914,0.00003222,0.00002836,0.00003013,13173453959060.00,401023965.83854668,692802
1644624000000,2022-02-12 00:00:00,SHIB/USDT,0.00002870,0.00002981,0.00002743,0.00002914,10836083960652.00,311212431.58246023,508462
1644537600000,2022-02-11 00:00:00,SHIB/USDT,0.00003083,0.00003239,0.00002790,0.00002870,13095018731265.00,398041000.20487769,650921
1644451200000,2022-02-10 00:00:00,SHIB/USDT,0.00003295,0.00003372,0.00003052,0.00003083,15245288980540.00,489641917.74377191,801607
1644364800000,2022-02-09 00:00:00,SHIB/USDT,0.00003097,0.00003411,0.00003042,0.00003294,18285704329618.00,593380317.66546863,1061008
1644278400000,2022-02-08 00:00:00,SHIB/USDT,0.00003256,0.00003510,0.00002942,0.00003096,29706414973993.00,953256090.93933084,1731952
1644192000000,2022-02-07 00:00:00,SHIB/USDT,0.00002848,0.00003523,0.00002707,0.00003256,37635970092976.00,1179482497.62104030,2498985
1644105600000,2022-02-06 00:00:00,SHIB/USDT,0.00002249,0.00002900,0.00002223,0.00002849,18128679133898.00,473459037.32861276,1139100
1644019200000,2022-02-05 00:00:00,SHIB/USDT,0.00002219,0.00002388,0.00002203,0.00002250,7828547973896.00,179649712.08895663,387336
1643932800000,2022-02-04 00:00:00,SHIB/USDT,0.00002075,0.00002232,0.00002052,0.00002219,6004843784896.00,128827800.05508198,257748
1643846400000,2022-02-03 00:00:00,SHIB/USDT,0.00002061,0.00002085,0.00002013,0.00002075,3687629060401.00,75704218.16101972,152774
1643760000000,2022-02-02 00:00:00,SHIB/USDT,0.00002168,0.00002189,0.00002028,0.00002061,4563139920675.00,96527302.28801321,221235
1643673600000,2022-02-01 00:00:00,SHIB/USDT,0.00002143,0.00002200,0.00002113,0.00002168,4205647406522.00,91095906.97033475,212982
1643587200000,2022-01-31 00:00:00,SHIB/USDT,0.00002110,0.00002158,0.00002005,0.00002142,4349424740029.00,91018271.35278607,198737
1643500800000,2022-01-30 00:00:00,SHIB/USDT,0.00002167,0.00002220,0.00002083,0.00002110,4188370400634.00,90306995.56622512,198490
1643414400000,2022-01-29 00:00:00,SHIB/USDT,0.00002122,0.00002240,0.00002112,0.00002167,4817295140441.00,104117936.39225376,238222
1643328000000,2022-01-28 00:00:00,SHIB/USDT,0.00002127,0.00002141,0.00002035,0.00002122,4613886313214.00,96575061.90391609,208938
1643241600000,2022-01-27 00:00:00,SHIB/USDT,0.00002110,0.00002181,0.00001994,0.00002128,7878550347411.00,164154890.41919560,311802
1643155200000,2022-01-26 00:00:00,SHIB/USDT,0.00002102,0.00002353,0.00002048,0.00002110,11436666012607.00,250203004.73251803,481339
1643068800000,2022-01-25 00:00:00,SHIB/USDT,0.00002119,0.00002165,0.00002003,0.00002101,10538059274252.00,220505103.27130688,393767
1642982400000,2022-01-24 00:00:00,SHIB/USDT,0.00002246,0.00002329,0.00001865,0.00002120,21158252191330.00,432464613.55461705,718831
1642896000000,2022-01-23 00:00:00,SHIB/USDT,0.00002053,0.00002370,0.00002044,0.00002246,18365277383606.00,408667933.84700392,680131
1642809600000,2022-01-22 00:00:00,SHIB/USDT,0.00002224,0.00002252,0.00001704,0.00002053,26005741167735.00,513169012.01526318,873444
1642723200000,2022-01-21 00:00:00,SHIB/USDT,0.00002644,0.00002684,0.00002158,0.00002224,13138218492658.00,320879809.72697271,588438
1642636800000,2022-01-20 00:00:00,SHIB/USDT,0.00002727,0.00002881,0.00002624,0.00002644,4803835576316.00,133199765.61928034,268026
1642550400000,2022-01-19 00:00:00,SHIB/USDT,0.00002806,0.00002827,0.00002708,0.00002726,4069566726663.00,112729651.81082134,214077
1642464000000,2022-01-18 00:00:00,SHIB/USDT,0.00002882,0.00002955,0.00002743,0.00002806,5749404920409.00,161979908.94769022,275212
1642377600000,2022-01-17 00:00:00,SHIB/USDT,0.00003049,0.00003058,0.00002825,0.00002882,4753892667789.00,138716058.65446787,279550
1642291200000,2022-01-16 00:00:00,SHIB/USDT,0.00003083,0.00003102,0.00003008,0.00003049,3710941080855.00,113179157.29932834,216095
1642204800000,2022-01-15 00:00:00,SHIB/USDT,0.00003078,0.00003151,0.00003052,0.00003083,4187869362247.00,129951460.55713851,235846
1642118400000,2022-01-14 00:00:00,SHIB/USDT,0.00002965,0.00003260,0.00002925,0.00003078,9899541935215.00,308127961.30378165,521020
1642032000000,2022-01-13 00:00:00,SHIB/USDT,0.00003146,0.00003290,0.00002921,0.00002966,10672591654830.00,331285331.87370717,561926
1641945600000,2022-01-12 00:00:00,SHIB/USDT,0.00002762,0.00003269,0.00002754,0.00003145,10396862396461.00,319093429.56711954,660352
1641859200000,2022-01-11 00:00:00,SHIB/USDT,0.00002669,0.00002829,0.00002631,0.00002763,6267275795414.00,171060064.36661974,323813
1641772800000,2022-01-10 00:00:00,SHIB/USDT,0.00002826,0.00002873,0.00002537,0.00002669,7350541798203.00,198173319.91671815,358646
1641686400000,2022-01-09 00:00:00,SHIB/USDT,0.00002772,0.00002911,0.00002749,0.00002825,4330381452616.00,122885676.72809570,247854
1641600000000,2022-01-08 00:00:00,SHIB/USDT,0.00002901,0.00002993,0.00002641,0.00002772,6977091134719.00,196571076.41143113,399373
1641513600000,2022-01-07 00:00:00,SHIB/USDT,0.00003074,0.00003087,0.00002846,0.00002901,7813269018383.00,229382715.67198935,423205
1641427200000,2022-01-06 00:00:00,SHIB/USDT,0.00003037,0.00003183,0.00002915,0.00003075,6550552744516.00,197266608.95637448,409263
1641340800000,2022-01-05 00:00:00,SHIB/USDT,0.00003242,0.00003300,0.00002858,0.00003038,7335407224940.00,229111533.07511245,490542
1641254400000,2022-01-04 00:00:00,SHIB/USDT,0.00003305,0.00003350,0.00003227,0.00003243,4074428519347.00,133959125.49905803,259193
1641168000000,2022-01-03 00:00:00,SHIB/USDT,0.00003401,0.00003410,0.00003214,0.00003304,3940445529472.00,131417289.07105476,278471
1641081600000,2022-01-02 00:00:00,SHIB/USDT,0.00003415,0.00003445,0.00003344,0.00003401,3222778208768.00,109326225.85073449,208904
1640995200000,2022-01-01 00:00:00,SHIB/USDT,0.00003337,0.00003420,0.00003334,0.00003415,3309069024700.00,111916222.58982173,188684
1640908800000,2021-12-31 00:00:00,SHIB/USDT,0.00003375,0.00003465,0.00003262,0.00003337,5588760741830.00,189122029.91624786,313951
1640822400000,2021-12-30 00:00:00,SHIB/USDT,0.00003365,0.00003437,0.00003291,0.00003375,5909793866171.00,199765154.92930951,327472
1640736000000,2021-12-29 00:00:00,SHIB/USDT,0.00003492,0.00003628,0.00003310,0.00003364,7525221418332.00,260766430.57314476,419421
1640649600000,2021-12-28 00:00:00,SHIB/USDT,0.00003908,0.00003909,0.00003413,0.00003493,11630101084580.00,420666315.24610855,661420
1640563200000,2021-12-27 00:00:00,SHIB/USDT,0.00003825,0.00003948,0.00003773,0.00003909,7498190711387.00,289574571.60243575,508076
1640476800000,2021-12-26 00:00:00,SHIB/USDT,0.00003771,0.00003901,0.00003656,0.00003824,7452470698714.00,282156998.74060109,468482
1640390400000,2021-12-25 00:00:00,SHIB/USDT,0.00003620,0.00003833,0.00003587,0.00003771,7003413956521.00,260406871.37489529,447736
1640304000000,2021-12-24 00:00:00,SHIB/USDT,0.00003868,0.00003987,0.00003574,0.00003620,12255885463341.00,466489859.14913652,846043
1640217600000,2021-12-23 00:00:00,SHIB/USDT,0.00003503,0.00003900,0.00003440,0.00003868,13840251162142.00,503464841.75138153,904178
1640131200000,2021-12-22 00:00:00,SHIB/USDT,0.00003284,0.00003785,0.00003250,0.00003503,17151083407511.00,608613634.18895309,1168295
1640044800000,2021-12-21 00:00:00,SHIB/USDT,0.00003123,0.00003350,0.00003096,0.00003283,10163337551738.00,329090259.99146392,586347
1639958400000,2021-12-20 00:00:00,SHIB/USDT,0.00003077,0.00003376,0.00002824,0.00003122,14110247605977.00,429767992.73304994,786474
1639872000000,2021-12-19 00:00:00,SHIB/USDT,0.00003141,0.00003188,0.00003062,0.00003077,3629833552408.00,113786023.26675448,233554
1639785600000,2021-12-18 00:00:00,SHIB/USDT,0.00003116,0.00003218,0.00003077,0.00003141,4684460158353.00,147719648.80494740,276069
1639699200000,2021-12-17 00:00:00,SHIB/USDT,0.00003271,0.00003319,0.00003019,0.00003115,8737902925639.00,276544169.19062065,475405
1639612800000,2021-12-16 00:00:00,SHIB/USDT,0.00003381,0.00003463,0.00003262,0.00003271,6375860336750.00,214989879.41845875,380031
1639526400000,2021-12-15 00:00:00,SHIB/USDT,0.00003397,0.00003439,0.00003190,0.00003381,8094411561817.00,270709908.40977680,478913
1639440000000,2021-12-14 00:00:00,SHIB/USDT,0.00003290,0.00003564,0.00003242,0.00003398,10372525282477.00,349784524.31793105,616977
1639353600000,2021-12-13 00:00:00,SHIB/USDT,0.00003657,0.00003684,0.00003156,0.00003290,11057228801145.00,377059192.18913462,658537
1639267200000,2021-12-12 00:00:00,SHIB/USDT,0.00003444,0.00003785,0.00003377,0.00003656,9818391204458.00,353555702.56127946,624184
1639180800000,2021-12-11 00:00:00,SHIB/USDT,0.00003344,0.00003501,0.00003309,0.00003443,6138308218184.00,208811490.44464510,348568
1639094400000,2021-12-10 00:00:00,SHIB/USDT,0.00003466,0.00003618,0.00003333,0.00003346,6951538947284.00,242340813.49743356,418165
1639008000000,2021-12-09 00:00:00,SHIB/USDT,0.00003696,0.00003729,0.00003417,0.00003466,7367061258732.00,265280141.51433573,465431
1638921600000,2021-12-08 00:00:00,SHIB/USDT,0.00003624,0.00003763,0.00003558,0.00003698,8178198224933.00,300630272.72534003,500601
1638835200000,2021-12-07 00:00:00,SHIB/USDT,0.00003677,0.00003878,0.00003561,0.00003625,12814215878129.00,479463613.72844692,739370
1638748800000,2021-12-06 00:00:00,SHIB/USDT,0.00003623,0.00003759,0.00003269,0.00003677,16312440144399.00,568909832.06104342,879902
1638662400000,2021-12-05 00:00:00,SHIB/USDT,0.00003639,0.00003830,0.00003409,0.00003622,16897500204393.00,611823349.99498059,931952
1638576000000,2021-12-04 00:00:00,SHIB/USDT,0.00004038,0.00004050,0.00002952,0.00003639,30155152339504.00,1087439013.02182667,1859622
1638489600000,2021-12-03 00:00:00,SHIB/USDT,0.00004219,0.00004485,0.00003900,0.00004039,17789846643917.00,745010566.57420163,1329307
1638403200000,2021-12-02 00:00:00,SHIB/USDT,0.00004414,0.00004423,0.00004100,0.00004220,13534745809501.00,576144514.66871241,937393
1638316800000,2021-12-01 00:00:00,SHIB/USDT,0.00004745,0.00004878,0.00004351,0.00004414,21815023771725.00,1000015362.43708685,1622186
1638230400000,2021-11-30 00:00:00,SHIB/USDT,0.00004522,0.00005435,0.00004331,0.00004744,57387780567997.00,2812416863.18911987,5324373
1638144000000,2021-11-29 00:00:00,SHIB/USDT,0.00003911,0.00004586,0.00003830,0.00004522,22898513123075.00,952266681.96802718,1685579
1638057600000,2021-11-28 00:00:00,SHIB/USDT,0.00003920,0.00003956,0.00003620,0.00003911,13321003110788.00,504626054.01466721,723434
1637971200000,2021-11-27 00:00:00,SHIB/USDT,0.00003866,0.00004168,0.00003816,0.00003920,13650192851497.00,540232710.00436856,869701
1637884800000,2021-11-26 00:00:00,SHIB/USDT,0.00004270,0.00004288,0.00003560,0.00003867,24840878969548.00,969922511.41600587,1551772
1637798400000,2021-11-25 00:00:00,SHIB/USDT,0.00003785,0.00004792,0.00003765,0.00004269,38170738924639.00,1615973712.66006791,2958463
1637712000000,2021-11-24 00:00:00,SHIB/USDT,0.00004190,0.00004285,0.00003602,0.00003785,23189495605733.00,899360667.08457101,1502745
1637625600000,2021-11-23 00:00:00,SHIB/USDT,0.00004324,0.00004452,0.00004101,0.00004190,11307551259265.00,480128042.20024967,851546
1637539200000,2021-11-22 00:00:00,SHIB/USDT,0.00004412,0.00004626,0.00004270,0.00004325,10770820744731.00,475990194.86068803,828732
1637452800000,2021-11-21 00:00:00,SHIB/USDT,0.00004766,0.00004774,0.00004346,0.00004411,9714699482601.00,442606652.38218464,790897
1637366400000,2021-11-20 00:00:00,SHIB/USDT,0.00004850,0.00005000,0.00004554,0.00004766,14565274718156.00,695416185.07331513,1064396
1637280000000,2021-11-19 00:00:00,SHIB/USDT,0.00004252,0.00005217,0.00004177,0.00004851,24145782947742.00,1144454725.27850870,2030169
1637193600000,2021-11-18 00:00:00,SHIB/USDT,0.00004815,0.00004900,0.00004051,0.00004251,20861636622974.00,924862344.35971160,1475132
1637107200000,2021-11-17 00:00:00,SHIB/USDT,0.00004831,0.00004988,0.00004663,0.00004814,12075458758914.00,583634522.64105402,867562
1637020800000,2021-11-16 00:00:00,SHIB/USDT,0.00005343,0.00005354,0.00004510,0.00004831,21365363650600.00,1062063717.15035479,1799109
1636934400000,2021-11-15 00:00:00,SHIB/USDT,0.00005314,0.00005599,0.00005228,0.00005343,12771755191144.00,688592672.76648179,1204034
1636848000000,2021-11-14 00:00:00,SHIB/USDT,0.00005168,0.00005640,0.00005153,0.00005314,12715968872848.00,678529038.18119847,1193569
1636761600000,2021-11-13 00:00:00,SHIB/USDT,0.00005235,0.00005280,0.00005055,0.00005168,8134280391784.00,420456401.25692239,698085
1636675200000,2021-11-12 00:00:00,SHIB/USDT,0.00005654,0.00005698,0.00005133,0.00005235,14700043529290.00,780430217.09782624,1234752
1636588800000,2021-11-11 00:00:00,SHIB/USDT,0.00005026,0.00005798,0.00004833,0.00005654,28850178484019.00,1554609933.56459452,2798822
1636502400000,2021-11-10 00:00:00,SHIB/USDT,0.00005485,0.00005525,0.00004600,0.00005027,23066467501868.00,1177694499.99089280,2039090
1636416000000,2021-11-09 00:00:00,SHIB/USDT,0.00005516,0.00005850,0.00005330,0.00005484,15798759852983.00,885080652.93079500,1512610
1636329600000,2021-11-08 00:00:00,SHIB/USDT,0.00005690,0.00005900,0.00005272,0.00005517,24005429554564.00,1332373950.55036532,2162052
1636243200000,2021-11-07 00:00:00,SHIB/USDT,0.00005861,0.00005968,0.00005584,0.00005690,16270271381514.00,936511606.42055249,1304836
1636156800000,2021-11-06 00:00:00,SHIB/USDT,0.00006257,0.00006314,0.00005490,0.00005862,34371921859656.00,2019795284.94348351,3181696
1636070400000,2021-11-05 00:00:00,SHIB/USDT,0.00004938,0.00006547,0.00004541,0.00006256,64343495731005.00,3559828117.55609292,5683924
1635984000000,2021-11-04 00:00:00,SHIB/USDT,0.00005546,0.00006097,0.00004312,0.00004937,69434105433938.00,3550732772.61078094,5582577
1635897600000,2021-11-03 00:00:00,SHIB/USDT,0.00006919,0.00006922,0.00005286,0.00005547,28257239394032.00,1756712299.60295208,3066892
1635811200000,2021-11-02 00:00:00,SHIB/USDT,0.00007150,0.00007296,0.00006650,0.00006918,18612476991846.00,1296747965.93953919,2124919
1635724800000,2021-11-01 00:00:00,SHIB/USDT,0.00006697,0.00007494,0.00006570,0.00007150,29336188952630.00,2096234818.63045998,3534873
1635638400000,2021-10-31 00:00:00,SHIB/USDT,0.00006531,0.00006959,0.00005808,0.00006697,31386990549782.00,2041457133.20528239,3340648
1635552000000,2021-10-30 00:00:00,SHIB/USDT,0.00007489,0.00007800,0.00006150,0.00006532,32594253338226.00,2309245348.97732161,3502900
1635465600000,2021-10-29 00:00:00,SHIB/USDT,0.00006886,0.00007747,0.00006100,0.00007490,57543502861683.00,4064788414.80607408,6291721
1635379200000,2021-10-28 00:00:00,SHIB/USDT,0.00007906,0.00008854,0.00005700,0.00006887,137183379558887.00,9822313807.59510128,14970382
1635292800000,2021-10-27 00:00:00,SHIB/USDT,0.00004797,0.00008800,0.00004650,0.00007906,159140214097788.00,10287386183.62505449,15920580
1635206400000,2021-10-26 00:00:00,SHIB/USDT,0.00004229,0.00004960,0.00004044,0.00004796,65185354432996.00,2995136959.30904892,4809042
1635120000000,2021-10-25 00:00:00,SHIB/USDT,0.00003605,0.00004365,0.00003493,0.00004230,55683030231723.00,2228870508.40949898,3626139
1635033600000,2021-10-24 00:00:00,SHIB/USDT,0.00003384,0.00004465,0.00003286,0.00003605,122382291462285.00,4780455970.15253840,8160494
1634947200000,2021-10-23 00:00:00,SHIB/USDT,0.00002794,0.00003460,0.00002759,0.00003384,41345879310820.00,1322130529.71626082,2653695
1634860800000,2021-10-22 00:00:00,SHIB/USDT,0.00002747,0.00002850,0.00002702,0.00002794,10640093014043.00,294584689.50123586,517992
1634774400000,2021-10-21 00:00:00,SHIB/USDT,0.00002923,0.00002924,0.00002700,0.00002748,13483291830586.00,380404456.85046315,681966
1634688000000,2021-10-20 00:00:00,SHIB/USDT,0.00002803,0.00002960,0.00002716,0.00002922,14694030377294.00,413100186.04755072,750592
1634601600000,2021-10-19 00:00:00,SHIB/USDT,0.00002864,0.00002919,0.00002753,0.00002802,15274666838352.00,431268344.68195004,614030
1634515200000,2021-10-18 00:00:00,SHIB/USDT,0.00002775,0.00002963,0.00002638,0.00002863,40183178302256.00,1130698978.49515725,1856048
1634428800000,2021-10-17 00:00:00,SHIB/USDT,0.00002570,0.00002900,0.00002370,0.00002774,21922530954957.00,579335614.08744049,1106113
1634342400000,2021-10-16 00:00:00,SHIB/USDT,0.00002525,0.00002660,0.00002470,0.00002571,18385780924499.00,472318358.31287298,760668
1634256000000,2021-10-15 00:00:00,SHIB/USDT,0.00002742,0.00002757,0.00002333,0.00002525,44396951959423.00,1131688623.19107972,1805571
1634169600000,2021-10-14 00:00:00,SHIB/USDT,0.00002907,0.00002985,0.00002600,0.00002743,26305044296516.00,742490241.15290933,1157940
1634083200000,2021-10-13 00:00:00,SHIB/USDT,0.00002903,0.00003073,0.00002757,0.00002907,27877783172087.00,805872009.53015673,1096368
1633996800000,2021-10-12 00:00:00,SHIB/USDT,0.00003065,0.00003160,0.00002732,0.00002904,48794059445218.00,1437806654.33428562,2017213
1633910400000,2021-10-11 00:00:00,SHIB/USDT,0.00002613,0.00003200,0.00002580,0.00003065,72557577941657.00,2141560518.15232696,3156616
1633824000000,2021-10-10 00:00:00,SHIB/USDT,0.00002669,0.00002787,0.00002506,0.00002613,36095792941358.00,952498859.87955709,1429700
1633737600000,2021-10-09 00:00:00,SHIB/USDT,0.00002726,0.00003020,0.00002442,0.00002670,69429324203926.00,1898840615.01748088,2692026
1633651200000,2021-10-08 00:00:00,SHIB/USDT,0.00002291,0.00002950,0.00002060,0.00002725,138378491441526.00,3509457903.77462336,4850472
1633564800000,2021-10-07 00:00:00,SHIB/USDT,0.00002787,0.00003528,0.00002058,0.00002290,246104304402694.00,6989917012.88307477,8863149
1633478400000,2021-10-06 00:00:00,SHIB/USDT,0.00001732,0.00002893,0.00001657,0.00002787,190443300967866.00,4365178584.02428550,6057008
1633392000000,2021-10-05 00:00:00,SHIB/USDT,0.00001348,0.00002010,0.00001211,0.00001732,185823916847976.00,3018023292.15878852,4378857
1633305600000,2021-10-04 00:00:00,SHIB/USDT,0.00000855,0.00001514,0.00000820,0.00001348,136519031183358.00,1609851558.71828011,2862583
1633219200000,2021-10-03 00:00:00,SHIB/USDT,0.00000787,0.00000903,0.00000765,0.00000854,19124476642927.00,160913209.14784059,414526
1633132800000,2021-10-02 00:00:00,SHIB/USDT,0.00000770,0.00000824,0.00000742,0.00000786,9152821421315.00,71638475.41729811,197547
1633046400000,2021-10-01 00:00:00,SHIB/USDT,0.00000721,0.00000779,0.00000716,0.00000770,7521795638115.00,56177804.44504189,150513
1632960000000,2021-09-30 00:00:00,SHIB/USDT,0.00000702,0.00000743,0.00000700,0.00000720,5130361477431.00,36843396.87748742,100085
1632873600000,2021-09-29 00:00:00,SHIB/USDT,0.00000697,0.00000716,0.00000692,0.00000701,3843625415450.00,27131698.11996875,73056
1632787200000,2021-09-28 00:00:00,SHIB/USDT,0.00000697,0.00000717,0.00000682,0.00000698,5063715106092.00,35369049.65053179,89217
1632700800000,2021-09-27 00:00:00,SHIB/USDT,0.00000710,0.00000726,0.00000689,0.00000698,4576274528727.00,32525559.91679706,91163
1632614400000,2021-09-26 00:00:00,SHIB/USDT,0.00000732,0.00000732,0.00000682,0.00000710,6575564283425.00,46612192.81774969,125466
1632528000000,2021-09-25 00:00:00,SHIB/USDT,0.00000738,0.00000760,0.00000711,0.00000732,6209389568644.00,45590467.53714746,120187
1632441600000,2021-09-24 00:00:00,SHIB/USDT,0.00000763,0.00000787,0.00000673,0.00000737,15148155674182.00,110033952.85164167,241874
1632355200000,2021-09-23 00:00:00,SHIB/USDT,0.00000724,0.00000774,0.00000710,0.00000763,13150788315356.00,98352204.39040437,214727
1632268800000,2021-09-22 00:00:00,SHIB/USDT,0.00000688,0.00000732,0.00000684,0.00000725,8495249730286.00,60351749.41908338,147647
1632182400000,2021-09-21 00:00:00,SHIB/USDT,0.00000702,0.00000733,0.00000660,0.00000687,13566078883742.00,94643013.94006189,201023
1632096000000,2021-09-20 00:00:00,SHIB/USDT,0.00000808,0.00000812,0.00000680,0.00000702,21866883365822.00,160318126.78745796,318307
1632009600000,2021-09-19 00:00:00,SHIB/USDT,0.00000784,0.00000838,0.00000736,0.00000808,19919168822209.00,158533820.05216882,321993
1631923200000,2021-09-18 00:00:00,SHIB/USDT,0.00000844,0.00000864,0.00000761,0.00000784,16665068906755.00,134004847.97267126,274934
1631836800000,2021-09-17 00:00:00,SHIB/USDT,0.00000854,0.00000950,0.00000811,0.00000844,57960174983072.00,508238868.85480806,1021931
1631750400000,2021-09-16 00:00:00,SHIB/USDT,0.00000677,0.00000888,0.00000652,0.00000854,51629463013101.00,408170844.78298171,918721
1631664000000,2021-09-15 00:00:00,SHIB/USDT,0.00000666,0.00000690,0.00000659,0.00000677,5735004511337.00,38670825.57966842,111420
1631577600000,2021-09-14 00:00:00,SHIB/USDT,0.00000649,0.00000671,0.00000644,0.00000667,5607034617578.00,36864002.41916227,98652
1631491200000,2021-09-13 00:00:00,SHIB/USDT,0.00000689,0.00000698,0.00000617,0.00000650,9093791821120.00,59378964.38371499,160428
1631404800000,2021-09-12 00:00:00,SHIB/USDT,0.00000677,0.00000700,0.00000664,0.00000689,7877836843028.00,53853205.67963314,134448
1631318400000,2021-09-11 00:00:00,SHIB/USDT,0.00000700,0.00000708,0.00000673,0.00000677,7643774910527.00,52589537.35126829,137377
1631232000000,2021-09-10 00:00:00,SHIB/USDT,0.00000730,0.00000750,0.00000655,0.00000700,17589684040703.00,123629182.56655686,311536
1631145600000,2021-09-09 00:00:00,SHIB/USDT,0.00000668,0.00000777,0.00000653,0.00000730,32271505301500.00,230732324.91825545,555776
1631059200000,2021-09-08 00:00:00,SHIB/USDT,0.00000605,0.00000820,0.00000541,0.00000667,46608207992395.00,321213242.68556442,775324
1630972800000,2021-09-07 00:00:00,SHIB/USDT,0.00000723,0.00000724,0.00000510,0.00000605,23567166381444.00,146017101.76148050,450678
1630886400000,2021-09-06 00:00:00,SHIB/USDT,0.00000753,0.00000764,0.00000700,0.00000722,9503974995923.00,69635123.32057559,186612
1630800000000,2021-09-05 00:00:00,SHIB/USDT,0.00000745,0.00000757,0.00000725,0.00000753,7939117527436.00,58794386.28846728,165471
1630713600000,2021-09-04 00:00:00,SHIB/USDT,0.00000707,0.00000768,0.00000704,0.00000745,13586786127409.00,99697790.03411852,253615
1630627200000,2021-09-03 00:00:00,SHIB/USDT,0.00000709,0.00000725,0.00000690,0.00000706,7223873994758.00,51203724.30952190,154990
1630540800000,2021-09-02 00:00:00,SHIB/USDT,0.00000719,0.00000737,0.00000702,0.00000709,7566323232592.00,54347784.64404346,164623
1630454400000,2021-09-01 00:00:00,SHIB/USDT,0.00000686,0.00000722,0.00000666,0.00000719,8005998661846.00,55515005.78965963,153172
1630368000000,2021-08-31 00:00:00,SHIB/USDT,0.00000667,0.00000710,0.00000663,0.00000686,8450789113097.00,57869119.58701886,160282
1630281600000,2021-08-30 00:00:00,SHIB/USDT,0.00000711,0.00000714,0.00000647,0.00000667,6392824774909.00,44394286.68247795,138488
1630195200000,2021-08-29 00:00:00,SHIB/USDT,0.00000723,0.00000739,0.00000699,0.00000712,5564998269528.00,39768456.66594867,106694
1630108800000,2021-08-28 00:00:00,SHIB/USDT,0.00000747,0.00000749,0.00000719,0.00000722,5541566422378.00,40410117.29998106,106151
1630022400000,2021-08-27 00:00:00,SHIB/USDT,0.00000698,0.00000757,0.00000682,0.00000747,10112453430111.00,72784130.31400280,177045
1629936000000,2021-08-26 00:00:00,SHIB/USDT,0.00000753,0.00000764,0.00000682,0.00000697,9832605958319.00,70331929.28884141,187357
1629849600000,2021-08-25 00:00:00,SHIB/USDT,0.00000748,0.00000771,0.00000715,0.00000753,10908288775579.00,81428880.55014998,207066
1629763200000,2021-08-24 00:00:00,SHIB/USDT,0.00000818,0.00000822,0.00000731,0.00000748,13128492964677.00,101458209.01305470,258786
1629676800000,2021-08-23 00:00:00,SHIB/USDT,0.00000820,0.00000844,0.00000813,0.00000819,8215888602078.00,67929225.74541667,178828
1629590400000,2021-08-22 00:00:00,SHIB/USDT,0.00000813,0.00000844,0.00000805,0.00000820,7664419848923.00,62909823.57631097,169057
1629504000000,2021-08-21 00:00:00,SHIB/USDT,0.00000848,0.00000851,0.00000811,0.00000814,9186376727549.00,76318682.47179724,194687
1629417600000,2021-08-20 00:00:00,SHIB/USDT,0.00000835,0.00000860,0.00000821,0.00000848,11001862928480.00,92550314.92693648,227021
1629331200000,2021-08-19 00:00:00,SHIB/USDT,0.00000802,0.00000835,0.00000786,0.00000835,11148529538651.00,89949671.30285761,208760
1629244800000,2021-08-18 00:00:00,SHIB/USDT,0.00000805,0.00000833,0.00000776,0.00000802,18267781451145.00,147275278.38769477,301710
1629158400000,2021-08-17 00:00:00,SHIB/USDT,0.00000904,0.00000937,0.00000799,0.00000805,26318386857105.00,230326035.78897709,438184
1629072000000,2021-08-16 00:00:00,SHIB/USDT,0.00000855,0.00000948,0.00000836,0.00000904,37191196001582.00,332981362.86635251,654923
1628985600000,2021-08-15 00:00:00,SHIB/USDT,0.00000812,0.00000876,0.00000785,0.00000855,18483321892487.00,151975080.12952974,326934
1628899200000,2021-08-14 00:00:00,SHIB/USDT,0.00000813,0.00000857,0.00000781,0.00000813,17010503781776.00,138240271.50811499,303826
1628812800000,2021-08-13 00:00:00,SHIB/USDT,0.00000764,0.00000818,0.00000760,0.00000813,11222513120578.00,89250140.20996737,215230
1628726400000,2021-08-12 00:00:00,SHIB/USDT,0.00000777,0.00000822,0.00000743,0.00000765,16738912794675.00,130890829.71791315,275841
1628640000000,2021-08-11 00:00:00,SHIB/USDT,0.00000756,0.00000830,0.00000750,0.00000777,22952242869554.00,182047690.47914339,379871
1628553600000,2021-08-10 00:00:00,SHIB/USDT,0.00000762,0.00000795,0.00000731,0.00000756,12231498497079.00,93128448.86345146,228846
1628467200000,2021-08-09 00:00:00,SHIB/USDT,0.00000729,0.00000788,0.00000709,0.00000762,20193833052588.00,152950385.16690573,310642
1628380800000,2021-08-08 00:00:00,SHIB/USDT,0.00000780,0.00000888,0.00000723,0.00000729,42988253874709.00,343477949.44663483,691170
1628294400000,2021-08-07 00:00:00,SHIB/USDT,0.00000631,0.00000789,0.00000629,0.00000780,31447680089584.00,219898144.77703489,533128
1628208000000,2021-08-06 00:00:00,SHIB/USDT,0.00000622,0.00000642,0.00000613,0.00000630,7944430535861.00,49719935.41666873,154800
1628121600000,2021-08-05 00:00:00,SHIB/USDT,0.00000624,0.00000625,0.00000611,0.00000621,6261624309409.00,38685111.90458235,121028
1628035200000,2021-08-04 00:00:00,SHIB/USDT,0.00000618,0.00000633,0.00000611,0.00000623,5505584121482.00,34249709.52974584,113599
1627948800000,2021-08-03 00:00:00,SHIB/USDT,0.00000634,0.00000640,0.00000615,0.00000618,5222684533973.00,32606488.16950075,104080
1627862400000,2021-08-02 00:00:00,SHIB/USDT,0.00000630,0.00000643,0.00000621,0.00000634,6260531438700.00,39447385.08316380,111046
1627776000000,2021-08-01 00:00:00,SHIB/USDT,0.00000625,0.00000672,0.00000621,0.00000630,10959981431747.00,70596076.83837771,192163
1627689600000,2021-07-31 00:00:00,SHIB/USDT,0.00000629,0.00000631,0.00000620,0.00000625,5309993604368.00,33208500.92882888,108380
1627603200000,2021-07-30 00:00:00,SHIB/USDT,0.00000629,0.00000641,0.00000610,0.00000629,6650527789677.00,41392925.50210824,127977
1627516800000,2021-07-29 00:00:00,SHIB/USDT,0.00000619,0.00000652,0.00000608,0.00000629,8694966152691.00,54432932.82114370,143105
1627430400000,2021-07-28 00:00:00,SHIB/USDT,0.00000632,0.00000635,0.00000613,0.00000618,7902294769375.00,49318904.85698457,144785
1627344000000,2021-07-27 00:00:00,SHIB/USDT,0.00000631,0.00000642,0.00000604,0.00000632,9641696587214.00,60118260.34382534,172844
1627257600000,2021-07-26 00:00:00,SHIB/USDT,0.00000637,0.00000691,0.00000624,0.00000630,19227138374369.00,127423721.52404462,315881
1627171200000,2021-07-25 00:00:00,SHIB/USDT,0.00000644,0.00000654,0.00000616,0.00000636,7134617522583.00,45129431.46161560,123849
1627084800000,2021-07-24 00:00:00,SHIB/USDT,0.00000647,0.00000666,0.00000630,0.00000644,9474775072580.00,61353717.55079037,165255
1626998400000,2021-07-23 00:00:00,SHIB/USDT,0.00000647,0.00000671,0.00000611,0.00000648,8810341657917.00,56412769.11951872,154673
1626912000000,2021-07-22 00:00:00,SHIB/USDT,0.00000653,0.00000666,0.00000634,0.00000646,8024642335768.00,52021737.91342890,136117
1626825600000,2021-07-21 00:00:00,SHIB/USDT,0.00000589,0.00000698,0.00000577,0.00000654,15189009739596.00,97543687.52838185,229161
1626739200000,2021-07-20 00:00:00,SHIB/USDT,0.00000619,0.00000624,0.00000570,0.00000589,10212338619649.00,60004751.43758620,167967
1626652800000,2021-07-19 00:00:00,SHIB/USDT,0.00000665,0.00000667,0.00000607,0.00000619,8543669280673.00,53960304.23888748,135945
1626566400000,2021-07-18 00:00:00,SHIB/USDT,0.00000682,0.00000703,0.00000660,0.00000664,6125931214999.00,41403409.19788402,101649
1626480000000,2021-07-17 00:00:00,SHIB/USDT,0.00000663,0.00000705,0.00000656,0.00000681,7114435611225.00,48068113.02676965,125797
1626393600000,2021-07-16 00:00:00,SHIB/USDT,0.00000690,0.00000700,0.00000655,0.00000662,6047433872423.00,40891183.26230067,130542
1626307200000,2021-07-15 00:00:00,SHIB/USDT,0.00000724,0.00000737,0.00000679,0.00000691,8945840487258.00,62630272.68225876,168467
1626220800000,2021-07-14 00:00:00,SHIB/USDT,0.00000712,0.00000757,0.00000670,0.00000724,11875884954991.00,84335678.67361144,205473
1626134400000,2021-07-13 00:00:00,SHIB/USDT,0.00000756,0.00000759,0.00000704,0.00000711,8108609831266.00,59159886.30113126,151541
1626048000000,2021-07-12 00:00:00,SHIB/USDT,0.00000787,0.00000799,0.00000731,0.00000756,7734638319417.00,58999124.92504492,148177
1625961600000,2021-07-11 00:00:00,SHIB/USDT,0.00000767,0.00000798,0.00000756,0.00000786,5480379241985.00,42532390.25286476,118065
1625875200000,2021-07-10 00:00:00,SHIB/USDT,0.00000792,0.00000809,0.00000752,0.00000767,7191309903247.00,56211178.33659977,147667
1625788800000,2021-07-09 00:00:00,SHIB/USDT,0.00000803,0.00000810,0.00000770,0.00000791,8928857134302.00,70883068.21133511,165386
1625702400000,2021-07-08 00:00:00,SHIB/USDT,0.00000854,0.00000856,0.00000778,0.00000802,14698093074025.00,119007746.07189922,271688
1625616000000,2021-07-07 00:00:00,SHIB/USDT,0.00000874,0.00000896,0.00000852,0.00000855,10732885596585.00,93610940.88248245,207277
1625529600000,2021-07-06 00:00:00,SHIB/USDT,0.00000833,0.00000933,0.00000831,0.00000874,24765820144984.00,218538692.66141120,410020
1625443200000,2021-07-05 00:00:00,SHIB/USDT,0.00000872,0.00000873,0.00000816,0.00000834,12068056360331.00,101814445.70887461,219555
1625356800000,2021-07-04 00:00:00,SHIB/USDT,0.00000866,0.00000895,0.00000845,0.00000873,10015748720356.00,87501499.32477439,202369
1625270400000,2021-07-03 00:00:00,SHIB/USDT,0.00000836,0.00000880,0.00000830,0.00000866,11000178497551.00,94713469.87127090,206213
1625184000000,2021-07-02 00:00:00,SHIB/USDT,0.00000833,0.00000844,0.00000805,0.00000835,9609338950937.00,79130031.92925088,177169
1625097600000,2021-07-01 00:00:00,SHIB/USDT,0.00000882,0.00000883,0.00000815,0.00000832,15990026259963.00,133897874.86890778,284145
1625011200000,2021-06-30 00:00:00,SHIB/USDT,0.00000887,0.00000923,0.00000801,0.00000882,32459314385918.00,281302001.49778664,527223
1624924800000,2021-06-29 00:00:00,SHIB/USDT,0.00000808,0.00000963,0.00000803,0.00000887,46042194342449.00,415025311.02327128,847874
1624838400000,2021-06-28 00:00:00,SHIB/USDT,0.00000785,0.00000821,0.00000758,0.00000808,18506007897380.00,146967081.38575241,356154
1624752000000,2021-06-27 00:00:00,SHIB/USDT,0.00000747,0.00000789,0.00000727,0.00000785,11925015594849.00,88993016.44824153,226298
1624665600000,2021-06-26 00:00:00,SHIB/USDT,0.00000706,0.00000755,0.00000690,0.00000748,21860032918766.00,157723027.70980194,344183
1624579200000,2021-06-25 00:00:00,SHIB/USDT,0.00000721,0.00000850,0.00000672,0.00000707,41620961473360.00,304970091.14697253,661696
1624492800000,2021-06-24 00:00:00,SHIB/USDT,0.00000683,0.00000745,0.00000656,0.00000721,14589082651691.00,101269433.91013151,267642
1624406400000,2021-06-23 00:00:00,SHIB/USDT,0.00000633,0.00000711,0.00000609,0.00000684,22097655745813.00,148666572.71855276,387541
1624320000000,2021-06-22 00:00:00,SHIB/USDT,0.00000619,0.00000700,0.00000559,0.00000633,41222045178875.00,258486062.93374752,591265
1624233600000,2021-06-21 00:00:00,SHIB/USDT,0.00000778,0.00000784,0.00000608,0.00000619,34754967194157.00,242735095.05949919,553068
1624147200000,2021-06-20 00:00:00,SHIB/USDT,0.00000763,0.00000807,0.00000711,0.00000778,25203949490357.00,191981889.47518427,433257
1624060800000,2021-06-19 00:00:00,SHIB/USDT,0.00000726,0.00000849,0.00000719,0.00000762,33512449142630.00,259972359.41927369,556674
1623974400000,2021-06-18 00:00:00,SHIB/USDT,0.00000795,0.00000798,0.00000700,0.00000726,23594476054170.00,173380433.24408344,418372
1623888000000,2021-06-17 00:00:00,SHIB/USDT,0.00000832,0.00000850,0.00000772,0.00000795,27604953266364.00,222173239.04894821,462193
1623801600000,2021-06-16 00:00:00,SHIB/USDT,0.00000902,0.00000929,0.00000814,0.00000831,46228329919729.00,404310783.90742801,815354
1623715200000,2021-06-15 00:00:00,SHIB/USDT,0.00000708,0.00000988,0.00000693,0.00000903,55757151596139.00,477301500.72719102,988253
1623628800000,2021-06-14 00:00:00,SHIB/USDT,0.00000684,0.00000721,0.00000667,0.00000709,17240978312423.00,119590071.72881440,329979
1623542400000,2021-06-13 00:00:00,SHIB/USDT,0.00000627,0.00000715,0.00000605,0.00000685,20763576566343.00,135365251.92752804,335795
1623456000000,2021-06-12 00:00:00,SHIB/USDT,0.00000621,0.00000655,0.00000551,0.00000628,28186259522494.00,169016554.58311995,408179
1623369600000,2021-06-11 00:00:00,SHIB/USDT,0.00000684,0.00000690,0.00000601,0.00000621,16654567843743.00,110033378.68311614,317215
1623283200000,2021-06-10 00:00:00,SHIB/USDT,0.00000739,0.00000743,0.00000678,0.00000684,15982745660312.00,112975025.97586842,328641
1623196800000,2021-06-09 00:00:00,SHIB/USDT,0.00000716,0.00000760,0.00000683,0.00000738,21333278224709.00,154023170.41850432,395131
1623110400000,2021-06-08 00:00:00,SHIB/USDT,0.00000774,0.00000787,0.00000630,0.00000715,32407835420356.00,231715942.81600400,593214
1623024000000,2021-06-07 00:00:00,SHIB/USDT,0.00000852,0.00000872,0.00000750,0.00000774,14317490957225.00,117446572.56656782,358605
1622937600000,2021-06-06 00:00:00,SHIB/USDT,0.00000842,0.00000863,0.00000833,0.00000853,8718852058711.00,73794499.08852462,218646
1622851200000,2021-06-05 00:00:00,SHIB/USDT,0.00000880,0.00000912,0.00000810,0.00000842,15138731370984.00,130726634.69401899,349263
1622764800000,2021-06-04 00:00:00,SHIB/USDT,0.00000981,0.00000984,0.00000828,0.00000879,27586732208422.00,243808532.73732670,586748
1622678400000,2021-06-03 00:00:00,SHIB/USDT,0.00000943,0.00001040,0.00000929,0.00000982,25310047082545.00,248635927.11914230,599785
1622592000000,2021-06-02 00:00:00,SHIB/USDT,0.00000883,0.00001049,0.00000857,0.00000944,37410145146900.00,356096789.01128747,808558
1622505600000,2021-06-01 00:00:00,SHIB/USDT,0.00000928,0.00000943,0.00000828,0.00000882,23622771954244.00,208492653.49231128,529195
1622419200000,2021-05-31 00:00:00,SHIB/USDT,0.00000785,0.00000998,0.00000769,0.00000928,29008796041217.00,253567390.10077802,594812
1622332800000,2021-05-30 00:00:00,SHIB/USDT,0.00000790,0.00000813,0.00000752,0.00000786,12847617230998.00,100723011.56425260,293499
1622246400000,2021-05-29 00:00:00,SHIB/USDT,0.00000791,0.00000821,0.00000730,0.00000789,15473428469390.00,119787221.63179575,362567
1622160000000,2021-05-28 00:00:00,SHIB/USDT,0.00000879,0.00000885,0.00000750,0.00000790,22969674539465.00,184509672.21070744,525209
1622073600000,2021-05-27 00:00:00,SHIB/USDT,0.00000949,0.00000950,0.00000850,0.00000879,21377807919679.00,190827656.63134703,513819
1621987200000,2021-05-26 00:00:00,SHIB/USDT,0.00000938,0.00001050,0.00000914,0.00000949,29880109514903.00,289774724.88106098,736805
1621900800000,2021-05-25 00:00:00,SHIB/USDT,0.00001065,0.00001115,0.00000876,0.00000939,43096086882356.00,415471580.61647778,944665
1621814400000,2021-05-24 00:00:00,SHIB/USDT,0.00000808,0.00001208,0.00000773,0.00001065,66920838464554.00,653153711.84601309,1343914
1621728000000,2021-05-23 00:00:00,SHIB/USDT,0.00000842,0.00000965,0.00000694,0.00000809,60549130370846.00,487458707.93602386,1033407
1621641600000,2021-05-22 00:00:00,SHIB/USDT,0.00000821,0.00000983,0.00000672,0.00000842,46318180421814.00,367262301.15743240,839244
1621555200000,2021-05-21 00:00:00,SHIB/USDT,0.00000964,0.00001035,0.00000655,0.00000820,54603903901459.00,456228641.87274713,1116947
1621468800000,2021-05-20 00:00:00,SHIB/USDT,0.00000907,0.00001219,0.00000800,0.00000964,67205967066890.00,681165643.47543086,1384667
1621382400000,2021-05-19 00:00:00,SHIB/USDT,0.00001562,0.00001580,0.00000630,0.00000907,90539301007324.00,1020855304.82218882,2076308
1621296000000,2021-05-18 00:00:00,SHIB/USDT,0.00001650,0.00001800,0.00001517,0.00001560,27976612440989.00,460041392.82748250,935905
1621209600000,2021-05-17 00:00:00,SHIB/USDT,0.00001783,0.00001808,0.00001408,0.00001651,60156822115985.00,969820585.55019393,1801208
1621123200000,2021-05-16 00:00:00,SHIB/USDT,0.00001552,0.00001962,0.00001237,0.00001784,61634752660696.00,960036000.90812640,1843872
1621036800000,2021-05-15 00:00:00,SHIB/USDT,0.00001841,0.00001897,0.00001501,0.00001553,43727275531961.00,740472826.56047907,1602319
1620950400000,2021-05-14 00:00:00,SHIB/USDT,0.00002103,0.00002224,0.00001816,0.00001840,40927854276575.00,822569815.54789043,1709467
1620864000000,2021-05-13 00:00:00,SHIB/USDT,0.00001817,0.00002357,0.00001530,0.00002102,91254881005748.00,1761045968.31996264,3050941
1620777600000,2021-05-12 00:00:00,SHIB/USDT,0.00003040,0.00003150,0.00001752,0.00001821,86909144958765.00,2129644950.11986553,3886777
1620691200000,2021-05-11 00:00:00,SHIB/USDT,0.00003468,0.00003799,0.00002780,0.00003042,64512785938482.00,2123216855.20521211,3958630
1620604800000,2021-05-10 00:00:00,SHIB/USDT,0.00001412,0.00005000,0.00001412,0.00003466,95302311917668.00,3030141753.80256448,4577629
