unix,date,symbol,open,high,low,close,Volume ICP,Volume USDT,tradecount
1658275200000,2022-07-20 00:00:00,ICP/USDT,7.36000000,7.38000000,7.24000000,7.28000000,39069.18000000,285512.11640000,1064
1658188800000,2022-07-19 00:00:00,ICP/USDT,7.54000000,7.63000000,7.10000000,7.37000000,2439119.93000000,17971341.79280000,59017
1658102400000,2022-07-18 00:00:00,ICP/USDT,7.23000000,7.84000000,7.18000000,7.54000000,2856244.32000000,21453477.18580000,72890
1658016000000,2022-07-17 00:00:00,ICP/USDT,7.12000000,7.63000000,6.83000000,7.23000000,1958012.02000000,13965520.55230000,49425
1657929600000,2022-07-16 00:00:00,ICP/USDT,6.80000000,7.45000000,6.62000000,7.12000000,1743716.33000000,12330237.95330000,42545
1657843200000,2022-07-15 00:00:00,ICP/USDT,6.83000000,7.14000000,6.68000000,6.80000000,2279833.77000000,15822516.56900000,55599
1657756800000,2022-07-14 00:00:00,ICP/USDT,6.50000000,6.94000000,6.27000000,6.83000000,2444443.84000000,16164055.28730000,51777
1657670400000,2022-07-13 00:00:00,ICP/USDT,6.28000000,6.56000000,5.88000000,6.50000000,2942463.95000000,18296916.48540000,58147
1657584000000,2022-07-12 00:00:00,ICP/USDT,6.28000000,6.62000000,6.18000000,6.29000000,2302418.69000000,14751767.96240000,47649
1657497600000,2022-07-11 00:00:00,ICP/USDT,6.39000000,6.90000000,6.10000000,6.28000000,3024020.39000000,19903553.33840000,68638
1657411200000,2022-07-10 00:00:00,ICP/USDT,6.98000000,7.05000000,6.32000000,6.39000000,2314057.41000000,15258749.89010000,47283
1657324800000,2022-07-09 00:00:00,ICP/USDT,6.95000000,7.31000000,6.86000000,6.97000000,3365337.33000000,23665708.30100000,70360
1657238400000,2022-07-08 00:00:00,ICP/USDT,6.25000000,7.48000000,5.95000000,6.95000000,4974380.51000000,32872922.41880000,112496
1657152000000,2022-07-07 00:00:00,ICP/USDT,5.63000000,6.41000000,5.56000000,6.25000000,3291841.31000000,19703216.87060000,63575
1657065600000,2022-07-06 00:00:00,ICP/USDT,5.51000000,5.73000000,5.39000000,5.63000000,2142323.27000000,11930102.51170000,36233
1656979200000,2022-07-05 00:00:00,ICP/USDT,5.59000000,5.75000000,5.29000000,5.51000000,1737184.42000000,9654833.85170000,29607
1656892800000,2022-07-04 00:00:00,ICP/USDT,5.25000000,5.62000000,5.19000000,5.59000000,1360909.27000000,7389641.60380000,20981
1656806400000,2022-07-03 00:00:00,ICP/USDT,5.25000000,5.30000000,5.12000000,5.24000000,755625.87000000,3945247.82980000,12751
1656720000000,2022-07-02 00:00:00,ICP/USDT,5.24000000,5.38000000,5.13000000,5.24000000,1218713.39000000,6432657.64960000,15420
1656633600000,2022-07-01 00:00:00,ICP/USDT,5.35000000,5.47000000,5.12000000,5.24000000,1782847.84000000,9397990.73270000,27273
1656547200000,2022-06-30 00:00:00,ICP/USDT,5.42000000,5.44000000,5.01000000,5.35000000,1541292.60000000,7991810.90520000,29572
1656460800000,2022-06-29 00:00:00,ICP/USDT,5.49000000,5.62000000,5.26000000,5.42000000,1569163.19000000,8507775.85630000,30983
1656374400000,2022-06-28 00:00:00,ICP/USDT,5.79000000,6.03000000,5.43000000,5.49000000,2512955.74000000,14435080.05410000,39446
1656288000000,2022-06-27 00:00:00,ICP/USDT,5.75000000,6.14000000,5.67000000,5.78000000,2801321.61000000,16643736.76800000,37280
1656201600000,2022-06-26 00:00:00,ICP/USDT,6.32000000,6.34000000,5.74000000,5.76000000,2588408.55000000,15782822.62850000,40036
1656115200000,2022-06-25 00:00:00,ICP/USDT,6.12000000,6.47000000,5.92000000,6.32000000,2431558.21000000,14994465.52620000,40801
1656028800000,2022-06-24 00:00:00,ICP/USDT,5.82000000,6.25000000,5.73000000,6.12000000,2687368.95000000,16153585.26660000,43633
1655942400000,2022-06-23 00:00:00,ICP/USDT,5.45000000,5.88000000,5.43000000,5.81000000,3548685.37000000,20345854.28310000,40715
1655856000000,2022-06-22 00:00:00,ICP/USDT,5.83000000,5.84000000,5.39000000,5.45000000,2441822.45000000,13622449.23500000,46746
1655769600000,2022-06-21 00:00:00,ICP/USDT,5.77000000,6.28000000,5.62000000,5.84000000,3626095.77000000,21634677.73500000,65883
1655683200000,2022-06-20 00:00:00,ICP/USDT,5.49000000,5.90000000,5.25000000,5.78000000,3429404.69000000,19321302.37680000,62260
1655596800000,2022-06-19 00:00:00,ICP/USDT,5.14000000,5.54000000,4.90000000,5.49000000,2164790.55000000,11347029.92970000,41005
1655510400000,2022-06-18 00:00:00,ICP/USDT,5.45000000,5.54000000,4.60000000,5.15000000,3404757.30000000,17215442.25940000,53449
1655424000000,2022-06-17 00:00:00,ICP/USDT,5.33000000,5.56000000,5.23000000,5.44000000,1603202.11000000,8703218.30990000,29097
1655337600000,2022-06-16 00:00:00,ICP/USDT,5.99000000,6.06000000,5.25000000,5.33000000,3733750.02000000,20758356.48210000,59268
1655251200000,2022-06-15 00:00:00,ICP/USDT,5.57000000,6.05000000,5.03000000,6.00000000,4533324.67000000,24526695.34040000,71647
1655164800000,2022-06-14 00:00:00,ICP/USDT,5.43000000,5.92000000,5.06000000,5.57000000,4697908.47000000,26184378.15250000,68444
1655078400000,2022-06-13 00:00:00,ICP/USDT,5.64000000,6.12000000,5.19000000,5.44000000,8886097.77000000,49715833.74300000,124404
1654992000000,2022-06-12 00:00:00,ICP/USDT,5.97000000,6.48000000,5.45000000,5.64000000,12414992.90000000,74074062.70780000,135299
1654905600000,2022-06-11 00:00:00,ICP/USDT,6.10000000,6.70000000,5.55000000,5.97000000,15124011.72000000,92722389.88280000,153277
1654819200000,2022-06-10 00:00:00,ICP/USDT,6.40000000,6.54000000,6.05000000,6.10000000,2318190.74000000,14579860.95930000,38334
1654732800000,2022-06-09 00:00:00,ICP/USDT,6.50000000,6.96000000,6.29000000,6.40000000,3254282.60000000,21458946.45630000,53095
1654646400000,2022-06-08 00:00:00,ICP/USDT,6.83000000,7.00000000,6.49000000,6.50000000,3723221.39000000,25153999.08660000,63073
1654560000000,2022-06-07 00:00:00,ICP/USDT,7.59000000,7.60000000,6.74000000,6.82000000,5294967.75000000,36962681.62720000,83333
1654473600000,2022-06-06 00:00:00,ICP/USDT,7.34000000,8.04000000,7.32000000,7.58000000,2620965.43000000,20198449.43770000,56606
1654387200000,2022-06-05 00:00:00,ICP/USDT,7.75000000,7.76000000,7.27000000,7.35000000,2099675.31000000,15644449.96830000,44207
1654300800000,2022-06-04 00:00:00,ICP/USDT,7.92000000,7.98000000,7.49000000,7.74000000,3598339.85000000,27724058.78730000,62547
1654214400000,2022-06-03 00:00:00,ICP/USDT,9.45000000,9.64000000,7.81000000,7.92000000,6892942.70000000,59774361.43740000,155980
1654128000000,2022-06-02 00:00:00,ICP/USDT,7.62000000,9.80000000,7.48000000,9.44000000,8340228.12000000,73313618.45420000,194073
1654041600000,2022-06-01 00:00:00,ICP/USDT,8.26000000,8.44000000,7.43000000,7.62000000,3396828.80000000,27011228.21770000,67900
1653955200000,2022-05-31 00:00:00,ICP/USDT,8.11000000,8.73000000,7.97000000,8.27000000,3793075.48000000,31216063.54820000,85051
1653868800000,2022-05-30 00:00:00,ICP/USDT,7.12000000,8.36000000,7.05000000,8.12000000,3885323.07000000,29854803.88870000,75644
1653782400000,2022-05-29 00:00:00,ICP/USDT,7.24000000,7.42000000,6.97000000,7.12000000,1993155.82000000,14318482.26710000,37891
1653696000000,2022-05-28 00:00:00,ICP/USDT,6.97000000,7.44000000,6.75000000,7.24000000,1620894.88000000,11460670.42040000,33755
1653609600000,2022-05-27 00:00:00,ICP/USDT,7.30000000,7.51000000,6.82000000,6.97000000,2789660.91000000,19988236.58800000,59325
1653523200000,2022-05-26 00:00:00,ICP/USDT,7.79000000,7.92000000,6.95000000,7.30000000,2383898.96000000,17625120.61700000,52563
1653436800000,2022-05-25 00:00:00,ICP/USDT,7.92000000,8.06000000,7.60000000,7.79000000,1668717.80000000,13008897.08800000,36759
1653350400000,2022-05-24 00:00:00,ICP/USDT,7.76000000,7.93000000,7.33000000,7.92000000,2213890.83000000,17057273.52190000,50290
1653264000000,2022-05-23 00:00:00,ICP/USDT,8.23000000,8.86000000,7.55000000,7.77000000,3107087.13000000,25721174.18450000,73175
1653177600000,2022-05-22 00:00:00,ICP/USDT,8.00000000,8.37000000,7.85000000,8.22000000,1614046.04000000,13117952.19630000,34989
1653091200000,2022-05-21 00:00:00,ICP/USDT,7.77000000,8.25000000,7.59000000,8.00000000,1232048.77000000,9773134.69060000,30867
1653004800000,2022-05-20 00:00:00,ICP/USDT,8.20000000,8.46000000,7.54000000,7.77000000,2514395.68000000,20199433.69350000,56699
1652918400000,2022-05-19 00:00:00,ICP/USDT,7.51000000,8.33000000,7.30000000,8.19000000,1977946.08000000,15524991.89190000,50341
1652832000000,2022-05-18 00:00:00,ICP/USDT,8.62000000,8.76000000,7.45000000,7.51000000,2371585.92000000,18987456.03500000,56628
1652745600000,2022-05-17 00:00:00,ICP/USDT,8.12000000,8.72000000,8.09000000,8.62000000,2018635.34000000,16991274.44060000,57055
1652659200000,2022-05-16 00:00:00,ICP/USDT,9.24000000,9.24000000,8.00000000,8.11000000,2475500.45000000,21042764.07760000,70946
1652572800000,2022-05-15 00:00:00,ICP/USDT,8.53000000,9.25000000,8.05000000,9.23000000,2672848.31000000,22983376.47540000,74047
1652486400000,2022-05-14 00:00:00,ICP/USDT,9.30000000,9.47000000,7.65000000,8.54000000,3290672.68000000,27694663.81880000,96776
1652400000000,2022-05-13 00:00:00,ICP/USDT,7.23000000,10.40000000,7.08000000,9.30000000,6842143.17000000,58648410.10040000,175448
1652313600000,2022-05-12 00:00:00,ICP/USDT,7.46000000,8.05000000,6.03000000,7.22000000,7559999.84000000,52407343.35420000,196919
1652227200000,2022-05-11 00:00:00,ICP/USDT,10.56000000,10.85000000,7.01000000,7.45000000,8500220.28000000,77133600.45140000,255993
1652140800000,2022-05-10 00:00:00,ICP/USDT,9.91000000,11.62000000,9.62000000,10.56000000,5780804.23000000,61934958.68080000,168928
1652054400000,2022-05-09 00:00:00,ICP/USDT,11.90000000,12.16000000,9.81000000,9.91000000,5164415.25000000,56344323.05620000,141482
1651968000000,2022-05-08 00:00:00,ICP/USDT,12.06000000,12.31000000,11.69000000,11.90000000,1917819.61000000,22965228.50180000,64160
1651881600000,2022-05-07 00:00:00,ICP/USDT,12.45000000,12.54000000,11.65000000,12.05000000,1413086.58000000,17296305.88180000,51705
1651795200000,2022-05-06 00:00:00,ICP/USDT,12.70000000,12.80000000,12.20000000,12.45000000,1986381.29000000,24819676.66350000,68779
1651708800000,2022-05-05 00:00:00,ICP/USDT,14.28000000,14.60000000,12.23000000,12.71000000,3463053.47000000,45755906.62290000,117352
1651622400000,2022-05-04 00:00:00,ICP/USDT,12.81000000,14.42000000,12.77000000,14.28000000,2051576.21000000,27872041.29700000,78998
1651536000000,2022-05-03 00:00:00,ICP/USDT,12.94000000,13.55000000,12.53000000,12.81000000,1755132.47000000,22971654.80850000,60317
1651449600000,2022-05-02 00:00:00,ICP/USDT,13.04000000,13.23000000,12.34000000,12.94000000,1839082.29000000,23569872.74580000,66934
1651363200000,2022-05-01 00:00:00,ICP/USDT,12.40000000,13.38000000,12.15000000,13.05000000,2900757.37000000,36866398.50860000,91739
1651276800000,2022-04-30 00:00:00,ICP/USDT,14.15000000,14.36000000,11.28000000,12.40000000,3231765.78000000,42485889.15160000,119181
1651190400000,2022-04-29 00:00:00,ICP/USDT,15.11000000,15.25000000,13.66000000,14.16000000,1823631.89000000,26423858.58610000,85927
1651104000000,2022-04-28 00:00:00,ICP/USDT,15.30000000,15.56000000,14.91000000,15.11000000,1479679.45000000,22531003.83750000,71286
1651017600000,2022-04-27 00:00:00,ICP/USDT,15.00000000,15.61000000,14.75000000,15.30000000,1321705.27000000,20130348.97780000,64687
1650931200000,2022-04-26 00:00:00,ICP/USDT,16.15000000,16.40000000,14.53000000,14.99000000,1762008.21000000,27453678.09950000,91896
1650844800000,2022-04-25 00:00:00,ICP/USDT,16.21000000,16.25000000,15.00000000,16.14000000,2249547.91000000,35083104.82500000,106593
1650758400000,2022-04-24 00:00:00,ICP/USDT,16.47000000,16.69000000,16.02000000,16.21000000,1044827.61000000,17083393.48130000,52459
1650672000000,2022-04-23 00:00:00,ICP/USDT,16.59000000,17.19000000,16.39000000,16.47000000,1112091.06000000,18650073.86420000,48487
1650585600000,2022-04-22 00:00:00,ICP/USDT,16.46000000,17.00000000,16.24000000,16.59000000,1258930.12000000,20900815.32310000,51754
1650499200000,2022-04-21 00:00:00,ICP/USDT,17.09000000,17.78000000,16.14000000,16.46000000,1604669.70000000,27557336.65930000,81317
1650412800000,2022-04-20 00:00:00,ICP/USDT,17.42000000,17.85000000,16.73000000,17.09000000,1534800.39000000,26530600.51370000,72520
1650326400000,2022-04-19 00:00:00,ICP/USDT,16.99000000,17.72000000,16.79000000,17.43000000,1372179.84000000,23612631.10600000,64775
1650240000000,2022-04-18 00:00:00,ICP/USDT,16.42000000,17.14000000,15.71000000,16.99000000,2006974.40000000,32914816.66930000,95404
1650153600000,2022-04-17 00:00:00,ICP/USDT,17.55000000,17.91000000,16.29000000,16.41000000,1877443.56000000,32517321.28200000,80147
1650067200000,2022-04-16 00:00:00,ICP/USDT,16.81000000,17.77000000,16.52000000,17.56000000,1367949.31000000,23383525.28250000,65954
1649980800000,2022-04-15 00:00:00,ICP/USDT,16.49000000,16.97000000,16.37000000,16.80000000,983962.92000000,16423934.56100000,45266
1649894400000,2022-04-14 00:00:00,ICP/USDT,16.98000000,17.32000000,16.12000000,16.49000000,1323641.25000000,22113267.60190000,58965
1649808000000,2022-04-13 00:00:00,ICP/USDT,16.59000000,17.15000000,16.18000000,16.97000000,1418895.65000000,23789883.82830000,62019
1649721600000,2022-04-12 00:00:00,ICP/USDT,16.09000000,17.06000000,15.99000000,16.59000000,1687107.97000000,27918126.17620000,75724
1649635200000,2022-04-11 00:00:00,ICP/USDT,17.34000000,17.52000000,15.60000000,16.10000000,2513416.61000000,41899175.99960000,113816
1649548800000,2022-04-10 00:00:00,ICP/USDT,18.39000000,18.45000000,17.25000000,17.34000000,1581502.66000000,28415552.97480000,63770
1649462400000,2022-04-09 00:00:00,ICP/USDT,18.00000000,18.45000000,17.79000000,18.39000000,1350432.84000000,24471109.52560000,53806
1649376000000,2022-04-08 00:00:00,ICP/USDT,19.29000000,19.60000000,17.76000000,18.00000000,2547059.06000000,47988458.13100000,109811
1649289600000,2022-04-07 00:00:00,ICP/USDT,18.73000000,19.50000000,18.33000000,19.29000000,1666335.47000000,31676175.67250000,93403
1649203200000,2022-04-06 00:00:00,ICP/USDT,21.04000000,21.16000000,18.58000000,18.73000000,3020079.01000000,60034553.39770000,180309
1649116800000,2022-04-05 00:00:00,ICP/USDT,21.89000000,22.85000000,20.86000000,21.04000000,2578017.56000000,56971809.29890000,150512
1649030400000,2022-04-04 00:00:00,ICP/USDT,22.65000000,23.52000000,20.75000000,21.89000000,3945185.63000000,87596436.39760000,248503
1648944000000,2022-04-03 00:00:00,ICP/USDT,21.01000000,22.83000000,20.62000000,22.66000000,1963367.09000000,42657696.42580000,122321
1648857600000,2022-04-02 00:00:00,ICP/USDT,21.61000000,22.54000000,20.91000000,21.01000000,2479313.62000000,53908269.44080000,151478
1648771200000,2022-04-01 00:00:00,ICP/USDT,20.98000000,21.85000000,20.00000000,21.61000000,2463654.16000000,51479790.93880000,144765
1648684800000,2022-03-31 00:00:00,ICP/USDT,21.82000000,23.33000000,20.22000000,20.99000000,3687837.61000000,80204943.33990000,257634
1648598400000,2022-03-30 00:00:00,ICP/USDT,22.12000000,22.45000000,21.11000000,21.81000000,2239762.94000000,49158548.20400000,157959
1648512000000,2022-03-29 00:00:00,ICP/USDT,21.76000000,23.29000000,21.36000000,22.12000000,3437982.65000000,76530586.36910000,213842
1648425600000,2022-03-28 00:00:00,ICP/USDT,21.90000000,23.50000000,21.14000000,21.76000000,4504175.38000000,101099153.73470000,306178
1648339200000,2022-03-27 00:00:00,ICP/USDT,19.41000000,22.00000000,18.95000000,21.90000000,3451070.17000000,70780545.17520000,204721
1648252800000,2022-03-26 00:00:00,ICP/USDT,18.74000000,19.61000000,18.56000000,19.41000000,1126410.59000000,21579847.96370000,55856
1648166400000,2022-03-25 00:00:00,ICP/USDT,19.41000000,20.05000000,18.61000000,18.75000000,1988555.35000000,38463805.36830000,106242
1648080000000,2022-03-24 00:00:00,ICP/USDT,18.96000000,19.84000000,18.66000000,19.41000000,2187262.10000000,42007791.04210000,114211
1647993600000,2022-03-23 00:00:00,ICP/USDT,18.03000000,19.55000000,17.73000000,18.96000000,3829288.11000000,72242432.00920000,167071
1647907200000,2022-03-22 00:00:00,ICP/USDT,16.94000000,18.45000000,16.79000000,18.02000000,2567432.10000000,45763201.93690000,111468
1647820800000,2022-03-21 00:00:00,ICP/USDT,16.77000000,17.19000000,16.24000000,16.95000000,1590927.14000000,26744849.02900000,55633
1647734400000,2022-03-20 00:00:00,ICP/USDT,17.60000000,17.76000000,16.61000000,16.78000000,1547786.10000000,26510438.93440000,64329
1647648000000,2022-03-19 00:00:00,ICP/USDT,16.89000000,17.68000000,16.77000000,17.59000000,2120020.52000000,36639416.35930000,83635
1647561600000,2022-03-18 00:00:00,ICP/USDT,16.57000000,17.08000000,16.15000000,16.89000000,1747932.32000000,29002356.76360000,67553
1647475200000,2022-03-17 00:00:00,ICP/USDT,16.48000000,17.22000000,16.28000000,16.56000000,2108735.15000000,35174916.66250000,97959
1647388800000,2022-03-16 00:00:00,ICP/USDT,15.84000000,16.49000000,15.58000000,16.48000000,2499951.31000000,40078794.86240000,115083
1647302400000,2022-03-15 00:00:00,ICP/USDT,16.15000000,16.44000000,15.34000000,15.84000000,1636083.76000000,25887182.60890000,76050
1647216000000,2022-03-14 00:00:00,ICP/USDT,15.75000000,16.21000000,15.58000000,16.16000000,1193114.49000000,18912530.96950000,45376
1647129600000,2022-03-13 00:00:00,ICP/USDT,16.07000000,16.44000000,15.43000000,15.75000000,1113284.72000000,17894892.30290000,64647
1647043200000,2022-03-12 00:00:00,ICP/USDT,16.00000000,16.64000000,16.00000000,16.07000000,959635.98000000,15722687.02950000,76498
1646956800000,2022-03-11 00:00:00,ICP/USDT,16.60000000,16.95000000,15.94000000,16.00000000,1518591.45000000,24935971.88210000,68303
1646870400000,2022-03-10 00:00:00,ICP/USDT,17.46000000,17.54000000,16.06000000,16.60000000,1588727.21000000,26298649.98430000,81941
1646784000000,2022-03-09 00:00:00,ICP/USDT,16.86000000,17.94000000,16.73000000,17.46000000,1804423.82000000,31610954.77100000,81709
1646697600000,2022-03-08 00:00:00,ICP/USDT,16.41000000,17.13000000,16.30000000,16.86000000,1374052.59000000,23059485.95650000,57534
1646611200000,2022-03-07 00:00:00,ICP/USDT,16.62000000,17.32000000,15.83000000,16.42000000,2293487.83000000,38126863.92470000,92846
1646524800000,2022-03-06 00:00:00,ICP/USDT,17.66000000,17.78000000,16.57000000,16.62000000,1552560.07000000,26726357.05750000,70656
1646438400000,2022-03-05 00:00:00,ICP/USDT,17.62000000,17.91000000,16.81000000,17.67000000,1694014.38000000,29467802.86280000,76011
1646352000000,2022-03-04 00:00:00,ICP/USDT,19.97000000,19.99000000,17.32000000,17.61000000,2451670.15000000,45633269.95250000,114148
1646265600000,2022-03-03 00:00:00,ICP/USDT,19.31000000,20.77000000,18.86000000,19.97000000,3215167.52000000,63684993.17230000,171833
1646179200000,2022-03-02 00:00:00,ICP/USDT,19.36000000,19.84000000,18.82000000,19.31000000,2208516.66000000,42589615.03000000,109215
1646092800000,2022-03-01 00:00:00,ICP/USDT,20.13000000,20.48000000,19.07000000,19.36000000,2757349.89000000,54399417.72500000,137361
1646006400000,2022-02-28 00:00:00,ICP/USDT,17.23000000,20.22000000,16.92000000,20.13000000,2697808.89000000,49729400.57560000,121126
1645920000000,2022-02-27 00:00:00,ICP/USDT,17.73000000,18.79000000,16.86000000,17.23000000,2237182.36000000,39920650.86310000,99211
1645833600000,2022-02-26 00:00:00,ICP/USDT,17.66000000,18.25000000,17.37000000,17.74000000,1462407.54000000,26083167.81280000,61017
1645747200000,2022-02-25 00:00:00,ICP/USDT,16.60000000,17.98000000,16.34000000,17.67000000,2298309.02000000,39096760.17490000,88163
1645660800000,2022-02-24 00:00:00,ICP/USDT,17.31000000,17.49000000,14.68000000,16.60000000,5012137.89000000,79174868.56700000,185072
1645574400000,2022-02-23 00:00:00,ICP/USDT,17.91000000,18.58000000,17.11000000,17.31000000,2449889.37000000,44026506.43500000,78619
1645488000000,2022-02-22 00:00:00,ICP/USDT,17.77000000,18.18000000,16.81000000,17.92000000,2862552.87000000,50280495.51630000,117581
1645401600000,2022-02-21 00:00:00,ICP/USDT,18.71000000,19.46000000,17.66000000,17.77000000,3079630.20000000,57298043.97660000,136958
1645315200000,2022-02-20 00:00:00,ICP/USDT,19.99000000,20.04000000,18.26000000,18.70000000,2056059.55000000,38998737.37430000,83154
1645228800000,2022-02-19 00:00:00,ICP/USDT,19.62000000,20.47000000,19.15000000,20.00000000,1374776.89000000,27214345.07760000,68893
1645142400000,2022-02-18 00:00:00,ICP/USDT,19.85000000,20.39000000,19.14000000,19.62000000,1822980.24000000,36096499.08100000,85897
1645056000000,2022-02-17 00:00:00,ICP/USDT,22.06000000,22.43000000,19.55000000,19.85000000,2491602.25000000,52534172.83500000,131123
1644969600000,2022-02-16 00:00:00,ICP/USDT,21.78000000,22.54000000,20.71000000,22.08000000,2316735.87000000,49987089.52910000,118519
1644883200000,2022-02-15 00:00:00,ICP/USDT,20.73000000,21.87000000,20.57000000,21.77000000,1927989.93000000,41137173.31670000,83066
1644796800000,2022-02-14 00:00:00,ICP/USDT,19.74000000,21.28000000,19.15000000,20.73000000,2374343.85000000,48139441.18570000,95477
1644710400000,2022-02-13 00:00:00,ICP/USDT,20.06000000,20.83000000,19.50000000,19.75000000,1280652.90000000,25755884.70350000,54620
1644624000000,2022-02-12 00:00:00,ICP/USDT,19.82000000,20.56000000,19.02000000,20.04000000,1894845.88000000,37777490.86930000,79136
1644537600000,2022-02-11 00:00:00,ICP/USDT,21.58000000,22.06000000,19.35000000,19.82000000,2518576.08000000,52995837.23270000,111035
1644451200000,2022-02-10 00:00:00,ICP/USDT,23.07000000,23.22000000,21.41000000,21.57000000,2696892.96000000,60500938.36730000,133668
1644364800000,2022-02-09 00:00:00,ICP/USDT,23.00000000,23.41000000,22.43000000,23.07000000,1845107.26000000,42509731.01800000,90174
1644278400000,2022-02-08 00:00:00,ICP/USDT,24.03000000,24.68000000,22.26000000,23.00000000,2983415.84000000,69787042.68990000,144776
1644192000000,2022-02-07 00:00:00,ICP/USDT,23.36000000,24.45000000,22.74000000,24.02000000,2982348.34000000,71023065.93990000,132733
1644105600000,2022-02-06 00:00:00,ICP/USDT,22.24000000,24.26000000,22.23000000,23.36000000,2585085.23000000,60063278.92290000,128861
1644019200000,2022-02-05 00:00:00,ICP/USDT,22.26000000,23.15000000,21.88000000,22.24000000,2243539.81000000,50495736.12650000,107665
1643932800000,2022-02-04 00:00:00,ICP/USDT,20.78000000,22.39000000,20.42000000,22.26000000,2992379.58000000,63616606.16030000,136994
1643846400000,2022-02-03 00:00:00,ICP/USDT,21.59000000,22.09000000,20.02000000,20.79000000,3142538.70000000,65286952.16830000,137305
1643760000000,2022-02-02 00:00:00,ICP/USDT,20.15000000,22.33000000,19.92000000,21.59000000,4903533.26000000,104940421.52920000,239595
1643673600000,2022-02-01 00:00:00,ICP/USDT,19.82000000,20.54000000,19.66000000,20.16000000,2040984.79000000,40910399.64960000,88002
1643587200000,2022-01-31 00:00:00,ICP/USDT,19.25000000,20.05000000,18.51000000,19.80000000,2481805.31000000,47844570.41190000,93421
1643500800000,2022-01-30 00:00:00,ICP/USDT,20.17000000,20.47000000,18.85000000,19.23000000,3487582.59000000,69011118.94340000,126287
1643414400000,2022-01-29 00:00:00,ICP/USDT,20.29000000,21.36000000,20.02000000,20.17000000,2626370.87000000,54187431.45600000,105302
1643328000000,2022-01-28 00:00:00,ICP/USDT,19.58000000,20.68000000,18.92000000,20.30000000,2661238.53000000,52525448.80100000,126088
1643241600000,2022-01-27 00:00:00,ICP/USDT,19.81000000,20.06000000,18.49000000,19.59000000,4156184.15000000,79780415.42420000,150798
1643155200000,2022-01-26 00:00:00,ICP/USDT,20.05000000,21.83000000,19.64000000,19.81000000,4685235.32000000,96815524.62090000,201886
1643068800000,2022-01-25 00:00:00,ICP/USDT,20.71000000,21.38000000,19.64000000,20.05000000,3125636.66000000,64402458.92340000,141193
1642982400000,2022-01-24 00:00:00,ICP/USDT,21.27000000,21.93000000,18.41000000,20.72000000,5239948.01000000,104025642.99900000,230968
1642896000000,2022-01-23 00:00:00,ICP/USDT,20.55000000,22.15000000,20.06000000,21.28000000,2884048.69000000,60729436.91000000,131369
1642809600000,2022-01-22 00:00:00,ICP/USDT,24.19000000,25.32000000,18.06000000,20.55000000,7004823.96000000,150495304.67770000,384672
1642723200000,2022-01-21 00:00:00,ICP/USDT,24.97000000,25.51000000,22.33000000,24.20000000,5637216.13000000,135208901.81470000,324675
1642636800000,2022-01-20 00:00:00,ICP/USDT,26.52000000,28.60000000,24.73000000,24.98000000,3457397.27000000,93002524.85760000,179482
1642550400000,2022-01-19 00:00:00,ICP/USDT,29.36000000,29.61000000,26.15000000,26.52000000,3169788.58000000,87444464.97730000,159857
1642464000000,2022-01-18 00:00:00,ICP/USDT,29.64000000,31.72000000,28.17000000,29.37000000,2650416.27000000,78905839.32100000,187669
1642377600000,2022-01-17 00:00:00,ICP/USDT,31.15000000,31.33000000,28.62000000,29.64000000,2128974.21000000,63409916.77140000,158270
1642291200000,2022-01-16 00:00:00,ICP/USDT,32.54000000,33.12000000,30.50000000,31.15000000,2280546.30000000,72079206.64490000,152056
1642204800000,2022-01-15 00:00:00,ICP/USDT,32.52000000,33.98000000,31.75000000,32.55000000,1793177.97000000,58717600.00800000,135084
1642118400000,2022-01-14 00:00:00,ICP/USDT,31.37000000,33.10000000,31.05000000,32.51000000,2738731.62000000,87867563.08840000,176083
1642032000000,2022-01-13 00:00:00,ICP/USDT,35.01000000,35.10000000,31.21000000,31.38000000,3412062.50000000,113509724.52190000,244237
1641945600000,2022-01-12 00:00:00,ICP/USDT,34.44000000,35.93000000,32.61000000,34.99000000,4020960.88000000,138304288.16730000,290214
1641859200000,2022-01-11 00:00:00,ICP/USDT,34.31000000,37.04000000,33.59000000,34.43000000,4669598.51000000,164223313.54860000,358019
1641772800000,2022-01-10 00:00:00,ICP/USDT,36.15000000,37.79000000,32.18000000,34.31000000,7633781.26000000,267402143.37480000,595213
1641686400000,2022-01-09 00:00:00,ICP/USDT,32.93000000,37.34000000,32.79000000,36.15000000,7465611.75000000,262663515.52730000,558371
1641600000000,2022-01-08 00:00:00,ICP/USDT,30.23000000,33.93000000,30.10000000,32.92000000,6486311.40000000,209268322.35400000,461167
1641513600000,2022-01-07 00:00:00,ICP/USDT,30.59000000,32.58000000,27.01000000,30.23000000,6610521.36000000,196190529.56600000,421728
1641427200000,2022-01-06 00:00:00,ICP/USDT,30.63000000,32.63000000,28.56000000,30.59000000,7215531.19000000,217891182.07940000,381113
1641340800000,2022-01-05 00:00:00,ICP/USDT,33.79000000,38.02000000,29.00000000,30.64000000,10608704.84000000,365859386.20370000,802157
1641254400000,2022-01-04 00:00:00,ICP/USDT,29.26000000,35.56000000,27.81000000,33.79000000,8471538.89000000,274169320.72560000,816335
1641168000000,2022-01-03 00:00:00,ICP/USDT,27.31000000,29.46000000,26.50000000,29.26000000,3919002.06000000,109502140.95650000,284956
1641081600000,2022-01-02 00:00:00,ICP/USDT,25.62000000,28.57000000,25.38000000,27.31000000,3745022.06000000,102707982.58240000,258819
1640995200000,2022-01-01 00:00:00,ICP/USDT,24.42000000,26.00000000,24.40000000,25.62000000,1450347.58000000,36526630.52560000,74960
1640908800000,2021-12-31 00:00:00,ICP/USDT,24.77000000,26.59000000,24.00000000,24.40000000,2542720.78000000,64499934.08330000,144029
1640822400000,2021-12-30 00:00:00,ICP/USDT,24.04000000,26.05000000,23.26000000,24.77000000,2265270.36000000,56215733.04620000,130353
1640736000000,2021-12-29 00:00:00,ICP/USDT,24.72000000,25.32000000,23.52000000,24.05000000,2436786.42000000,59760326.91450000,128011
1640649600000,2021-12-28 00:00:00,ICP/USDT,28.23000000,28.26000000,24.30000000,24.72000000,3965926.96000000,103350181.11700000,234354
1640563200000,2021-12-27 00:00:00,ICP/USDT,26.69000000,29.90000000,26.67000000,28.25000000,3222010.91000000,90267075.52100000,252008
1640476800000,2021-12-26 00:00:00,ICP/USDT,27.27000000,27.91000000,25.81000000,26.69000000,2518856.08000000,66890863.40690000,143891
1640390400000,2021-12-25 00:00:00,ICP/USDT,27.62000000,28.79000000,26.54000000,27.27000000,1982697.41000000,54338046.68310000,126442
1640304000000,2021-12-24 00:00:00,ICP/USDT,27.01000000,28.74000000,26.42000000,27.62000000,3605575.36000000,99585376.94820000,266118
1640217600000,2021-12-23 00:00:00,ICP/USDT,23.32000000,27.92000000,22.92000000,27.00000000,5758633.09000000,146240058.70610000,372582
1640131200000,2021-12-22 00:00:00,ICP/USDT,23.10000000,24.21000000,22.81000000,23.31000000,3432808.15000000,80446754.65760000,171192
1640044800000,2021-12-21 00:00:00,ICP/USDT,21.77000000,23.52000000,21.44000000,23.10000000,2686284.83000000,61215421.21260000,127865
1639958400000,2021-12-20 00:00:00,ICP/USDT,22.65000000,23.00000000,20.88000000,21.76000000,3060755.80000000,66617414.59590000,156948
1639872000000,2021-12-19 00:00:00,ICP/USDT,23.66000000,24.76000000,22.38000000,22.65000000,2311835.55000000,53937723.14360000,115377
1639785600000,2021-12-18 00:00:00,ICP/USDT,23.28000000,24.07000000,22.81000000,23.66000000,2239075.64000000,52828930.13370000,112119
1639699200000,2021-12-17 00:00:00,ICP/USDT,24.38000000,24.87000000,22.76000000,23.28000000,2451203.17000000,58704233.19820000,142808
1639612800000,2021-12-16 00:00:00,ICP/USDT,25.94000000,26.47000000,24.22000000,24.38000000,1838035.91000000,47140151.08180000,114200
1639526400000,2021-12-15 00:00:00,ICP/USDT,25.50000000,26.71000000,23.62000000,25.94000000,2407923.12000000,60659995.34060000,165196
1639440000000,2021-12-14 00:00:00,ICP/USDT,25.07000000,25.78000000,24.20000000,25.52000000,1723381.03000000,43202096.10580000,117430
1639353600000,2021-12-13 00:00:00,ICP/USDT,28.46000000,29.00000000,24.21000000,25.06000000,2349714.74000000,61695553.26110000,157589
1639267200000,2021-12-12 00:00:00,ICP/USDT,27.91000000,29.00000000,27.03000000,28.48000000,1303417.64000000,36520921.90040000,87591
1639180800000,2021-12-11 00:00:00,ICP/USDT,26.74000000,28.82000000,26.09000000,27.91000000,1616745.99000000,44488553.74620000,101592
1639094400000,2021-12-10 00:00:00,ICP/USDT,28.29000000,29.49000000,26.32000000,26.73000000,2106719.74000000,58706603.07240000,137446
1639008000000,2021-12-09 00:00:00,ICP/USDT,31.56000000,31.75000000,28.06000000,28.29000000,1608355.09000000,48032802.03150000,121481
1638921600000,2021-12-08 00:00:00,ICP/USDT,29.50000000,33.29000000,29.07000000,31.55000000,3809760.52000000,120034169.31940000,299236
1638835200000,2021-12-07 00:00:00,ICP/USDT,30.21000000,31.25000000,29.04000000,29.49000000,2134372.27000000,64355051.17940000,149135
1638748800000,2021-12-06 00:00:00,ICP/USDT,30.38000000,30.51000000,26.70000000,30.21000000,2946658.12000000,84857415.40990000,196721
1638662400000,2021-12-05 00:00:00,ICP/USDT,31.71000000,32.30000000,28.21000000,30.37000000,2728238.61000000,82874387.12370000,219764
1638576000000,2021-12-04 00:00:00,ICP/USDT,37.91000000,38.15000000,24.00000000,31.71000000,6460036.07000000,197497386.75570000,559714
1638489600000,2021-12-03 00:00:00,ICP/USDT,40.12000000,41.46000000,35.65000000,37.92000000,2113931.43000000,82968262.79140000,211510
1638403200000,2021-12-02 00:00:00,ICP/USDT,41.00000000,41.02000000,39.50000000,40.14000000,1234118.56000000,49693598.31390000,119736
1638316800000,2021-12-01 00:00:00,ICP/USDT,40.84000000,42.96000000,40.40000000,41.01000000,1666659.55000000,69526805.54710000,183198
1638230400000,2021-11-30 00:00:00,ICP/USDT,41.96000000,42.78000000,40.15000000,40.84000000,1944361.75000000,80406615.51550000,219745
1638144000000,2021-11-29 00:00:00,ICP/USDT,41.86000000,42.63000000,41.00000000,41.97000000,1447820.90000000,60725796.73740000,145807
1638057600000,2021-11-28 00:00:00,ICP/USDT,42.13000000,42.41000000,39.08000000,41.86000000,2153449.14000000,87842219.70510000,212967
1637971200000,2021-11-27 00:00:00,ICP/USDT,39.60000000,44.69000000,39.30000000,42.13000000,2976060.73000000,127247798.74510000,347329
1637884800000,2021-11-26 00:00:00,ICP/USDT,43.10000000,45.92000000,38.30000000,39.60000000,3615132.66000000,149270889.10800000,399849
1637798400000,2021-11-25 00:00:00,ICP/USDT,40.38000000,44.21000000,40.27000000,43.10000000,1740148.84000000,74016444.59920000,193918
1637712000000,2021-11-24 00:00:00,ICP/USDT,42.00000000,42.50000000,40.05000000,40.38000000,1636454.59000000,67107142.72250000,154699
1637625600000,2021-11-23 00:00:00,ICP/USDT,41.62000000,42.74000000,40.71000000,41.99000000,1387112.65000000,57949545.22920000,150302
1637539200000,2021-11-22 00:00:00,ICP/USDT,43.25000000,43.45000000,40.68000000,41.63000000,1666979.32000000,70576661.12360000,172212
1637452800000,2021-11-21 00:00:00,ICP/USDT,43.46000000,45.79000000,42.89000000,43.24000000,2324382.84000000,103649046.18660000,288292
1637366400000,2021-11-20 00:00:00,ICP/USDT,41.88000000,44.24000000,41.05000000,43.46000000,1801496.77000000,76759246.58730000,190602
1637280000000,2021-11-19 00:00:00,ICP/USDT,39.83000000,42.74000000,39.05000000,41.88000000,1721457.31000000,70992830.85020000,197329
1637193600000,2021-11-18 00:00:00,ICP/USDT,42.91000000,43.32000000,38.10000000,39.83000000,2494103.14000000,101917017.45940000,243089
1637107200000,2021-11-17 00:00:00,ICP/USDT,42.58000000,43.48000000,40.55000000,42.91000000,1753575.43000000,74061987.14260000,186079
1637020800000,2021-11-16 00:00:00,ICP/USDT,46.84000000,46.86000000,40.13000000,42.59000000,3044535.31000000,132216736.21500000,317907
1636934400000,2021-11-15 00:00:00,ICP/USDT,48.34000000,49.29000000,46.00000000,46.87000000,1552193.21000000,74325453.79880000,187988
1636848000000,2021-11-14 00:00:00,ICP/USDT,48.46000000,49.83000000,46.80000000,48.33000000,1682492.86000000,80961412.48090000,219573
1636761600000,2021-11-13 00:00:00,ICP/USDT,46.36000000,49.13000000,45.41000000,48.46000000,1656342.88000000,78298405.90150000,241121
1636675200000,2021-11-12 00:00:00,ICP/USDT,47.70000000,48.64000000,44.35000000,46.35000000,2130231.50000000,98354669.89620000,254745
1636588800000,2021-11-11 00:00:00,ICP/USDT,48.21000000,49.18000000,46.00000000,47.70000000,2352184.65000000,112832597.39710000,273540
1636502400000,2021-11-10 00:00:00,ICP/USDT,52.54000000,54.67000000,43.33000000,48.21000000,3422440.76000000,171886449.20310000,447007
1636416000000,2021-11-09 00:00:00,ICP/USDT,54.71000000,57.11000000,52.20000000,52.50000000,2297474.07000000,124507410.98880000,298342
1636329600000,2021-11-08 00:00:00,ICP/USDT,53.53000000,58.30000000,51.45000000,54.73000000,4435837.47000000,243395753.98860000,745455
1636243200000,2021-11-07 00:00:00,ICP/USDT,49.52000000,53.93000000,48.84000000,53.52000000,2389798.33000000,121860517.19590000,328437
1636156800000,2021-11-06 00:00:00,ICP/USDT,49.37000000,52.04000000,46.50000000,49.53000000,2869729.19000000,140483369.44770000,325562
1636070400000,2021-11-05 00:00:00,ICP/USDT,46.03000000,55.00000000,45.35000000,49.36000000,6806705.83000000,349600325.73360000,974623
1635984000000,2021-11-04 00:00:00,ICP/USDT,46.68000000,48.00000000,44.74000000,46.04000000,1853051.34000000,85773391.51260000,195099
1635897600000,2021-11-03 00:00:00,ICP/USDT,47.25000000,48.20000000,44.56000000,46.68000000,1970061.60000000,91698281.28480000,211414
1635811200000,2021-11-02 00:00:00,ICP/USDT,47.02000000,48.95000000,45.41000000,47.23000000,2493862.44000000,117695854.86100000,285022
1635724800000,2021-11-01 00:00:00,ICP/USDT,44.95000000,47.15000000,43.10000000,47.02000000,2345680.72000000,105737377.26410000,251256
1635638400000,2021-10-31 00:00:00,ICP/USDT,43.38000000,46.92000000,43.01000000,44.96000000,2867937.27000000,128562698.84740000,318926
1635552000000,2021-10-30 00:00:00,ICP/USDT,45.43000000,45.47000000,42.00000000,43.38000000,1619608.22000000,70809243.14510000,155053
1635465600000,2021-10-29 00:00:00,ICP/USDT,43.18000000,45.85000000,42.66000000,45.41000000,2036247.14000000,90142817.16340000,224378
1635379200000,2021-10-28 00:00:00,ICP/USDT,40.69000000,44.28000000,40.50000000,43.19000000,2499714.94000000,106133622.12540000,271620
1635292800000,2021-10-27 00:00:00,ICP/USDT,46.82000000,47.98000000,37.46000000,40.68000000,4211222.53000000,180193995.94300000,424910
1635206400000,2021-10-26 00:00:00,ICP/USDT,48.75000000,51.76000000,46.00000000,46.80000000,3291766.79000000,161759977.23120000,391557
1635120000000,2021-10-25 00:00:00,ICP/USDT,43.34000000,49.50000000,43.12000000,48.74000000,2367474.35000000,109625559.64020000,287684
1635033600000,2021-10-24 00:00:00,ICP/USDT,45.44000000,45.49000000,42.20000000,43.32000000,1346106.19000000,59265857.85830000,132327
1634947200000,2021-10-23 00:00:00,ICP/USDT,45.03000000,46.16000000,44.04000000,45.43000000,1063288.48000000,47968849.52510000,106679
1634860800000,2021-10-22 00:00:00,ICP/USDT,44.66000000,46.34000000,43.78000000,45.02000000,1466571.35000000,66346826.16620000,133421
1634774400000,2021-10-21 00:00:00,ICP/USDT,46.94000000,48.48000000,44.20000000,44.67000000,2500079.73000000,116186860.83980000,252843
1634688000000,2021-10-20 00:00:00,ICP/USDT,43.79000000,48.08000000,43.35000000,46.94000000,2233060.33000000,102200149.08500000,235433
1634601600000,2021-10-19 00:00:00,ICP/USDT,43.83000000,45.40000000,42.80000000,43.77000000,1665428.03000000,73408854.73180000,140702
1634515200000,2021-10-18 00:00:00,ICP/USDT,44.09000000,44.55000000,42.11000000,43.85000000,1633888.65000000,70920139.91360000,146898
1634428800000,2021-10-17 00:00:00,ICP/USDT,45.96000000,46.87000000,42.00000000,44.11000000,2259817.02000000,101035113.47670000,205599
1634342400000,2021-10-16 00:00:00,ICP/USDT,43.10000000,47.48000000,42.89000000,45.96000000,3373708.19000000,152858011.62120000,335712
1634256000000,2021-10-15 00:00:00,ICP/USDT,42.91000000,44.48000000,41.31000000,43.12000000,2749160.59000000,117676845.64210000,240090
1634169600000,2021-10-14 00:00:00,ICP/USDT,43.17000000,45.43000000,42.30000000,42.91000000,2364035.04000000,103944782.92830000,213974
1634083200000,2021-10-13 00:00:00,ICP/USDT,43.16000000,44.36000000,40.18000000,43.17000000,2212990.63000000,92838392.24030000,205197
1633996800000,2021-10-12 00:00:00,ICP/USDT,45.02000000,45.06000000,40.69000000,43.18000000,2278355.85000000,96848280.03420000,211514
1633910400000,2021-10-11 00:00:00,ICP/USDT,44.90000000,47.14000000,43.07000000,45.00000000,1853923.49000000,84204406.78090000,179635
1633824000000,2021-10-10 00:00:00,ICP/USDT,49.55000000,49.57000000,43.83000000,44.91000000,1979685.68000000,93387508.99570000,201807
1633737600000,2021-10-09 00:00:00,ICP/USDT,49.23000000,51.85000000,48.49000000,49.56000000,1697945.93000000,84698389.33880000,175358
1633651200000,2021-10-08 00:00:00,ICP/USDT,50.97000000,52.32000000,48.55000000,49.20000000,2239201.51000000,113533188.75620000,230110
1633564800000,2021-10-07 00:00:00,ICP/USDT,52.75000000,54.50000000,50.68000000,50.95000000,2119627.03000000,111856379.33360000,230768
1633478400000,2021-10-06 00:00:00,ICP/USDT,54.44000000,57.00000000,50.28000000,52.74000000,2324850.97000000,124659885.80950000,280020
1633392000000,2021-10-05 00:00:00,ICP/USDT,48.92000000,57.24000000,48.28000000,54.44000000,3468114.99000000,188145232.54230000,452778
1633305600000,2021-10-04 00:00:00,ICP/USDT,50.31000000,50.35000000,46.91000000,48.96000000,1316248.44000000,63901403.45690000,140020
1633219200000,2021-10-03 00:00:00,ICP/USDT,49.59000000,51.44000000,48.10000000,50.32000000,1286265.62000000,64260660.92440000,157137
1633132800000,2021-10-02 00:00:00,ICP/USDT,51.68000000,52.58000000,48.67000000,49.57000000,1371552.91000000,69901743.14070000,153227
1633046400000,2021-10-01 00:00:00,ICP/USDT,45.10000000,52.67000000,44.80000000,51.68000000,1824968.49000000,87878780.17590000,215101
1632960000000,2021-09-30 00:00:00,ICP/USDT,44.40000000,45.63000000,43.41000000,45.09000000,1098287.85000000,49007702.47070000,113727
1632873600000,2021-09-29 00:00:00,ICP/USDT,40.88000000,45.81000000,40.58000000,44.40000000,1439319.00000000,62467278.27320000,145444
1632787200000,2021-09-28 00:00:00,ICP/USDT,42.44000000,43.84000000,40.66000000,40.87000000,955085.77000000,40453231.63060000,98119
1632700800000,2021-09-27 00:00:00,ICP/USDT,43.69000000,46.73000000,42.25000000,42.46000000,1484962.85000000,66441199.51450000,139269
1632614400000,2021-09-26 00:00:00,ICP/USDT,45.78000000,45.96000000,39.50000000,43.69000000,2068058.81000000,89172040.46210000,197655
1632528000000,2021-09-25 00:00:00,ICP/USDT,46.10000000,47.12000000,44.00000000,45.79000000,1041802.33000000,47536603.83380000,119628
1632441600000,2021-09-24 00:00:00,ICP/USDT,50.55000000,51.46000000,42.11000000,46.11000000,2332675.22000000,107725826.75250000,247043
1632355200000,2021-09-23 00:00:00,ICP/USDT,49.90000000,52.30000000,48.78000000,50.56000000,1458482.89000000,73610844.00040000,163901
1632268800000,2021-09-22 00:00:00,ICP/USDT,44.77000000,52.00000000,44.03000000,49.89000000,1567645.14000000,74761407.57480000,174564
1632182400000,2021-09-21 00:00:00,ICP/USDT,47.57000000,50.14000000,42.12000000,44.79000000,1896657.04000000,88641843.84850000,226325
1632096000000,2021-09-20 00:00:00,ICP/USDT,57.18000000,57.36000000,45.27000000,47.58000000,2433927.32000000,122668246.39690000,282866
1632009600000,2021-09-19 00:00:00,ICP/USDT,58.58000000,58.87000000,56.12000000,57.16000000,755052.42000000,43403586.34720000,99393
1631923200000,2021-09-18 00:00:00,ICP/USDT,56.47000000,61.20000000,55.47000000,58.60000000,1230921.55000000,72432788.20060000,166248
1631836800000,2021-09-17 00:00:00,ICP/USDT,57.91000000,58.60000000,55.00000000,56.45000000,982128.57000000,55606197.09330000,119097
1631750400000,2021-09-16 00:00:00,ICP/USDT,61.37000000,61.71000000,56.57000000,57.93000000,1293716.19000000,76765371.63240000,157652
1631664000000,2021-09-15 00:00:00,ICP/USDT,56.93000000,62.30000000,56.68000000,61.37000000,1488191.86000000,88386800.68050000,196509
1631577600000,2021-09-14 00:00:00,ICP/USDT,55.06000000,58.81000000,54.37000000,56.93000000,1362715.04000000,77052437.44300000,161260
1631491200000,2021-09-13 00:00:00,ICP/USDT,59.44000000,60.27000000,50.36000000,55.06000000,2098261.31000000,115894604.89660000,281209
1631404800000,2021-09-12 00:00:00,ICP/USDT,58.08000000,61.88000000,56.34000000,59.43000000,1693103.70000000,100692198.46220000,218649
1631318400000,2021-09-11 00:00:00,ICP/USDT,56.92000000,62.00000000,55.46000000,58.10000000,2076336.41000000,122528164.76490000,237970
1631232000000,2021-09-10 00:00:00,ICP/USDT,60.82000000,63.08000000,54.29000000,56.91000000,2637847.42000000,154337456.82580000,321207
1631145600000,2021-09-09 00:00:00,ICP/USDT,61.49000000,64.63000000,58.67000000,60.82000000,2950122.07000000,182444346.89800000,355376
1631059200000,2021-09-08 00:00:00,ICP/USDT,61.23000000,63.86000000,55.50000000,61.58000000,3401162.34000000,203684644.54510000,352813
1630972800000,2021-09-07 00:00:00,ICP/USDT,79.52000000,81.31000000,55.00000000,61.23000000,6261944.62000000,418982010.01330000,722665
1630886400000,2021-09-06 00:00:00,ICP/USDT,79.30000000,87.00000000,75.78000000,79.55000000,4082261.55000000,333065620.31600000,605487
1630800000000,2021-09-05 00:00:00,ICP/USDT,78.27000000,83.61000000,76.02000000,79.33000000,5154431.66000000,409263279.28020000,783505
1630713600000,2021-09-04 00:00:00,ICP/USDT,65.85000000,79.00000000,65.40000000,78.30000000,4383135.94000000,314056834.36020000,716020
1630627200000,2021-09-03 00:00:00,ICP/USDT,64.57000000,68.56000000,63.15000000,65.82000000,2062915.19000000,136144665.29580000,233080
1630540800000,2021-09-02 00:00:00,ICP/USDT,66.25000000,68.91000000,64.29000000,64.58000000,2150659.27000000,143038530.06100000,254233
1630454400000,2021-09-01 00:00:00,ICP/USDT,62.79000000,66.46000000,60.51000000,66.24000000,2226574.30000000,143036837.89490000,241565
1630368000000,2021-08-31 00:00:00,ICP/USDT,64.75000000,67.80000000,61.84000000,62.78000000,2958933.76000000,191697536.27660000,319230
1630281600000,2021-08-30 00:00:00,ICP/USDT,72.04000000,73.17000000,63.61000000,64.73000000,4208025.05000000,287653395.33050000,466494
1630195200000,2021-08-29 00:00:00,ICP/USDT,65.10000000,74.80000000,61.52000000,72.00000000,4740028.97000000,324837598.55640000,600408
1630108800000,2021-08-28 00:00:00,ICP/USDT,62.73000000,68.64000000,61.75000000,65.08000000,3246411.13000000,214564311.01780000,413562
1630022400000,2021-08-27 00:00:00,ICP/USDT,56.51000000,63.60000000,54.50000000,62.70000000,2790034.75000000,164707723.93020000,316334
1629936000000,2021-08-26 00:00:00,ICP/USDT,62.18000000,63.20000000,56.01000000,56.45000000,2388830.12000000,139960163.86840000,247013
1629849600000,2021-08-25 00:00:00,ICP/USDT,59.22000000,63.80000000,55.85000000,62.18000000,2217825.28000000,133595139.94390000,218539
1629763200000,2021-08-24 00:00:00,ICP/USDT,65.63000000,66.90000000,57.55000000,59.23000000,1837048.65000000,114180114.82840000,201650
1629676800000,2021-08-23 00:00:00,ICP/USDT,64.59000000,67.62000000,63.35000000,65.62000000,1638778.66000000,107263161.09870000,183556
1629590400000,2021-08-22 00:00:00,ICP/USDT,64.62000000,67.00000000,61.09000000,64.59000000,1371646.25000000,88236509.99400000,154497
1629504000000,2021-08-21 00:00:00,ICP/USDT,67.91000000,69.42000000,63.80000000,64.58000000,1848095.15000000,122715488.98050000,245727
1629417600000,2021-08-20 00:00:00,ICP/USDT,67.13000000,71.00000000,65.68000000,67.91000000,2833802.04000000,192046492.20290000,360418
1629331200000,2021-08-19 00:00:00,ICP/USDT,58.53000000,69.08000000,57.74000000,67.15000000,4652427.94000000,300757677.05660000,523079
1629244800000,2021-08-18 00:00:00,ICP/USDT,56.11000000,61.53000000,54.10000000,58.53000000,2646746.85000000,153603705.19690000,257400
1629158400000,2021-08-17 00:00:00,ICP/USDT,61.06000000,64.20000000,54.34000000,56.05000000,2928722.01000000,176746174.47580000,288042
1629072000000,2021-08-16 00:00:00,ICP/USDT,63.40000000,67.90000000,60.07000000,61.06000000,3043095.42000000,195762870.18100000,345573
1628985600000,2021-08-15 00:00:00,ICP/USDT,64.21000000,65.00000000,58.28000000,63.40000000,2267542.06000000,139771398.71670000,269092
1628899200000,2021-08-14 00:00:00,ICP/USDT,68.25000000,68.33000000,62.05000000,64.20000000,2359398.30000000,152591995.78830000,255667
1628812800000,2021-08-13 00:00:00,ICP/USDT,64.20000000,69.09000000,62.76000000,68.23000000,2327234.70000000,153975394.46600000,269851
1628726400000,2021-08-12 00:00:00,ICP/USDT,67.14000000,72.32000000,60.00000000,64.18000000,3749481.74000000,243085920.15340000,432919
1628640000000,2021-08-11 00:00:00,ICP/USDT,71.61000000,77.00000000,65.57000000,67.16000000,4614502.53000000,327185733.10290000,582259
1628553600000,2021-08-10 00:00:00,ICP/USDT,64.25000000,76.58000000,61.37000000,71.60000000,6028075.78000000,429821927.17920000,679117
1628467200000,2021-08-09 00:00:00,ICP/USDT,55.23000000,68.90000000,52.73000000,64.25000000,5812629.37000000,365380628.49870000,528817
1628380800000,2021-08-08 00:00:00,ICP/USDT,61.66000000,62.29000000,53.20000000,55.27000000,3954451.43000000,228467362.86360000,358658
1628294400000,2021-08-07 00:00:00,ICP/USDT,48.27000000,66.18000000,47.87000000,61.65000000,7547111.04000000,444320301.02440000,752033
1628208000000,2021-08-06 00:00:00,ICP/USDT,42.10000000,52.50000000,40.45000000,48.27000000,4556012.16000000,213614866.92660000,357722
1628121600000,2021-08-05 00:00:00,ICP/USDT,39.31000000,42.75000000,38.12000000,42.10000000,1605678.43000000,64430274.75070000,116798
1628035200000,2021-08-04 00:00:00,ICP/USDT,38.55000000,40.46000000,37.78000000,39.32000000,1373394.84000000,53966659.40460000,95782
1627948800000,2021-08-03 00:00:00,ICP/USDT,40.20000000,40.66000000,37.51000000,38.53000000,1391723.45000000,53771285.92310000,95484
1627862400000,2021-08-02 00:00:00,ICP/USDT,40.86000000,41.51000000,39.71000000,40.18000000,1304588.71000000,52872885.15660000,86114
1627776000000,2021-08-01 00:00:00,ICP/USDT,41.95000000,44.66000000,40.61000000,40.87000000,1879639.57000000,79942281.22220000,146370
1627689600000,2021-07-31 00:00:00,ICP/USDT,42.21000000,43.97000000,40.36000000,41.97000000,1840642.86000000,77080771.12350000,138090
1627603200000,2021-07-30 00:00:00,ICP/USDT,41.25000000,42.76000000,38.19000000,42.19000000,1766069.80000000,71647299.11320000,119750
1627516800000,2021-07-29 00:00:00,ICP/USDT,40.77000000,41.92000000,39.03000000,41.25000000,1347700.76000000,54189550.41730000,91385
1627430400000,2021-07-28 00:00:00,ICP/USDT,41.03000000,43.85000000,39.27000000,40.75000000,2427977.48000000,101186780.70980000,167220
1627344000000,2021-07-27 00:00:00,ICP/USDT,40.59000000,41.79000000,37.46000000,41.01000000,3223737.65000000,127386432.73760000,223168
1627257600000,2021-07-26 00:00:00,ICP/USDT,42.59000000,48.20000000,40.48000000,40.60000000,3939219.13000000,175724633.12950000,315475
1627171200000,2021-07-25 00:00:00,ICP/USDT,43.49000000,46.04000000,40.38000000,42.60000000,4365420.01000000,187234119.05130000,293808
1627084800000,2021-07-24 00:00:00,ICP/USDT,34.65000000,45.74000000,33.83000000,43.48000000,4780213.02000000,190987005.10160000,351763
1626998400000,2021-07-23 00:00:00,ICP/USDT,33.75000000,35.09000000,31.68000000,34.65000000,1721674.64000000,57723882.96490000,96072
1626912000000,2021-07-22 00:00:00,ICP/USDT,33.49000000,35.50000000,32.15000000,33.75000000,2705596.56000000,91925977.66990000,136095
1626825600000,2021-07-21 00:00:00,ICP/USDT,28.54000000,35.16000000,27.74000000,33.51000000,2226540.52000000,72362762.05400000,146639
1626739200000,2021-07-20 00:00:00,ICP/USDT,30.92000000,31.55000000,26.90000000,28.53000000,1376424.88000000,39421073.87830000,85656
1626652800000,2021-07-19 00:00:00,ICP/USDT,32.36000000,32.59000000,29.81000000,30.92000000,876692.94000000,27185495.27520000,58087
1626566400000,2021-07-18 00:00:00,ICP/USDT,32.28000000,34.80000000,31.86000000,32.36000000,899628.77000000,29810968.31050000,56880
1626480000000,2021-07-17 00:00:00,ICP/USDT,32.36000000,33.51000000,31.13000000,32.27000000,998923.24000000,32370532.79430000,63867
1626393600000,2021-07-16 00:00:00,ICP/USDT,35.99000000,36.12000000,32.14000000,32.37000000,1117974.43000000,38383594.93230000,80475
1626307200000,2021-07-15 00:00:00,ICP/USDT,36.86000000,38.39000000,35.30000000,35.96000000,1358762.63000000,49864303.68420000,96213
1626220800000,2021-07-14 00:00:00,ICP/USDT,38.98000000,39.86000000,35.27000000,36.89000000,2086244.42000000,78155089.15480000,137269
1626134400000,2021-07-13 00:00:00,ICP/USDT,37.21000000,39.95000000,35.21000000,38.92000000,1471520.55000000,55032313.98170000,105053
1626048000000,2021-07-12 00:00:00,ICP/USDT,39.74000000,40.99000000,35.91000000,37.22000000,1035412.03000000,39956673.83830000,81090
1625961600000,2021-07-11 00:00:00,ICP/USDT,38.62000000,41.46000000,37.73000000,39.71000000,1073749.97000000,42857708.90120000,82249
1625875200000,2021-07-10 00:00:00,ICP/USDT,40.57000000,42.11000000,37.61000000,38.64000000,1190654.85000000,46984461.50100000,95813
1625788800000,2021-07-09 00:00:00,ICP/USDT,40.27000000,42.52000000,37.28000000,40.60000000,1377879.20000000,55251874.27860000,109419
1625702400000,2021-07-08 00:00:00,ICP/USDT,45.37000000,45.50000000,39.16000000,40.28000000,1723697.25000000,72182997.64530000,144843
1625616000000,2021-07-07 00:00:00,ICP/USDT,46.20000000,47.95000000,45.00000000,45.37000000,1486321.71000000,69079875.39770000,115476
1625529600000,2021-07-06 00:00:00,ICP/USDT,46.24000000,48.45000000,45.00000000,46.20000000,1682990.23000000,78391547.52930000,129176
1625443200000,2021-07-05 00:00:00,ICP/USDT,46.72000000,48.00000000,44.00000000,46.22000000,2131768.05000000,97641278.51490000,162589
1625356800000,2021-07-04 00:00:00,ICP/USDT,48.77000000,50.98000000,46.43000000,46.71000000,2116096.87000000,103114128.55340000,176817
1625270400000,2021-07-03 00:00:00,ICP/USDT,43.86000000,50.00000000,42.72000000,48.74000000,2483121.27000000,116197398.29530000,194548
1625184000000,2021-07-02 00:00:00,ICP/USDT,45.69000000,47.43000000,41.42000000,43.87000000,2459456.31000000,106081355.33560000,178057
1625097600000,2021-07-01 00:00:00,ICP/USDT,49.92000000,50.79000000,44.20000000,45.69000000,3381335.99000000,157749664.71820000,240532
1625011200000,2021-06-30 00:00:00,ICP/USDT,54.16000000,54.69000000,43.20000000,49.94000000,6250390.78000000,301142999.05200000,428104
1624924800000,2021-06-29 00:00:00,ICP/USDT,51.21000000,59.45000000,46.79000000,54.22000000,5280307.53000000,275033025.50530000,446425
1624838400000,2021-06-28 00:00:00,ICP/USDT,42.99000000,51.50000000,40.48000000,51.26000000,5785634.89000000,256657188.22720000,428518
1624752000000,2021-06-27 00:00:00,ICP/USDT,30.32000000,46.00000000,29.45000000,43.00000000,4776729.13000000,174264118.14490000,349534
1624665600000,2021-06-26 00:00:00,ICP/USDT,31.11000000,33.75000000,28.26000000,30.34000000,2335156.08000000,70046158.11040000,144079
1624579200000,2021-06-25 00:00:00,ICP/USDT,34.61000000,36.70000000,30.70000000,31.13000000,2238122.07000000,74667578.32250000,165214
1624492800000,2021-06-24 00:00:00,ICP/USDT,37.74000000,38.89000000,33.12000000,34.60000000,2212299.09000000,79276516.87430000,175031
1624406400000,2021-06-23 00:00:00,ICP/USDT,34.52000000,41.50000000,32.86000000,37.75000000,2192089.96000000,82759657.44620000,166143
1624320000000,2021-06-22 00:00:00,ICP/USDT,36.66000000,40.13000000,31.82000000,34.54000000,2316371.81000000,83181244.89160000,190912
1624233600000,2021-06-21 00:00:00,ICP/USDT,47.12000000,47.64000000,36.20000000,36.61000000,2441109.22000000,100108832.59880000,201475
1624147200000,2021-06-20 00:00:00,ICP/USDT,48.64000000,50.70000000,44.00000000,47.10000000,1463587.92000000,69289982.82880000,133053
1624060800000,2021-06-19 00:00:00,ICP/USDT,48.44000000,54.90000000,46.33000000,48.62000000,1737401.79000000,88358981.56820000,157614
1623974400000,2021-06-18 00:00:00,ICP/USDT,54.12000000,55.54000000,46.89000000,48.44000000,1305078.10000000,66065252.38960000,128868
1623888000000,2021-06-17 00:00:00,ICP/USDT,55.34000000,60.18000000,51.02000000,54.09000000,1388646.51000000,76137054.75030000,152658
1623801600000,2021-06-16 00:00:00,ICP/USDT,60.32000000,60.41000000,54.72000000,55.34000000,1323822.44000000,75387425.47210000,146359
1623715200000,2021-06-15 00:00:00,ICP/USDT,66.69000000,68.88000000,58.58000000,60.39000000,1801762.13000000,113215344.46800000,193071
1623628800000,2021-06-14 00:00:00,ICP/USDT,64.44000000,70.81000000,61.88000000,66.69000000,1588608.47000000,104997053.13330000,182637
1623542400000,2021-06-13 00:00:00,ICP/USDT,61.07000000,67.00000000,57.18000000,64.45000000,2035143.16000000,125963640.72360000,222659
1623456000000,2021-06-12 00:00:00,ICP/USDT,58.40000000,67.66000000,52.92000000,61.08000000,2179939.38000000,128861473.32490000,259288
1623369600000,2021-06-11 00:00:00,ICP/USDT,66.54000000,72.39000000,56.14000000,58.49000000,2119023.27000000,137189815.28570000,281430
1623283200000,2021-06-10 00:00:00,ICP/USDT,81.55000000,83.69000000,65.35000000,66.57000000,2095644.84000000,152652152.23980000,295219
1623196800000,2021-06-09 00:00:00,ICP/USDT,81.31000000,88.99000000,77.10000000,81.55000000,1226553.49000000,100763768.32050000,190683
1623110400000,2021-06-08 00:00:00,ICP/USDT,91.14000000,94.37000000,76.72000000,81.31000000,1081773.46000000,92100852.95550000,181284
1623024000000,2021-06-07 00:00:00,ICP/USDT,104.42000000,106.73000000,88.88000000,91.13000000,819469.64000000,82093920.62400000,176841
1622937600000,2021-06-06 00:00:00,ICP/USDT,104.50000000,110.00000000,102.39000000,104.49000000,512306.77000000,54100304.56600000,89120
1622851200000,2021-06-05 00:00:00,ICP/USDT,108.71000000,116.26000000,100.00000000,104.55000000,755203.97000000,81864643.56020000,170071
1622764800000,2021-06-04 00:00:00,ICP/USDT,124.50000000,124.54000000,105.24000000,108.78000000,1329668.01000000,151013113.26440000,275990
1622678400000,2021-06-03 00:00:00,ICP/USDT,107.89000000,136.62000000,105.20000000,124.54000000,1666717.82000000,202294195.31190000,323366
1622592000000,2021-06-02 00:00:00,ICP/USDT,107.58000000,113.06000000,101.97000000,108.01000000,806345.16000000,86248012.39690000,175667
1622505600000,2021-06-01 00:00:00,ICP/USDT,114.65000000,117.11000000,106.47000000,107.58000000,418636.87000000,46351813.53320000,91533
1622419200000,2021-05-31 00:00:00,ICP/USDT,111.87000000,115.36000000,105.15000000,114.65000000,496847.77000000,55088922.22220000,101963
1622332800000,2021-05-30 00:00:00,ICP/USDT,110.77000000,118.97000000,104.40000000,111.90000000,456137.64000000,50731679.71640000,99356
1622246400000,2021-05-29 00:00:00,ICP/USDT,115.65000000,119.76000000,105.60000000,110.75000000,500541.51000000,56100383.87380000,108886
1622160000000,2021-05-28 00:00:00,ICP/USDT,132.39,133.17,109.77,115.73,1099049.82,131280078.4640,335296
1622073600000,2021-05-27 00:00:00,ICP/USDT,142.63,145.76,129.29,132.45,646912.99,87818164.3462,228952
1621987200000,2021-05-26 00:00:00,ICP/USDT,134.01,152.20,131.83,142.80,936763.78,131821907.7526,316558
1621900800000,2021-05-25 00:00:00,ICP/USDT,147.76,156.35,123.11,134.05,1047477.13,143933945.3723,365518
1621814400000,2021-05-24 00:00:00,ICP/USDT,143.60,163.51,135.40,147.78,1168245.37,171750786.6249,458511
1621728000000,2021-05-23 00:00:00,ICP/USDT,146.11,165.00,120.40,143.56,1688417.62,234327541.7698,674794
1621641600000,2021-05-22 00:00:00,ICP/USDT,145.40,168.60,124.20,146.11,1237020.88,178017352.4583,483794
1621555200000,2021-05-21 00:00:00,ICP/USDT,164.06,186.57,119.28,145.40,2009635.35,314290269.1736,851816
1621468800000,2021-05-20 00:00:00,ICP/USDT,122.53,222.00,102.96,164.07,3738215.06,655170696.6444,1898013
1621382400000,2021-05-19 00:00:00,ICP/USDT,163.51,179.00,61.41,122.56,1948426.59,266311855.6760,846388
1621296000000,2021-05-18 00:00:00,ICP/USDT,195.82,205.90,160.23,163.40,1084578.10,195231725.5649,549859
1621209600000,2021-05-17 00:00:00,ICP/USDT,225.47,225.83,184.10,195.92,793711.90,162889127.8732,454199
1621123200000,2021-05-16 00:00:00,ICP/USDT,246.31,264.40,204.49,225.48,658633.67,156372952.7662,406575
1621036800000,2021-05-15 00:00:00,ICP/USDT,304.70,305.19,238.69,246.34,517088.62,139315887.0885,358610
1620950400000,2021-05-14 00:00:00,ICP/USDT,301.68,341.70,291.08,304.63,516292.13,164063789.9921,360951
1620864000000,2021-05-13 00:00:00,ICP/USDT,257.65,346.99,249.68,301.66,989413.91,295149648.0366,662282
1620777600000,2021-05-12 00:00:00,ICP/USDT,364.99,387.18,252.50,257.65,1249975.60,396775192.6076,970392
1620691200000,2021-05-11 00:00:00,ICP/USDT,380.00,478.87,327.96,364.80,780705.33,310134180.7554,827975
