unix,date,symbol,open,high,low,close,Volume MKR,Volume USDT,tradecount
1658275200000,2022-07-20 00:00:00,MKR/USDT,1032.00000000,1034.00000000,1021.00000000,1023.00000000,34.04380000,34974.97280000,256
1658188800000,2022-07-19 00:00:00,MKR/USDT,1048.00000000,1069.00000000,995.00000000,1030.00000000,3223.52380000,3340622.46480000,16537
1658102400000,2022-07-18 00:00:00,MKR/USDT,933.00000000,1050.00000000,932.00000000,1049.00000000,3102.78530000,3119836.49810000,14795
1658016000000,2022-07-17 00:00:00,MKR/USDT,965.00000000,972.00000000,927.00000000,930.00000000,1932.89870000,1834438.47820000,8041
1657929600000,2022-07-16 00:00:00,MKR/USDT,910.00000000,976.00000000,887.00000000,963.00000000,2261.37940000,2119842.25880000,8749
1657843200000,2022-07-15 00:00:00,MKR/USDT,892.00000000,942.00000000,879.00000000,911.00000000,2644.41850000,2418878.95090000,9707
1657756800000,2022-07-14 00:00:00,MKR/USDT,856.00000000,902.00000000,819.00000000,891.00000000,3357.19650000,2866497.19980000,10304
1657670400000,2022-07-13 00:00:00,MKR/USDT,826.00000000,864.00000000,794.00000000,856.00000000,3133.10940000,2598148.77570000,13085
1657584000000,2022-07-12 00:00:00,MKR/USDT,867.00000000,880.00000000,822.00000000,824.00000000,2095.39780000,1797647.95640000,9420
1657497600000,2022-07-11 00:00:00,MKR/USDT,941.00000000,947.00000000,861.00000000,867.00000000,2813.81270000,2587743.78800000,11197
1657411200000,2022-07-10 00:00:00,MKR/USDT,997.00000000,1001.00000000,935.00000000,940.00000000,2584.53820000,2499660.94390000,9953
1657324800000,2022-07-09 00:00:00,MKR/USDT,961.00000000,1011.00000000,960.00000000,997.00000000,2369.82160000,2338745.75230000,8244
1657238400000,2022-07-08 00:00:00,MKR/USDT,990.00000000,1009.00000000,952.00000000,962.00000000,3552.69660000,3476083.71140000,13143
1657152000000,2022-07-07 00:00:00,MKR/USDT,997.00000000,1019.00000000,968.00000000,989.00000000,3659.78800000,3620997.27370000,12736
1657065600000,2022-07-06 00:00:00,MKR/USDT,933.00000000,1010.00000000,917.00000000,995.00000000,4321.39280000,4181076.01150000,14770
1656979200000,2022-07-05 00:00:00,MKR/USDT,942.00000000,966.00000000,896.00000000,933.00000000,2819.27830000,2628613.83070000,10922
1656892800000,2022-07-04 00:00:00,MKR/USDT,905.00000000,950.00000000,878.00000000,941.00000000,2108.00210000,1939786.90430000,10034
1656806400000,2022-07-03 00:00:00,MKR/USDT,908.00000000,917.00000000,874.00000000,904.00000000,1331.53420000,1195796.54210000,7253
1656720000000,2022-07-02 00:00:00,MKR/USDT,894.00000000,919.00000000,871.00000000,908.00000000,1660.59830000,1486230.04590000,7117
1656633600000,2022-07-01 00:00:00,MKR/USDT,909.00000000,935.00000000,869.00000000,892.00000000,2840.75870000,2563790.26080000,13768
1656547200000,2022-06-30 00:00:00,MKR/USDT,913.00000000,923.00000000,837.00000000,909.00000000,3151.33670000,2742904.04710000,14623
1656460800000,2022-06-29 00:00:00,MKR/USDT,946.00000000,975.00000000,897.00000000,911.00000000,4207.53200000,3964356.16810000,17809
1656374400000,2022-06-28 00:00:00,MKR/USDT,1002.00000000,1034.00000000,941.00000000,946.00000000,2628.04210000,2598933.38350000,13230
1656288000000,2022-06-27 00:00:00,MKR/USDT,1001.00000000,1071.00000000,987.00000000,1002.00000000,2619.19100000,2678223.15870000,13806
1656201600000,2022-06-26 00:00:00,MKR/USDT,1035.00000000,1097.00000000,992.00000000,1002.00000000,3382.57270000,3567689.02720000,17404
1656115200000,2022-06-25 00:00:00,MKR/USDT,1054.00000000,1086.00000000,997.00000000,1034.00000000,3029.56580000,3157244.06230000,15882
1656028800000,2022-06-24 00:00:00,MKR/USDT,977.00000000,1092.00000000,963.00000000,1054.00000000,4336.80510000,4436118.66460000,19343
1655942400000,2022-06-23 00:00:00,MKR/USDT,884.00000000,984.00000000,882.00000000,978.00000000,4213.88610000,3934899.62370000,16338
1655856000000,2022-06-22 00:00:00,MKR/USDT,922.00000000,951.00000000,870.00000000,883.00000000,3183.42100000,2893201.13000000,14498
1655769600000,2022-06-21 00:00:00,MKR/USDT,902.00000000,964.00000000,882.00000000,921.00000000,3976.68870000,3689957.18700000,18897
1655683200000,2022-06-20 00:00:00,MKR/USDT,907.00000000,953.00000000,860.00000000,902.00000000,5323.53360000,4819636.68470000,23356
1655596800000,2022-06-19 00:00:00,MKR/USDT,733.00000000,913.00000000,706.00000000,905.00000000,7129.41050000,5699716.36030000,24187
1655510400000,2022-06-18 00:00:00,MKR/USDT,767.00000000,785.00000000,656.00000000,733.00000000,4759.81550000,3411611.22460000,14484
1655424000000,2022-06-17 00:00:00,MKR/USDT,736.00000000,790.00000000,731.00000000,767.00000000,3079.50350000,2355787.78170000,8944
1655337600000,2022-06-16 00:00:00,MKR/USDT,828.00000000,839.00000000,715.00000000,735.00000000,3054.82570000,2336936.91550000,12835
1655251200000,2022-06-15 00:00:00,MKR/USDT,788.00000000,831.00000000,679.00000000,828.00000000,9871.62220000,7317723.56310000,25320
1655164800000,2022-06-14 00:00:00,MKR/USDT,764.00000000,821.00000000,691.00000000,788.00000000,5897.09356000,4551685.03950000,15953
1655078400000,2022-06-13 00:00:00,MKR/USDT,911.00000000,920.00000000,720.00000000,765.00000000,12376.27872000,9718653.42440000,31049
1654992000000,2022-06-12 00:00:00,MKR/USDT,990.00000000,998.00000000,902.00000000,913.00000000,3729.35630000,3511500.76300000,13500
1654905600000,2022-06-11 00:00:00,MKR/USDT,1046.00000000,1075.00000000,955.00000000,988.00000000,3734.16380000,3763165.44560000,15172
1654819200000,2022-06-10 00:00:00,MKR/USDT,1136.00000000,1142.00000000,1039.00000000,1046.00000000,2581.66690000,2818365.10800000,11526
1654732800000,2022-06-09 00:00:00,MKR/USDT,1154.00000000,1174.00000000,1120.00000000,1135.00000000,974.88900000,1114871.16640000,6739
1654646400000,2022-06-08 00:00:00,MKR/USDT,1158.00000000,1177.00000000,1127.00000000,1155.00000000,1213.70630000,1401842.54840000,8567
1654560000000,2022-06-07 00:00:00,MKR/USDT,1212.00000000,1220.00000000,1117.00000000,1158.00000000,2349.69490000,2734109.16910000,13434
1654473600000,2022-06-06 00:00:00,MKR/USDT,1180.00000000,1232.00000000,1177.00000000,1210.00000000,1807.30990000,2188229.58970000,10383
1654387200000,2022-06-05 00:00:00,MKR/USDT,1172.00000000,1208.00000000,1145.00000000,1181.00000000,1240.29640000,1460159.52160000,8963
1654300800000,2022-06-04 00:00:00,MKR/USDT,1145.00000000,1196.00000000,1118.00000000,1172.00000000,1106.39050000,1278408.40680000,10248
1654214400000,2022-06-03 00:00:00,MKR/USDT,1206.00000000,1210.00000000,1123.00000000,1146.00000000,3244.63920000,3753756.56730000,17821
1654128000000,2022-06-02 00:00:00,MKR/USDT,1208.00000000,1237.00000000,1171.00000000,1204.00000000,3405.56070000,4062490.45710000,21376
1654041600000,2022-06-01 00:00:00,MKR/USDT,1322.00000000,1335.00000000,1165.00000000,1209.00000000,2899.09430000,3660184.06650000,16912
1653955200000,2022-05-31 00:00:00,MKR/USDT,1372.00000000,1383.00000000,1295.00000000,1321.00000000,3276.42660000,4363668.63620000,18780
1653868800000,2022-05-30 00:00:00,MKR/USDT,1194.00000000,1383.00000000,1186.00000000,1371.00000000,4386.06420000,5716059.30560000,23841
1653782400000,2022-05-29 00:00:00,MKR/USDT,1213.00000000,1225.00000000,1171.00000000,1193.00000000,2290.88550000,2733996.56140000,11734
1653696000000,2022-05-28 00:00:00,MKR/USDT,1121.00000000,1237.00000000,1110.00000000,1213.00000000,2693.75330000,3203907.92110000,11880
1653609600000,2022-05-27 00:00:00,MKR/USDT,1150.00000000,1210.00000000,1101.00000000,1119.00000000,3578.39890000,4099650.85530000,19761
1653523200000,2022-05-26 00:00:00,MKR/USDT,1262.00000000,1292.00000000,1121.00000000,1150.00000000,4591.81710000,5489295.66290000,19015
1653436800000,2022-05-25 00:00:00,MKR/USDT,1294.00000000,1322.00000000,1249.00000000,1263.00000000,2590.64630000,3308450.66990000,14275
1653350400000,2022-05-24 00:00:00,MKR/USDT,1305.00000000,1326.00000000,1238.00000000,1295.00000000,3281.36160000,4211050.62300000,17932
1653264000000,2022-05-23 00:00:00,MKR/USDT,1432.00000000,1449.00000000,1282.00000000,1305.00000000,4216.68070000,5841531.26160000,23607
1653177600000,2022-05-22 00:00:00,MKR/USDT,1398.00000000,1440.00000000,1384.00000000,1433.00000000,1860.23260000,2624339.16800000,13628
1653091200000,2022-05-21 00:00:00,MKR/USDT,1393.00000000,1430.00000000,1356.00000000,1399.00000000,2589.49710000,3610197.36870000,17094
1653004800000,2022-05-20 00:00:00,MKR/USDT,1435.00000000,1469.00000000,1368.00000000,1393.00000000,3714.43180000,5272953.30840000,25396
1652918400000,2022-05-19 00:00:00,MKR/USDT,1434.00000000,1461.00000000,1370.00000000,1434.00000000,5755.92060000,8140185.07020000,35053
1652832000000,2022-05-18 00:00:00,MKR/USDT,1572.00000000,1600.00000000,1414.00000000,1434.00000000,4922.00290000,7330310.77950000,32097
1652745600000,2022-05-17 00:00:00,MKR/USDT,1531.00000000,1705.00000000,1483.00000000,1573.00000000,8894.63950000,14248080.56100000,48258
1652659200000,2022-05-16 00:00:00,MKR/USDT,1575.00000000,1600.00000000,1451.00000000,1530.00000000,7388.04660000,11339737.73550000,50262
1652572800000,2022-05-15 00:00:00,MKR/USDT,1564.00000000,1653.00000000,1462.00000000,1575.00000000,9681.55750000,15045316.73980000,57571
1652486400000,2022-05-14 00:00:00,MKR/USDT,1383.00000000,1631.00000000,1359.00000000,1564.00000000,18170.49380000,27219772.19600000,107418
1652400000000,2022-05-13 00:00:00,MKR/USDT,1338.00000000,1767.00000000,1325.00000000,1383.00000000,24744.50700000,37610419.33310000,145985
1652313600000,2022-05-12 00:00:00,MKR/USDT,1133.00000000,1365.00000000,955.00000000,1339.00000000,18849.86301000,21374926.28560000,95602
1652227200000,2022-05-11 00:00:00,MKR/USDT,1222.00000000,2300.00000000,1078.00000000,1133.00000000,68733.15340000,103783660.46700000,375587
1652140800000,2022-05-10 00:00:00,MKR/USDT,1050.00000000,1258.00000000,1023.00000000,1223.00000000,11706.62370000,13918072.30230000,66690
1652054400000,2022-05-09 00:00:00,MKR/USDT,1190.00000000,1220.00000000,1026.00000000,1052.00000000,9423.15486000,10397247.59525350,43474
1651968000000,2022-05-08 00:00:00,MKR/USDT,1266.00000000,1279.00000000,1172.00000000,1191.00000000,3816.07117000,4660830.13551600,21933
1651881600000,2022-05-07 00:00:00,MKR/USDT,1335.00000000,1349.00000000,1232.00000000,1264.00000000,1936.94620000,2544265.15450000,13137
1651795200000,2022-05-06 00:00:00,MKR/USDT,1378.00000000,1400.00000000,1309.00000000,1334.00000000,1900.47090000,2569275.09170000,13167
1651708800000,2022-05-05 00:00:00,MKR/USDT,1496.00000000,1514.00000000,1356.00000000,1379.00000000,2347.15350000,3338628.92800000,16125
1651622400000,2022-05-04 00:00:00,MKR/USDT,1401.00000000,1513.00000000,1395.00000000,1495.00000000,2035.32580000,2952530.00670000,12645
1651536000000,2022-05-03 00:00:00,MKR/USDT,1487.00000000,1511.00000000,1388.00000000,1401.00000000,1882.88720000,2734251.16080000,13876
1651449600000,2022-05-02 00:00:00,MKR/USDT,1450.00000000,1501.00000000,1410.00000000,1486.00000000,1758.12550000,2553685.03540000,14532
1651363200000,2022-05-01 00:00:00,MKR/USDT,1458.00000000,1521.00000000,1405.00000000,1450.00000000,1879.93390000,2743874.47020000,15289
1651276800000,2022-04-30 00:00:00,MKR/USDT,1559.00000000,1589.00000000,1378.00000000,1457.00000000,2072.95380000,3091609.79982000,17815
1651190400000,2022-04-29 00:00:00,MKR/USDT,1642.00000000,1658.00000000,1510.00000000,1559.00000000,2580.17810000,4057146.95830000,17686
1651104000000,2022-04-28 00:00:00,MKR/USDT,1671.00000000,1697.00000000,1603.00000000,1642.00000000,1868.53000000,3063232.40470000,14921
1651017600000,2022-04-27 00:00:00,MKR/USDT,1624.00000000,1688.00000000,1599.00000000,1672.00000000,1475.28290000,2428870.46050000,13189
1650931200000,2022-04-26 00:00:00,MKR/USDT,1754.00000000,1804.00000000,1611.00000000,1622.00000000,2210.67960000,3776743.25020000,17033
1650844800000,2022-04-25 00:00:00,MKR/USDT,1730.00000000,1800.00000000,1653.00000000,1754.00000000,1697.82520000,2934296.19310000,16747
1650758400000,2022-04-24 00:00:00,MKR/USDT,1718.00000000,1787.00000000,1716.00000000,1731.00000000,1087.38740000,1906911.81070000,10297
1650672000000,2022-04-23 00:00:00,MKR/USDT,1728.00000000,1786.00000000,1713.00000000,1719.00000000,919.03520000,1614328.69830000,10050
1650585600000,2022-04-22 00:00:00,MKR/USDT,1723.00000000,1823.00000000,1714.00000000,1728.00000000,1473.74680000,2593846.49050000,12014
1650499200000,2022-04-21 00:00:00,MKR/USDT,1806.00000000,1877.00000000,1694.00000000,1725.00000000,2260.97740000,4077299.60660000,14203
1650412800000,2022-04-20 00:00:00,MKR/USDT,1855.00000000,1916.00000000,1777.00000000,1808.00000000,2045.81610000,3767118.27910000,14772
1650326400000,2022-04-19 00:00:00,MKR/USDT,1819.00000000,1879.00000000,1814.00000000,1857.00000000,2026.71860000,3743389.59730000,12782
1650240000000,2022-04-18 00:00:00,MKR/USDT,1789.00000000,1823.00000000,1685.00000000,1818.00000000,1892.61570000,3314450.35840000,14623
1650153600000,2022-04-17 00:00:00,MKR/USDT,1889.00000000,1925.00000000,1786.00000000,1792.00000000,2095.80720000,3867284.12750000,16320
1650067200000,2022-04-16 00:00:00,MKR/USDT,1948.00000000,1948.00000000,1869.00000000,1887.00000000,1060.40120000,2018829.16160000,10018
1649980800000,2022-04-15 00:00:00,MKR/USDT,1902.00000000,2005.00000000,1900.00000000,1947.00000000,1785.93220000,3489469.81430000,14403
1649894400000,2022-04-14 00:00:00,MKR/USDT,1933.00000000,1978.00000000,1854.00000000,1902.00000000,2953.49840000,5667215.34580000,20842
1649808000000,2022-04-13 00:00:00,MKR/USDT,1852.00000000,1960.00000000,1797.00000000,1935.00000000,2454.57840000,4637246.42400000,14984
1649721600000,2022-04-12 00:00:00,MKR/USDT,1816.00000000,1915.00000000,1800.00000000,1852.00000000,1354.00390000,2523954.87200000,12621
1649635200000,2022-04-11 00:00:00,MKR/USDT,2015.00000000,2035.00000000,1797.00000000,1815.00000000,1772.45210000,3419996.73570000,13166
1649548800000,2022-04-10 00:00:00,MKR/USDT,2093.00000000,2101.00000000,2009.00000000,2013.00000000,1042.92770000,2147541.11720000,8980
1649462400000,2022-04-09 00:00:00,MKR/USDT,2033.00000000,2094.00000000,2020.00000000,2093.00000000,607.13480000,1248036.13170000,6230
1649376000000,2022-04-08 00:00:00,MKR/USDT,2054.00000000,2132.00000000,2011.00000000,2035.00000000,2258.35460000,4678988.71470000,16347
1649289600000,2022-04-07 00:00:00,MKR/USDT,2042.00000000,2086.00000000,2003.00000000,2054.00000000,1538.13780000,3142784.36880000,12921
1649203200000,2022-04-06 00:00:00,MKR/USDT,2301.00000000,2302.00000000,2041.00000000,2042.00000000,2440.44630000,5325709.22870000,21234
1649116800000,2022-04-05 00:00:00,MKR/USDT,2440.00000000,2511.00000000,2285.00000000,2303.00000000,3696.76250000,8944560.67600000,28656
1649030400000,2022-04-04 00:00:00,MKR/USDT,2281.00000000,2444.00000000,2228.00000000,2439.00000000,4763.44340000,11161183.90240000,36356
1648944000000,2022-04-03 00:00:00,MKR/USDT,2228.00000000,2340.00000000,2190.00000000,2278.00000000,2729.54090000,6210547.13350000,22209
1648857600000,2022-04-02 00:00:00,MKR/USDT,2273.00000000,2352.00000000,2214.00000000,2228.00000000,4417.42510000,10104737.94030000,27324
1648771200000,2022-04-01 00:00:00,MKR/USDT,2095.00000000,2343.00000000,2013.00000000,2274.00000000,3990.87700000,8816174.21630000,30525
1648684800000,2022-03-31 00:00:00,MKR/USDT,2178.00000000,2233.00000000,2025.00000000,2094.00000000,3170.65130000,6745667.44370000,24394
1648598400000,2022-03-30 00:00:00,MKR/USDT,2127.00000000,2293.00000000,2063.00000000,2177.00000000,3966.05040000,8724003.98450000,29909
1648512000000,2022-03-29 00:00:00,MKR/USDT,2038.00000000,2223.00000000,2036.00000000,2126.00000000,3482.39810000,7456736.72930000,24644
1648425600000,2022-03-28 00:00:00,MKR/USDT,2058.00000000,2195.00000000,2030.00000000,2038.00000000,2793.22900000,5920738.58570000,21631
1648339200000,2022-03-27 00:00:00,MKR/USDT,2016.00000000,2064.00000000,1965.00000000,2059.00000000,1661.88710000,3348975.34930000,13637
1648252800000,2022-03-26 00:00:00,MKR/USDT,2007.00000000,2022.00000000,1975.00000000,2016.00000000,688.97420000,1379272.20030000,5630
1648166400000,2022-03-25 00:00:00,MKR/USDT,2008.00000000,2063.00000000,1937.00000000,2008.00000000,1669.73240000,3344917.38790000,13746
1648080000000,2022-03-24 00:00:00,MKR/USDT,1989.00000000,2062.00000000,1975.00000000,2009.00000000,4720.45030000,9494576.13440000,28152
1647993600000,2022-03-23 00:00:00,MKR/USDT,2037.00000000,2049.00000000,1949.00000000,1989.00000000,3778.28200000,7485556.74440000,21392
1647907200000,2022-03-22 00:00:00,MKR/USDT,1999.00000000,2113.00000000,1994.00000000,2036.00000000,2031.65120000,4164121.53120000,16920
1647820800000,2022-03-21 00:00:00,MKR/USDT,1994.00000000,2044.00000000,1960.00000000,1999.00000000,2002.13950000,4010577.06280000,15237
1647734400000,2022-03-20 00:00:00,MKR/USDT,2059.00000000,2119.00000000,1973.00000000,1993.00000000,1959.83040000,4018635.66580000,17196
1647648000000,2022-03-19 00:00:00,MKR/USDT,2034.00000000,2099.00000000,2031.00000000,2060.00000000,2613.02300000,5388713.24590000,19673
1647561600000,2022-03-18 00:00:00,MKR/USDT,2060.00000000,2100.00000000,2030.00000000,2035.00000000,3295.35250000,6803316.37590000,23419
1647475200000,2022-03-17 00:00:00,MKR/USDT,1925.00000000,2095.00000000,1922.00000000,2060.00000000,3995.63630000,8109426.76420000,28084
1647388800000,2022-03-16 00:00:00,MKR/USDT,1785.00000000,2015.00000000,1738.00000000,1925.00000000,4802.05570000,9056033.20320000,31680
1647302400000,2022-03-15 00:00:00,MKR/USDT,1795.00000000,1863.00000000,1720.00000000,1785.00000000,1559.93500000,2794830.31580000,16685
1647216000000,2022-03-14 00:00:00,MKR/USDT,1686.00000000,1798.00000000,1672.00000000,1795.00000000,1238.40540000,2154766.36360000,12746
1647129600000,2022-03-13 00:00:00,MKR/USDT,1739.00000000,1784.00000000,1673.00000000,1688.00000000,850.29630000,1474246.96270000,9199
1647043200000,2022-03-12 00:00:00,MKR/USDT,1749.00000000,1798.00000000,1738.00000000,1739.00000000,818.65310000,1446820.06600000,8217
1646956800000,2022-03-11 00:00:00,MKR/USDT,1770.00000000,1797.00000000,1702.00000000,1749.00000000,1890.52340000,3285954.67070000,14379
1646870400000,2022-03-10 00:00:00,MKR/USDT,1901.00000000,1918.00000000,1760.00000000,1769.00000000,2762.37660000,5033046.89400000,19223
1646784000000,2022-03-09 00:00:00,MKR/USDT,1749.00000000,1925.00000000,1741.00000000,1902.00000000,2718.85170000,5038959.81640000,18411
1646697600000,2022-03-08 00:00:00,MKR/USDT,1739.00000000,1794.00000000,1717.00000000,1749.00000000,2965.70110000,5230116.74540000,19394
1646611200000,2022-03-07 00:00:00,MKR/USDT,1719.00000000,1814.00000000,1669.00000000,1739.00000000,2353.28120000,4098206.52560000,14688
1646524800000,2022-03-06 00:00:00,MKR/USDT,1840.00000000,1860.00000000,1718.00000000,1719.00000000,1557.47840000,2813048.96180000,12395
1646438400000,2022-03-05 00:00:00,MKR/USDT,1796.00000000,1870.00000000,1749.00000000,1839.00000000,2332.71450000,4223675.09520000,16524
1646352000000,2022-03-04 00:00:00,MKR/USDT,2040.00000000,2050.00000000,1777.00000000,1796.00000000,2523.27580000,4802061.38650000,22602
1646265600000,2022-03-03 00:00:00,MKR/USDT,1993.00000000,2080.00000000,1885.00000000,2039.00000000,3923.99930000,7789470.30880000,32052
1646179200000,2022-03-02 00:00:00,MKR/USDT,1969.00000000,2034.00000000,1912.00000000,1995.00000000,1991.21430000,3938694.26970000,20829
1646092800000,2022-03-01 00:00:00,MKR/USDT,1966.00000000,2038.00000000,1909.00000000,1965.00000000,1829.66740000,3602266.23930000,19832
1646006400000,2022-02-28 00:00:00,MKR/USDT,1811.00000000,1967.00000000,1758.00000000,1965.00000000,3172.34460000,5870390.48910000,26617
1645920000000,2022-02-27 00:00:00,MKR/USDT,1940.00000000,1980.00000000,1784.00000000,1810.00000000,2359.90080000,4471060.97220000,21465
1645833600000,2022-02-26 00:00:00,MKR/USDT,1989.00000000,2051.00000000,1925.00000000,1941.00000000,2434.51670000,4868271.26380000,24977
1645747200000,2022-02-25 00:00:00,MKR/USDT,1894.00000000,2068.00000000,1841.00000000,1990.00000000,2522.12480000,4918638.86360000,27539
1645660800000,2022-02-24 00:00:00,MKR/USDT,1738.00000000,1942.00000000,1512.00000000,1893.00000000,4608.66050000,7854962.57677780,36739
1645574400000,2022-02-23 00:00:00,MKR/USDT,1813.00000000,1875.00000000,1737.00000000,1739.00000000,1204.75840000,2188851.52420000,10736
1645488000000,2022-02-22 00:00:00,MKR/USDT,1666.00000000,1834.00000000,1637.00000000,1814.00000000,2636.56470000,4596107.63300000,19166
1645401600000,2022-02-21 00:00:00,MKR/USDT,1778.00000000,1862.00000000,1661.00000000,1665.00000000,1809.15680000,3173792.13070000,17041
1645315200000,2022-02-20 00:00:00,MKR/USDT,1912.00000000,1913.00000000,1746.00000000,1776.00000000,1562.91120000,2825320.78260000,10828
1645228800000,2022-02-19 00:00:00,MKR/USDT,1901.00000000,1934.00000000,1844.00000000,1911.00000000,643.70010000,1218508.46140000,8827
1645142400000,2022-02-18 00:00:00,MKR/USDT,1971.00000000,2015.00000000,1887.00000000,1900.00000000,754.74500000,1475490.07960000,10704
1645056000000,2022-02-17 00:00:00,MKR/USDT,2127.00000000,2151.00000000,1944.00000000,1972.00000000,1045.24760000,2113040.80510000,14202
1644969600000,2022-02-16 00:00:00,MKR/USDT,2103.00000000,2181.00000000,2021.00000000,2124.00000000,1833.81200000,3852650.01920000,16763
1644883200000,2022-02-15 00:00:00,MKR/USDT,1938.00000000,2104.00000000,1928.00000000,2101.00000000,1360.13140000,2757680.51680000,13546
1644796800000,2022-02-14 00:00:00,MKR/USDT,1924.00000000,1990.00000000,1869.00000000,1937.00000000,1138.68330000,2184773.34900000,12575
1644710400000,2022-02-13 00:00:00,MKR/USDT,1993.00000000,2035.00000000,1924.00000000,1924.00000000,923.78030000,1833336.86820000,10374
1644624000000,2022-02-12 00:00:00,MKR/USDT,2024.00000000,2053.00000000,1958.00000000,1991.00000000,1185.80440000,2379914.38670000,8072
1644537600000,2022-02-11 00:00:00,MKR/USDT,2102.00000000,2132.00000000,1968.00000000,2025.00000000,1729.26880000,3554485.00050000,16503
1644451200000,2022-02-10 00:00:00,MKR/USDT,2245.00000000,2337.00000000,2086.00000000,2103.00000000,2842.43890000,6283574.57630000,24580
1644364800000,2022-02-09 00:00:00,MKR/USDT,2206.00000000,2267.00000000,2144.00000000,2247.00000000,1190.22680000,2638517.27510000,11915
1644278400000,2022-02-08 00:00:00,MKR/USDT,2254.00000000,2320.00000000,2164.00000000,2206.00000000,2961.94920000,6635879.52400000,19473
1644192000000,2022-02-07 00:00:00,MKR/USDT,2247.00000000,2291.00000000,2192.00000000,2250.00000000,2699.64840000,6019807.16680000,23102
1644105600000,2022-02-06 00:00:00,MKR/USDT,2254.00000000,2300.00000000,2185.00000000,2243.00000000,1829.10990000,4100004.89300000,16688
1644019200000,2022-02-05 00:00:00,MKR/USDT,2283.00000000,2330.00000000,2233.00000000,2256.00000000,3731.14240000,8483486.13840000,27563
1643932800000,2022-02-04 00:00:00,MKR/USDT,2293.00000000,2366.00000000,2217.00000000,2280.00000000,4184.64290000,9586475.29050000,29650
1643846400000,2022-02-03 00:00:00,MKR/USDT,2143.00000000,2339.00000000,2126.00000000,2295.00000000,3700.05820000,8317037.26240000,30629
1643760000000,2022-02-02 00:00:00,MKR/USDT,2195.00000000,2312.00000000,2089.00000000,2141.00000000,2369.15330000,5226002.01860000,21922
1643673600000,2022-02-01 00:00:00,MKR/USDT,2134.00000000,2243.00000000,2126.00000000,2196.00000000,2115.62080000,4625329.23550000,17870
1643587200000,2022-01-31 00:00:00,MKR/USDT,1999.00000000,2146.00000000,1937.00000000,2133.00000000,2235.26230000,4564473.65640000,16795
1643500800000,2022-01-30 00:00:00,MKR/USDT,1953.00000000,2009.00000000,1920.00000000,1999.00000000,1201.98210000,2352708.29590000,9880
1643414400000,2022-01-29 00:00:00,MKR/USDT,1869.00000000,1966.00000000,1856.00000000,1952.00000000,1600.82040000,3044007.61150000,12197
1643328000000,2022-01-28 00:00:00,MKR/USDT,1769.00000000,1880.00000000,1730.00000000,1871.00000000,1725.58300000,3110170.06230000,11930
1643241600000,2022-01-27 00:00:00,MKR/USDT,1702.00000000,1793.00000000,1646.00000000,1766.00000000,1789.87630000,3082172.58680000,12991
1643155200000,2022-01-26 00:00:00,MKR/USDT,1809.00000000,1875.00000000,1664.00000000,1704.00000000,5048.64940000,8964290.42290000,30606
1643068800000,2022-01-25 00:00:00,MKR/USDT,1922.00000000,1946.00000000,1795.00000000,1808.00000000,3492.31030000,6578014.32760000,20617
1642982400000,2022-01-24 00:00:00,MKR/USDT,1833.00000000,1964.00000000,1652.00000000,1921.00000000,3903.15050000,6957360.40110000,28087
1642896000000,2022-01-23 00:00:00,MKR/USDT,1800.00000000,1922.00000000,1762.00000000,1832.00000000,2832.53320000,5192670.60980000,27951
1642809600000,2022-01-22 00:00:00,MKR/USDT,1799.00000000,2093.00000000,1616.00000000,1799.00000000,11887.79920000,22284659.49160000,91381
1642723200000,2022-01-21 00:00:00,MKR/USDT,1901.00000000,1919.00000000,1700.00000000,1801.00000000,4843.78635000,8777340.10163010,28341
1642636800000,2022-01-20 00:00:00,MKR/USDT,1996.00000000,2062.00000000,1896.00000000,1905.00000000,984.45850000,1949760.18005000,8967
1642550400000,2022-01-19 00:00:00,MKR/USDT,2065.00000000,2066.00000000,1993.00000000,1996.00000000,1079.09750000,2197663.25740000,9334
1642464000000,2022-01-18 00:00:00,MKR/USDT,2095.00000000,2125.00000000,2030.00000000,2063.00000000,928.59160000,1922973.25040000,10987
1642377600000,2022-01-17 00:00:00,MKR/USDT,2254.00000000,2272.00000000,2073.00000000,2094.00000000,1087.28760000,2344241.18860000,11674
1642291200000,2022-01-16 00:00:00,MKR/USDT,2210.00000000,2260.00000000,2180.00000000,2255.00000000,613.29470000,1362059.94430000,7609
1642204800000,2022-01-15 00:00:00,MKR/USDT,2193.00000000,2244.00000000,2167.00000000,2212.00000000,608.34650000,1343194.36290000,6803
1642118400000,2022-01-14 00:00:00,MKR/USDT,2097.00000000,2198.00000000,2082.00000000,2191.00000000,749.64220000,1603411.88560000,8786
1642032000000,2022-01-13 00:00:00,MKR/USDT,2168.00000000,2200.00000000,2075.00000000,2097.00000000,1172.04870000,2515969.50380000,9461
1641945600000,2022-01-12 00:00:00,MKR/USDT,2075.00000000,2181.00000000,2039.00000000,2168.00000000,1410.31050000,2982759.09390000,12738
1641859200000,2022-01-11 00:00:00,MKR/USDT,1987.00000000,2087.00000000,1974.00000000,2076.00000000,1350.75090000,2753495.87910000,13372
1641772800000,2022-01-10 00:00:00,MKR/USDT,2122.00000000,2147.00000000,1935.00000000,1987.00000000,1944.75021000,3914002.09640700,16370
1641686400000,2022-01-09 00:00:00,MKR/USDT,2048.00000000,2160.00000000,2034.00000000,2122.00000000,1026.56310000,2160860.85930000,10616
1641600000000,2022-01-08 00:00:00,MKR/USDT,2133.00000000,2194.00000000,2000.00000000,2047.00000000,2379.21951000,4961522.51130000,21485
1641513600000,2022-01-07 00:00:00,MKR/USDT,2248.00000000,2253.00000000,2104.00000000,2132.00000000,2768.61330000,6011937.29690000,23740
1641427200000,2022-01-06 00:00:00,MKR/USDT,2235.00000000,2474.00000000,2113.00000000,2244.00000000,3701.87720000,8283379.56998000,29593
1641340800000,2022-01-05 00:00:00,MKR/USDT,2446.00000000,2523.00000000,2177.00000000,2238.00000000,2179.48470000,5203228.64860000,22863
1641254400000,2022-01-04 00:00:00,MKR/USDT,2392.00000000,2541.00000000,2354.00000000,2446.00000000,2062.51550000,5056106.08270000,22628
1641168000000,2022-01-03 00:00:00,MKR/USDT,2468.00000000,2599.00000000,2375.00000000,2391.00000000,2509.49880000,6212854.16940000,25125
1641081600000,2022-01-02 00:00:00,MKR/USDT,2420.00000000,2540.00000000,2328.00000000,2471.00000000,2054.48320000,4987791.18670000,19082
1640995200000,2022-01-01 00:00:00,MKR/USDT,2332.00000000,2463.00000000,2321.00000000,2419.00000000,1679.96790000,4013667.35750000,14697
1640908800000,2021-12-31 00:00:00,MKR/USDT,2391.00000000,2455.00000000,2291.00000000,2334.00000000,2179.97980000,5189387.88880000,18307
1640822400000,2021-12-30 00:00:00,MKR/USDT,2359.00000000,2470.00000000,2297.00000000,2393.00000000,1674.35110000,3985370.09980000,18136
1640736000000,2021-12-29 00:00:00,MKR/USDT,2495.00000000,2578.00000000,2336.00000000,2358.00000000,1841.10840000,4549632.90850000,18153
1640649600000,2021-12-28 00:00:00,MKR/USDT,2683.00000000,2713.00000000,2473.00000000,2490.00000000,1606.95560000,4145447.01750000,18909
1640563200000,2021-12-27 00:00:00,MKR/USDT,2680.00000000,2814.00000000,2668.00000000,2685.00000000,3120.00260000,8548245.23560000,25173
1640476800000,2021-12-26 00:00:00,MKR/USDT,2691.00000000,2737.00000000,2629.00000000,2681.00000000,3226.83600000,8649007.78670000,27757
1640390400000,2021-12-25 00:00:00,MKR/USDT,2567.00000000,2736.00000000,2551.00000000,2687.00000000,1237.83560000,3285839.79840000,17441
1640304000000,2021-12-24 00:00:00,MKR/USDT,2676.00000000,2689.00000000,2542.00000000,2568.00000000,2208.81330000,5800863.04110000,25894
1640217600000,2021-12-23 00:00:00,MKR/USDT,2445.00000000,2679.00000000,2397.00000000,2676.00000000,2416.87490000,6117304.91960000,28212
1640131200000,2021-12-22 00:00:00,MKR/USDT,2422.00000000,2550.00000000,2407.00000000,2444.00000000,2397.43460000,5917490.70610000,25722
1640044800000,2021-12-21 00:00:00,MKR/USDT,2347.00000000,2447.00000000,2337.00000000,2422.00000000,1435.20470000,3452472.26040000,15040
1639958400000,2021-12-20 00:00:00,MKR/USDT,2372.00000000,2459.00000000,2233.00000000,2345.00000000,2128.72170000,4969809.38960000,21380
1639872000000,2021-12-19 00:00:00,MKR/USDT,2475.00000000,2511.00000000,2364.00000000,2369.00000000,1418.37010000,3464882.02430000,14603
1639785600000,2021-12-18 00:00:00,MKR/USDT,2370.00000000,2499.00000000,2326.00000000,2470.00000000,2334.43680000,5652191.79230000,22216
1639699200000,2021-12-17 00:00:00,MKR/USDT,2326.00000000,2387.00000000,2208.00000000,2371.00000000,1458.87340000,3377876.60410000,17751
1639612800000,2021-12-16 00:00:00,MKR/USDT,2377.00000000,2439.00000000,2308.00000000,2326.00000000,1186.37030000,2829585.29350000,11709
1639526400000,2021-12-15 00:00:00,MKR/USDT,2303.00000000,2422.00000000,2202.00000000,2377.00000000,1614.58760000,3746109.28600000,15693
1639440000000,2021-12-14 00:00:00,MKR/USDT,2229.00000000,2320.00000000,2163.00000000,2308.00000000,2055.65100000,4621528.24170000,18999
1639353600000,2021-12-13 00:00:00,MKR/USDT,2467.00000000,2479.00000000,2201.00000000,2228.00000000,1559.45980000,3595900.48480000,18942
1639267200000,2021-12-12 00:00:00,MKR/USDT,2451.00000000,2484.00000000,2380.00000000,2469.00000000,1053.81890000,2566846.15700000,11403
1639180800000,2021-12-11 00:00:00,MKR/USDT,2338.00000000,2461.00000000,2286.00000000,2444.00000000,1244.02230000,2972998.63540000,15109
1639094400000,2021-12-10 00:00:00,MKR/USDT,2516.00000000,2604.00000000,2324.00000000,2340.00000000,2654.11420000,6567373.47540000,23831
1639008000000,2021-12-09 00:00:00,MKR/USDT,2747.00000000,2758.00000000,2500.00000000,2518.00000000,3004.74760000,7922926.88530000,22552
1638921600000,2021-12-08 00:00:00,MKR/USDT,2618.00000000,2750.00000000,2593.00000000,2745.00000000,2810.25690000,7562356.57930000,26225
1638835200000,2021-12-07 00:00:00,MKR/USDT,2603.00000000,2688.00000000,2574.00000000,2615.00000000,1739.64390000,4579544.14860000,18563
1638748800000,2021-12-06 00:00:00,MKR/USDT,2581.00000000,2630.00000000,2355.00000000,2607.00000000,2740.63110000,6860772.02960000,27769
1638662400000,2021-12-05 00:00:00,MKR/USDT,2608.00000000,2677.00000000,2488.00000000,2578.00000000,2706.75800000,6992727.20970000,27726
1638576000000,2021-12-04 00:00:00,MKR/USDT,2749.00000000,2759.00000000,2257.00000000,2611.00000000,6440.99600000,16351293.48600000,57057
1638489600000,2021-12-03 00:00:00,MKR/USDT,2973.00000000,2987.00000000,2692.00000000,2753.00000000,2829.40430000,8126227.21270000,24452
1638403200000,2021-12-02 00:00:00,MKR/USDT,2973.00000000,3057.00000000,2897.00000000,2973.00000000,1723.39420000,5129069.57590000,19461
1638316800000,2021-12-01 00:00:00,MKR/USDT,3057.00000000,3141.00000000,2950.00000000,2978.00000000,2004.26600000,6133207.18870000,23303
1638230400000,2021-11-30 00:00:00,MKR/USDT,3086.00000000,3233.00000000,2963.00000000,3056.00000000,3923.90010000,12183643.08540000,38428
1638144000000,2021-11-29 00:00:00,MKR/USDT,3082.00000000,3119.00000000,3011.00000000,3086.00000000,1323.04570000,4056825.54770000,17123
1638057600000,2021-11-28 00:00:00,MKR/USDT,3092.00000000,3100.00000000,2847.00000000,3082.00000000,2288.62090000,6795076.13140000,23441
1637971200000,2021-11-27 00:00:00,MKR/USDT,3096.00000000,3200.00000000,3016.00000000,3092.00000000,1720.06390000,5381081.21360000,18426
1637884800000,2021-11-26 00:00:00,MKR/USDT,3305.00000000,3417.00000000,2942.00000000,3097.00000000,4204.70200000,13264552.99190000,46122
1637798400000,2021-11-25 00:00:00,MKR/USDT,3095.00000000,3450.00000000,3072.00000000,3304.00000000,5646.16710000,18747684.81090000,63072
1637712000000,2021-11-24 00:00:00,MKR/USDT,3044.00000000,3170.00000000,2954.00000000,3097.00000000,3680.60550000,11243273.57610000,42518
1637625600000,2021-11-23 00:00:00,MKR/USDT,2852.00000000,3098.00000000,2831.00000000,3044.00000000,2735.06210000,8163277.20180000,29856
1637539200000,2021-11-22 00:00:00,MKR/USDT,2949.00000000,2990.00000000,2826.00000000,2854.00000000,1447.34400000,4203252.47450000,21055
1637452800000,2021-11-21 00:00:00,MKR/USDT,3126.00000000,3144.00000000,2931.00000000,2948.00000000,1788.01830000,5431411.14000000,24722
1637366400000,2021-11-20 00:00:00,MKR/USDT,2950.00000000,3130.00000000,2930.00000000,3127.00000000,2053.98650000,6235088.29860000,25572
1637280000000,2021-11-19 00:00:00,MKR/USDT,2805.00000000,3002.00000000,2773.00000000,2948.00000000,1932.40210000,5591633.62210000,26336
1637193600000,2021-11-18 00:00:00,MKR/USDT,2805.00000000,3276.00000000,2670.00000000,2803.00000000,9018.14650000,27327777.33140000,93580
1637107200000,2021-11-17 00:00:00,MKR/USDT,2811.00000000,2828.00000000,2662.00000000,2805.00000000,2854.85520000,7854201.90420000,26458
1637020800000,2021-11-16 00:00:00,MKR/USDT,3022.00000000,3022.00000000,2711.00000000,2812.00000000,2680.75170000,7627779.83570000,35514
1636934400000,2021-11-15 00:00:00,MKR/USDT,3050.00000000,3159.00000000,2970.00000000,3020.00000000,2936.17370000,8994873.42710000,36233
1636848000000,2021-11-14 00:00:00,MKR/USDT,3118.00000000,3194.00000000,2929.00000000,3050.00000000,2358.61420000,7184946.68050000,31120
1636761600000,2021-11-13 00:00:00,MKR/USDT,2878.00000000,3190.00000000,2878.00000000,3121.00000000,5384.72000000,16432032.90910000,55506
1636675200000,2021-11-12 00:00:00,MKR/USDT,2991.00000000,3010.00000000,2789.00000000,2878.00000000,2803.84950000,8080469.14850000,28190
1636588800000,2021-11-11 00:00:00,MKR/USDT,2957.00000000,3079.00000000,2900.00000000,2992.00000000,3064.29920000,9175831.83600000,29116
1636502400000,2021-11-10 00:00:00,MKR/USDT,3135.00000000,3213.00000000,2777.00000000,2958.00000000,3962.45300000,12063328.14760000,44337
1636416000000,2021-11-09 00:00:00,MKR/USDT,3300.00000000,3303.00000000,3096.00000000,3135.00000000,3138.27310000,10060806.21890000,40694
1636329600000,2021-11-08 00:00:00,MKR/USDT,2972.00000000,3446.00000000,2953.00000000,3300.00000000,9534.00620000,30728023.95680000,97543
1636243200000,2021-11-07 00:00:00,MKR/USDT,3027.00000000,3066.00000000,2911.00000000,2972.00000000,3016.13600000,9010871.92770000,43345
1636156800000,2021-11-06 00:00:00,MKR/USDT,2946.00000000,3096.00000000,2803.00000000,3027.00000000,5435.55050000,16100437.73030000,52399
1636070400000,2021-11-05 00:00:00,MKR/USDT,3011.00000000,3029.00000000,2858.00000000,2947.00000000,4584.17360000,13446930.74490000,49301
1635984000000,2021-11-04 00:00:00,MKR/USDT,3218.00000000,3241.00000000,2880.00000000,3013.00000000,8659.26590000,26294013.50700000,92406
1635897600000,2021-11-03 00:00:00,MKR/USDT,2800.00000000,3626.00000000,2794.00000000,3216.00000000,38712.72310000,126919554.65700000,369367
1635811200000,2021-11-02 00:00:00,MKR/USDT,2452.00000000,2930.00000000,2429.00000000,2800.00000000,12116.11840000,32806170.37200000,108058
1635724800000,2021-11-01 00:00:00,MKR/USDT,2422.00000000,2542.00000000,2348.00000000,2451.00000000,5480.06890000,13463658.01810000,44523
1635638400000,2021-10-31 00:00:00,MKR/USDT,2380.00000000,2424.00000000,2325.00000000,2422.00000000,3518.18570000,8348985.91150000,35248
1635552000000,2021-10-30 00:00:00,MKR/USDT,2454.00000000,2475.00000000,2351.00000000,2380.00000000,2852.09980000,6913778.53120000,26115
1635465600000,2021-10-29 00:00:00,MKR/USDT,2381.00000000,2486.00000000,2366.00000000,2453.00000000,3945.93410000,9607128.01410000,33055
1635379200000,2021-10-28 00:00:00,MKR/USDT,2229.00000000,2417.00000000,2210.00000000,2381.00000000,2625.51100000,6118004.00290000,22092
1635292800000,2021-10-27 00:00:00,MKR/USDT,2462.00000000,2504.00000000,2200.00000000,2228.00000000,6262.77740000,14572186.82010000,44390
1635206400000,2021-10-26 00:00:00,MKR/USDT,2475.00000000,2567.00000000,2438.00000000,2461.00000000,6269.88430000,15773137.54520000,39141
1635120000000,2021-10-25 00:00:00,MKR/USDT,2439.00000000,2481.00000000,2399.00000000,2475.00000000,3067.34770000,7522025.80220000,22213
1635033600000,2021-10-24 00:00:00,MKR/USDT,2527.00000000,2531.00000000,2383.00000000,2439.00000000,2640.33930000,6485263.84020000,21836
1634947200000,2021-10-23 00:00:00,MKR/USDT,2521.00000000,2546.00000000,2489.00000000,2526.00000000,1312.22550000,3306796.39380000,15645
1634860800000,2021-10-22 00:00:00,MKR/USDT,2573.00000000,2623.00000000,2498.00000000,2520.00000000,2246.60890000,5770669.00610000,24139
1634774400000,2021-10-21 00:00:00,MKR/USDT,2597.00000000,2706.00000000,2541.00000000,2570.00000000,4231.77330000,11056704.87270000,37606
1634688000000,2021-10-20 00:00:00,MKR/USDT,2493.00000000,2598.00000000,2460.00000000,2595.00000000,2682.39660000,6750141.93080000,28725
1634601600000,2021-10-19 00:00:00,MKR/USDT,2508.00000000,2524.00000000,2441.00000000,2492.00000000,2067.51840000,5152243.06900000,19395
1634515200000,2021-10-18 00:00:00,MKR/USDT,2552.00000000,2578.00000000,2431.00000000,2508.00000000,2526.82940000,6320127.88010000,30202
1634428800000,2021-10-17 00:00:00,MKR/USDT,2595.00000000,2638.00000000,2471.00000000,2549.00000000,1523.00620000,3922705.58590000,16600
1634342400000,2021-10-16 00:00:00,MKR/USDT,2569.00000000,2689.00000000,2554.00000000,2594.00000000,2272.41940000,5939938.61440000,26528
1634256000000,2021-10-15 00:00:00,MKR/USDT,2544.00000000,2597.00000000,2469.00000000,2566.00000000,2289.20380000,5815702.10810000,23564
1634169600000,2021-10-14 00:00:00,MKR/USDT,2493.00000000,2617.00000000,2480.00000000,2543.00000000,2780.51530000,7073947.41190000,24570
1634083200000,2021-10-13 00:00:00,MKR/USDT,2442.00000000,2494.00000000,2369.00000000,2492.00000000,2150.51400000,5232399.82880000,18635
1633996800000,2021-10-12 00:00:00,MKR/USDT,2450.00000000,2505.00000000,2357.00000000,2442.00000000,3065.49900000,7440253.97840000,23802
1633910400000,2021-10-11 00:00:00,MKR/USDT,2456.00000000,2559.00000000,2395.00000000,2448.00000000,2410.53810000,6006992.93520000,17378
1633824000000,2021-10-10 00:00:00,MKR/USDT,2573.00000000,2728.00000000,2437.00000000,2457.00000000,5792.56220000,15089626.23440000,45560
1633737600000,2021-10-09 00:00:00,MKR/USDT,2500.00000000,2624.00000000,2468.00000000,2572.00000000,2670.64340000,6796721.41820000,28347
1633651200000,2021-10-08 00:00:00,MKR/USDT,2502.00000000,2577.00000000,2459.00000000,2494.00000000,2302.65410000,5811424.46890000,23702
1633564800000,2021-10-07 00:00:00,MKR/USDT,2488.00000000,2537.00000000,2417.00000000,2500.00000000,2248.26260000,5589994.90020000,21201
1633478400000,2021-10-06 00:00:00,MKR/USDT,2543.00000000,2588.00000000,2386.00000000,2488.00000000,3131.20330000,7819664.77360000,26151
1633392000000,2021-10-05 00:00:00,MKR/USDT,2549.00000000,2591.00000000,2480.00000000,2546.00000000,2861.78810000,7271940.71920000,23250
1633305600000,2021-10-04 00:00:00,MKR/USDT,2542.00000000,2555.00000000,2367.00000000,2546.00000000,3021.95030000,7451132.52430000,25436
1633219200000,2021-10-03 00:00:00,MKR/USDT,2479.00000000,2619.00000000,2429.00000000,2540.00000000,2654.11610000,6715504.70350000,22308
1633132800000,2021-10-02 00:00:00,MKR/USDT,2444.00000000,2560.00000000,2387.00000000,2480.00000000,3422.50380000,8491975.34730000,26491
1633046400000,2021-10-01 00:00:00,MKR/USDT,2289.00000000,2471.00000000,2267.00000000,2443.00000000,5280.79440000,12586552.78740000,35837
1632960000000,2021-09-30 00:00:00,MKR/USDT,2231.00000000,2315.00000000,2215.00000000,2288.00000000,2595.25070000,5891312.13220000,17998
1632873600000,2021-09-29 00:00:00,MKR/USDT,2227.00000000,2315.00000000,2175.00000000,2228.00000000,3361.76440000,7581260.57690000,25906
1632787200000,2021-09-28 00:00:00,MKR/USDT,2245.00000000,2436.00000000,2213.00000000,2227.00000000,6305.95370000,14690637.94240000,38632
1632700800000,2021-09-27 00:00:00,MKR/USDT,2350.00000000,2424.00000000,2228.00000000,2243.00000000,3958.15650000,9318008.44180000,30842
1632614400000,2021-09-26 00:00:00,MKR/USDT,2261.00000000,2572.00000000,2161.00000000,2349.00000000,17070.34370000,40978217.07360000,105996
1632528000000,2021-09-25 00:00:00,MKR/USDT,2297.00000000,2327.00000000,2198.00000000,2259.00000000,2066.23070000,4684426.43180000,14939
1632441600000,2021-09-24 00:00:00,MKR/USDT,2489.00000000,2507.00000000,2132.00000000,2297.00000000,6628.07200000,15457825.21312310,43199
1632355200000,2021-09-23 00:00:00,MKR/USDT,2530.00000000,2568.00000000,2451.00000000,2490.00000000,4577.41120000,11443728.77130000,25362
1632268800000,2021-09-22 00:00:00,MKR/USDT,2294.00000000,2543.00000000,2261.00000000,2530.00000000,2079.15050000,5067728.21710000,16652
1632182400000,2021-09-21 00:00:00,MKR/USDT,2436.00000000,2546.00000000,2226.00000000,2293.00000000,3776.67769000,9110731.13821360,27063
1632096000000,2021-09-20 00:00:00,MKR/USDT,2770.00000000,2774.00000000,2385.00000000,2436.00000000,4886.79472000,12405611.95350530,38560
1632009600000,2021-09-19 00:00:00,MKR/USDT,2840.00000000,2876.00000000,2720.00000000,2768.00000000,1502.03020000,4217818.29350000,14993
1631923200000,2021-09-18 00:00:00,MKR/USDT,2791.00000000,2905.00000000,2752.00000000,2840.00000000,1306.42550000,3711185.96910000,13103
1631836800000,2021-09-17 00:00:00,MKR/USDT,2970.00000000,2994.00000000,2750.00000000,2789.00000000,5786.68880000,16479492.20780000,39561
1631750400000,2021-09-16 00:00:00,MKR/USDT,3063.00000000,3177.00000000,2910.00000000,2970.00000000,4283.32210000,13162787.88800000,43526
1631664000000,2021-09-15 00:00:00,MKR/USDT,2921.00000000,3080.00000000,2824.00000000,3062.00000000,4058.19220000,11842687.84640000,38198
1631577600000,2021-09-14 00:00:00,MKR/USDT,2810.00000000,2945.00000000,2780.00000000,2923.00000000,2469.18170000,7085555.77270000,23390
1631491200000,2021-09-13 00:00:00,MKR/USDT,2873.00000000,2898.00000000,2620.00000000,2809.00000000,2513.96600000,6927550.26762530,25598
1631404800000,2021-09-12 00:00:00,MKR/USDT,2846.00000000,2967.00000000,2787.00000000,2874.00000000,2249.05290000,6510002.22820000,27416
1631318400000,2021-09-11 00:00:00,MKR/USDT,2785.00000000,2916.00000000,2771.00000000,2846.00000000,2052.49360000,5867699.24370000,20797
1631232000000,2021-09-10 00:00:00,MKR/USDT,2940.00000000,2994.00000000,2716.00000000,2783.00000000,3311.16710000,9480539.65513120,34625
1631145600000,2021-09-09 00:00:00,MKR/USDT,3020.00000000,3098.00000000,2905.00000000,2938.00000000,3834.25110000,11552895.61270000,39002
1631059200000,2021-09-08 00:00:00,MKR/USDT,3054.00000000,3131.00000000,2809.00000000,3021.00000000,3515.04380000,10499581.27130000,30794
1630972800000,2021-09-07 00:00:00,MKR/USDT,3621.00000000,3625.00000000,2780.00000000,3050.00000000,6970.73863000,22453019.06254020,69295
1630886400000,2021-09-06 00:00:00,MKR/USDT,3721.00000000,3724.00000000,3550.00000000,3620.00000000,3661.52820000,13315933.19600000,41461
1630800000000,2021-09-05 00:00:00,MKR/USDT,3552.00000000,3724.00000000,3525.00000000,3718.00000000,2980.09500000,10852037.57620000,29986
1630713600000,2021-09-04 00:00:00,MKR/USDT,3657.00000000,3720.00000000,3540.00000000,3548.00000000,2714.74090000,9883403.72530000,25099
1630627200000,2021-09-03 00:00:00,MKR/USDT,3547.00000000,3752.00000000,3477.00000000,3655.00000000,4164.91420000,15151119.84610000,39342
1630540800000,2021-09-02 00:00:00,MKR/USDT,3693.00000000,3702.00000000,3543.00000000,3543.00000000,2109.39110000,7616943.48860000,26303
1630454400000,2021-09-01 00:00:00,MKR/USDT,3523.00000000,3706.00000000,3421.00000000,3694.00000000,3300.07910000,11797961.03960000,39094
1630368000000,2021-08-31 00:00:00,MKR/USDT,3361.00000000,3569.00000000,3311.00000000,3526.00000000,4449.92800000,15385910.09180000,37392
1630281600000,2021-08-30 00:00:00,MKR/USDT,3453.00000000,3509.00000000,3307.00000000,3359.00000000,2959.55719000,10080979.72735960,26849
1630195200000,2021-08-29 00:00:00,MKR/USDT,3604.00000000,3682.00000000,3382.00000000,3452.00000000,3429.61999000,11962472.96336160,32586
1630108800000,2021-08-28 00:00:00,MKR/USDT,3751.00000000,3785.00000000,3581.00000000,3604.00000000,1913.45680000,7007441.74910000,21335
1630022400000,2021-08-27 00:00:00,MKR/USDT,3586.00000000,3792.00000000,3540.00000000,3752.00000000,1836.96266000,6757403.04897510,20736
1629936000000,2021-08-26 00:00:00,MKR/USDT,3701.36000000,3742.06000000,3440.00000000,3586.00000000,2030.22763000,7254525.96434710,19668
1629849600000,2021-08-25 00:00:00,MKR/USDT,3629.22000000,3751.73000000,3493.69000000,3700.68000000,1970.00690000,7170900.05527480,22110
1629763200000,2021-08-24 00:00:00,MKR/USDT,3877.60000000,3906.60000000,3592.67000000,3628.65000000,2973.39595000,11241988.99508250,32996
1629676800000,2021-08-23 00:00:00,MKR/USDT,3802.81000000,4015.47000000,3788.42000000,3879.05000000,2346.72935000,9223353.97052220,36507
1629590400000,2021-08-22 00:00:00,MKR/USDT,3870.62000000,3887.54000000,3692.73000000,3806.04000000,1681.27219000,6393197.93691330,21985
1629504000000,2021-08-21 00:00:00,MKR/USDT,3816.54000000,3983.17000000,3694.59000000,3870.29000000,4765.03238000,18471032.98203420,73300
1629417600000,2021-08-20 00:00:00,MKR/USDT,3748.40000000,3857.66000000,3676.00000000,3815.06000000,2430.96412000,9155603.47579340,33128
1629331200000,2021-08-19 00:00:00,MKR/USDT,3515.39000000,3750.84000000,3442.61000000,3748.40000000,2441.72592000,8769300.97350870,34327
1629244800000,2021-08-18 00:00:00,MKR/USDT,3448.48000000,3638.57000000,3370.00000000,3513.01000000,2425.95649000,8505756.15514630,31918
1629158400000,2021-08-17 00:00:00,MKR/USDT,3572.37000000,3781.89000000,3427.56000000,3450.90000000,2799.57578000,10100638.99873460,34922
1629072000000,2021-08-16 00:00:00,MKR/USDT,3802.37000000,3891.22000000,3562.50000000,3575.25000000,2933.69597000,11028254.50741860,40328
1628985600000,2021-08-15 00:00:00,MKR/USDT,3865.37000000,3883.53000000,3612.81000000,3802.37000000,2659.03343000,9905308.02078230,31412
1628899200000,2021-08-14 00:00:00,MKR/USDT,3711.36000000,3914.46000000,3556.87000000,3871.41000000,4028.48966000,15081306.82801380,47534
1628812800000,2021-08-13 00:00:00,MKR/USDT,3250.11000000,3714.68000000,3234.43000000,3711.02000000,2911.78338000,10374576.96917430,40307
1628726400000,2021-08-12 00:00:00,MKR/USDT,3365.33000000,3425.99000000,3163.15000000,3250.89000000,2879.44186000,9501856.37190820,30077
1628640000000,2021-08-11 00:00:00,MKR/USDT,3393.36000000,3528.62000000,3328.88000000,3368.46000000,2836.62709000,9786266.26961380,35272
1628553600000,2021-08-10 00:00:00,MKR/USDT,3362.03000000,3465.42000000,3263.15000000,3391.81000000,3491.49900000,11766580.48207220,37143
1628467200000,2021-08-09 00:00:00,MKR/USDT,3232.30000000,3382.50000000,3081.26000000,3361.99000000,2128.50311000,6962165.81281440,25552
1628380800000,2021-08-08 00:00:00,MKR/USDT,3408.76000000,3449.99000000,3148.61000000,3232.57000000,1935.18635000,6416428.42178420,22608
1628294400000,2021-08-07 00:00:00,MKR/USDT,3258.16000000,3477.56000000,3223.08000000,3408.77000000,3567.79692000,11932426.81959330,36253
1628208000000,2021-08-06 00:00:00,MKR/USDT,3291.45000000,3373.23000000,3110.78000000,3250.85000000,4311.97315000,13965151.04575480,39739
1628121600000,2021-08-05 00:00:00,MKR/USDT,2968.44000000,3300.00000000,2791.36000000,3290.54000000,5489.98302000,16767664.27267850,46911
1628035200000,2021-08-04 00:00:00,MKR/USDT,2790.19000000,2995.36000000,2741.21000000,2967.22000000,2567.75764000,7398000.85546510,21196
1627948800000,2021-08-03 00:00:00,MKR/USDT,2918.10000000,2948.19000000,2738.60000000,2787.34000000,1584.62518000,4445720.88602080,15760
1627862400000,2021-08-02 00:00:00,MKR/USDT,2896.27000000,3028.54000000,2836.30000000,2917.36000000,1754.99656000,5168412.09913240,16760
1627776000000,2021-08-01 00:00:00,MKR/USDT,2980.75000000,3090.36000000,2881.50000000,2895.92000000,1865.93022000,5602353.16174070,20192
1627689600000,2021-07-31 00:00:00,MKR/USDT,2912.66000000,3012.34000000,2855.36000000,2977.72000000,1900.06599000,5560931.87569080,18692
1627603200000,2021-07-30 00:00:00,MKR/USDT,2896.42000000,2950.05000000,2766.32000000,2911.59000000,2244.13972000,6416475.91391170,18127
1627516800000,2021-07-29 00:00:00,MKR/USDT,2655.81000000,2899.50000000,2604.78000000,2898.46000000,2572.65947000,7151420.08120020,25222
1627430400000,2021-07-28 00:00:00,MKR/USDT,2687.25000000,2726.86000000,2614.62000000,2657.35000000,1740.37773000,4661136.25040490,17722
1627344000000,2021-07-27 00:00:00,MKR/USDT,2590.87000000,2723.82000000,2506.51000000,2688.33000000,2287.39669000,6012732.91384090,17055
1627257600000,2021-07-26 00:00:00,MKR/USDT,2567.37000000,2846.32000000,2549.54000000,2595.30000000,4558.68394000,12382040.45065120,36552
1627171200000,2021-07-25 00:00:00,MKR/USDT,2577.03000000,2594.95000000,2459.06000000,2570.69000000,1825.43933000,4603388.96918050,13102
1627084800000,2021-07-24 00:00:00,MKR/USDT,2514.69000000,2611.38000000,2490.90000000,2577.23000000,1932.33243000,4917017.96688650,14469
1626998400000,2021-07-23 00:00:00,MKR/USDT,2438.09000000,2536.65000000,2398.00000000,2517.10000000,2757.31108000,6813388.20562760,17757
1626912000000,2021-07-22 00:00:00,MKR/USDT,2441.65000000,2476.99000000,2377.45000000,2435.13000000,2389.62640000,5811544.70295100,15806
1626825600000,2021-07-21 00:00:00,MKR/USDT,2185.31000000,2487.10000000,2152.68000000,2440.90000000,3842.12342000,9128327.36076600,21206
1626739200000,2021-07-20 00:00:00,MKR/USDT,2295.67000000,2327.99000000,2110.83000000,2186.19000000,2671.75810000,5838478.16009820,16738
1626652800000,2021-07-19 00:00:00,MKR/USDT,2468.89000000,2479.41000000,2271.60000000,2293.82000000,2288.30631000,5420326.19386070,16407
1626566400000,2021-07-18 00:00:00,MKR/USDT,2425.92000000,2546.07000000,2403.80000000,2468.06000000,1781.73962000,4415763.16953880,12223
1626480000000,2021-07-17 00:00:00,MKR/USDT,2419.17000000,2464.73000000,2378.92000000,2422.94000000,1893.50341000,4585014.54692500,11572
1626393600000,2021-07-16 00:00:00,MKR/USDT,2569.00000000,2613.28000000,2406.25000000,2419.60000000,2641.45583000,6570616.79258110,20588
1626307200000,2021-07-15 00:00:00,MKR/USDT,2515.79000000,2630.14000000,2450.16000000,2566.89000000,6136.29650000,15509470.17355840,33245
1626220800000,2021-07-14 00:00:00,MKR/USDT,2524.43000000,2579.94000000,2400.00000000,2514.06000000,2279.81282000,5681257.57613940,15020
1626134400000,2021-07-13 00:00:00,MKR/USDT,2600.00000000,2644.66000000,2502.29000000,2523.54000000,1938.11881000,4985742.25774380,12917
1626048000000,2021-07-12 00:00:00,MKR/USDT,2672.27000000,2737.27000000,2569.19000000,2602.98000000,2498.09139000,6618632.09298590,16368
1625961600000,2021-07-11 00:00:00,MKR/USDT,2677.26000000,2719.48000000,2613.24000000,2667.90000000,1687.41005000,4518514.10728170,12937
1625875200000,2021-07-10 00:00:00,MKR/USDT,2705.69000000,2776.84000000,2604.04000000,2674.71000000,1718.71633000,4596890.80349130,12016
1625788800000,2021-07-09 00:00:00,MKR/USDT,2654.52000000,2820.38000000,2555.99000000,2707.02000000,3346.47904000,9000718.09513810,22603
1625702400000,2021-07-08 00:00:00,MKR/USDT,2861.68000000,2867.98000000,2593.60000000,2654.67000000,4412.17829000,11872610.36868010,28797
1625616000000,2021-07-07 00:00:00,MKR/USDT,2745.79000000,2939.50000000,2732.62000000,2862.71000000,5671.33298000,16217094.47699650,36837
1625529600000,2021-07-06 00:00:00,MKR/USDT,2749.14000000,3105.58000000,2725.29000000,2745.10000000,10228.11236000,29791816.01340890,66776
1625443200000,2021-07-05 00:00:00,MKR/USDT,2797.46000000,2823.68000000,2632.09000000,2745.11000000,4770.22225000,13045627.21263610,32982
1625356800000,2021-07-04 00:00:00,MKR/USDT,2639.57000000,2906.30000000,2572.43000000,2803.29000000,4862.72385000,13531698.59141440,35016
1625270400000,2021-07-03 00:00:00,MKR/USDT,2581.57000000,2691.32000000,2520.10000000,2639.23000000,3313.22278000,8723145.77253550,22055
1625184000000,2021-07-02 00:00:00,MKR/USDT,2501.55000000,2594.02000000,2410.00000000,2583.55000000,4101.03508000,10216285.50632150,29564
1625097600000,2021-07-01 00:00:00,MKR/USDT,2680.61000000,2860.74000000,2480.02000000,2503.33000000,12350.62027000,32784304.04133730,83733
1625011200000,2021-06-30 00:00:00,MKR/USDT,2425.01000000,2683.60000000,2268.02000000,2680.61000000,5154.07702000,12428880.34339890,33707
1624924800000,2021-06-29 00:00:00,MKR/USDT,2215.62000000,2495.98000000,2205.27000000,2428.15000000,5737.14483000,13628038.36659790,33379
1624838400000,2021-06-28 00:00:00,MKR/USDT,2136.94000000,2291.76000000,2083.69000000,2215.17000000,5328.91309000,11616219.36288080,31367
1624752000000,2021-06-27 00:00:00,MKR/USDT,2009.34000000,2137.58000000,1956.34000000,2128.59000000,3600.99558000,7321965.44856480,21004
1624665600000,2021-06-26 00:00:00,MKR/USDT,1965.76000000,2044.10000000,1895.14000000,2007.19000000,5288.12572000,10410581.16575720,31592
1624579200000,2021-06-25 00:00:00,MKR/USDT,2238.01000000,2274.52000000,1957.81000000,1965.75000000,5823.00802000,12139053.18594380,31363
1624492800000,2021-06-24 00:00:00,MKR/USDT,2314.69000000,2330.86000000,2064.27000000,2236.38000000,7408.19188000,16262894.30237180,41385
1624406400000,2021-06-23 00:00:00,MKR/USDT,2272.55000000,2479.33000000,2214.05000000,2313.71000000,5699.58724000,13447824.75785260,37335
1624320000000,2021-06-22 00:00:00,MKR/USDT,2097.66000000,2441.00000000,1921.48000000,2269.83000000,10300.02225000,22237510.04568240,64710
1624233600000,2021-06-21 00:00:00,MKR/USDT,2702.84000000,2729.02000000,2071.14000000,2095.97000000,5809.30429000,13585870.04581280,38674
1624147200000,2021-06-20 00:00:00,MKR/USDT,2579.93000000,2747.48000000,2441.40000000,2701.40000000,2365.74998000,6150581.77025500,17529
1624060800000,2021-06-19 00:00:00,MKR/USDT,2689.32000000,2714.26000000,2575.40000000,2582.32000000,2197.97868000,5835902.74623230,29946
1623974400000,2021-06-18 00:00:00,MKR/USDT,2909.00000000,2910.85000000,2570.08000000,2689.10000000,3476.03215000,9569667.55474720,38038
1623888000000,2021-06-17 00:00:00,MKR/USDT,2947.86000000,3067.65000000,2848.51000000,2910.89000000,1978.52566000,5839397.37313320,15448
1623801600000,2021-06-16 00:00:00,MKR/USDT,3150.51000000,3151.27000000,2921.75000000,2946.56000000,2234.75446000,6794207.38140370,18451
1623715200000,2021-06-15 00:00:00,MKR/USDT,3202.11000000,3279.00000000,3100.99000000,3152.03000000,1881.16526000,6016584.39357940,16987
1623628800000,2021-06-14 00:00:00,MKR/USDT,3146.80000000,3265.95000000,3086.01000000,3197.58000000,2119.23111000,6725730.69939670,19515
1623542400000,2021-06-13 00:00:00,MKR/USDT,2936.23000000,3189.32000000,2865.24000000,3142.80000000,2095.45243000,6294580.23468260,18847
1623456000000,2021-06-12 00:00:00,MKR/USDT,2926.30000000,3058.00000000,2773.73000000,2935.77000000,2531.24663000,7397200.76565540,20815
1623369600000,2021-06-11 00:00:00,MKR/USDT,3112.51000000,3149.62000000,2876.23000000,2923.80000000,2304.65847000,6971675.58560650,18788
1623283200000,2021-06-10 00:00:00,MKR/USDT,3329.44000000,3345.27000000,3042.52000000,3112.11000000,2822.59709000,9013459.66702170,21336
1623196800000,2021-06-09 00:00:00,MKR/USDT,3239.68000000,3342.70000000,3036.00000000,3330.18000000,3985.01595000,12821231.53086830,30307
1623110400000,2021-06-08 00:00:00,MKR/USDT,3304.01000000,3367.45000000,2883.93000000,3236.89000000,7616.52094000,24056668.99241080,54087
1623024000000,2021-06-07 00:00:00,MKR/USDT,3613.58000000,3807.73000000,3273.23000000,3306.92000000,4977.53475000,17860700.34738210,42800
1622937600000,2021-06-06 00:00:00,MKR/USDT,3555.38000000,3640.35000000,3508.33000000,3612.57000000,2029.11767000,7256899.11257940,16936
1622851200000,2021-06-05 00:00:00,MKR/USDT,3729.03000000,3917.71000000,3408.53000000,3555.76000000,5290.24113000,19622008.90554900,45454
1622764800000,2021-06-04 00:00:00,MKR/USDT,3658.00000000,3980.53000000,3441.40000000,3725.52000000,12339.83095000,45809188.17800990,91289
1622678400000,2021-06-03 00:00:00,MKR/USDT,3563.21000000,3718.32000000,3529.25000000,3659.44000000,4410.93891000,16028942.72592630,34918
1622592000000,2021-06-02 00:00:00,MKR/USDT,3599.62000000,3726.98000000,3507.50000000,3561.79000000,3461.47048000,12519667.11861820,32642
1622505600000,2021-06-01 00:00:00,MKR/USDT,3587.87000000,3700.00000000,3471.00000000,3593.63000000,4889.16756000,17523008.81365300,39896
1622419200000,2021-05-31 00:00:00,MKR/USDT,3304.16000000,3614.54000000,3161.80000000,3597.27000000,4914.54607000,16826124.20294300,38054
1622332800000,2021-05-30 00:00:00,MKR/USDT,3068.95000000,3450.00000000,2843.12000000,3308.90000000,6118.28584000,19717405.64419320,43072
1622246400000,2021-05-29 00:00:00,MKR/USDT,3246.29000000,3450.39000000,2862.93000000,3064.10000000,5859.37029000,18414640.87790130,43079
1622160000000,2021-05-28 00:00:00,MKR/USDT,3724.60,3783.00,3123.90,3250.90,39603.303,135123788.59030,235847
1622073600000,2021-05-27 00:00:00,MKR/USDT,3965.10,3982.60,3575.20,3724.70,36182.538,135697059.88040,223115
1621987200000,2021-05-26 00:00:00,MKR/USDT,3863.80,4042.50,3664.20,3964.90,50159.211,193815553.54720,270077
1621900800000,2021-05-25 00:00:00,MKR/USDT,4190.50,4347.00,3292.50,3864.80,71469.286,267708741.76222,414021
1621814400000,2021-05-24 00:00:00,MKR/USDT,2709.30,4270.00,2701.40,4188.80,116539.670,409184177.30864,835944
1621728000000,2021-05-23 00:00:00,MKR/USDT,2767.20,2884.30,1812.70,2709.00,86071.646,198379941.89842,496386
1621641600000,2021-05-22 00:00:00,MKR/USDT,3118.30,3218.10,2541.40,2766.90,55737.984,158027065.64824,319951
1621555200000,2021-05-21 00:00:00,MKR/USDT,3936.30,4184.90,2710.40,3118.50,61619.752,219387762.89852,331164
1621468800000,2021-05-20 00:00:00,MKR/USDT,3468.30,4218.80,3023.50,3936.30,68193.317,255345109.09696,381068
1621382400000,2021-05-19 00:00:00,MKR/USDT,4653.70,4746.20,2191.80,3470.00,84082.420,326276882.16462,482240
1621296000000,2021-05-18 00:00:00,MKR/USDT,4255.10,5047.00,4201.90,4654.30,49745.252,236377159.73920,343691
1621209600000,2021-05-17 00:00:00,MKR/USDT,4546.60,4788.50,4137.90,4256.00,52241.094,232584976.56363,327311
1621123200000,2021-05-16 00:00:00,MKR/USDT,4601.30,4932.20,4202.30,4548.90,39035.620,180154496.95190,232449
1621036800000,2021-05-15 00:00:00,MKR/USDT,5005.10,5144.20,4578.50,4602.40,42743.008,207288912.47378,222587
1620950400000,2021-05-14 00:00:00,MKR/USDT,4772.30,5355.30,4723.30,5002.00,40786.340,204179165.33852,231205
1620864000000,2021-05-13 00:00:00,MKR/USDT,4942.60,5317.10,4440.30,4772.30,67175.210,325775469.70626,427055
1620777600000,2021-05-12 00:00:00,MKR/USDT,5376.20,6110.80,4816.60,4942.70,65909.047,367064294.09746,492135
1620691200000,2021-05-11 00:00:00,MKR/USDT,4989.47,5419.90,4731.85,5379.20,46205.783,232073237.23194,237998
1620604800000,2021-05-10 00:00:00,MKR/USDT,5279.35,5458.37,4693.74,4990.66,60877.294,318641419.88260,293004
1620518400000,2021-05-09 00:00:00,MKR/USDT,5657.66,5700.00,5037.39,5281.64,57940.265,310542303.26650,286371
1620432000000,2021-05-08 00:00:00,MKR/USDT,5085.52,5869.03,5007.24,5655.13,69214.615,378879407.37567,390576
1620345600000,2021-05-07 00:00:00,MKR/USDT,5057.49,5380.81,4869.22,5084.96,55935.744,284322825.35558,272195
1620259200000,2021-05-06 00:00:00,MKR/USDT,5425.70,5448.00,4875.65,5057.49,63400.409,329617229.53906,301924
1620172800000,2021-05-05 00:00:00,MKR/USDT,5238.12,5524.52,5108.75,5426.34,68157.900,364193494.19529,322250
1620086400000,2021-05-04 00:00:00,MKR/USDT,5994.00,6032.21,5109.83,5243.27,88440.519,492966484.48915,515663
1620000000000,2021-05-03 00:00:00,MKR/USDT,4921.13,6344.39,4921.13,5992.85,89669.188,504714085.00842,578575
1619913600000,2021-05-02 00:00:00,MKR/USDT,4794.10,5121.56,4521.53,4921.13,61822.073,301269911.26801,303241
1619827200000,2021-05-01 00:00:00,MKR/USDT,4357.37,5000.00,4301.92,4792.88,62471.834,292885718.00131,307957
1619740800000,2021-04-30 00:00:00,MKR/USDT,4269.90,4373.67,4083.77,4357.76,46711.275,197746037.62796,183760
1619654400000,2021-04-29 00:00:00,MKR/USDT,4419.76,4422.59,4068.54,4270.53,57254.575,243987566.46044,218627
1619568000000,2021-04-28 00:00:00,MKR/USDT,4567.03,4669.64,4133.16,4422.04,62410.441,274660538.16392,237482
1619481600000,2021-04-27 00:00:00,MKR/USDT,4022.12,4608.21,4004.90,4564.93,70484.348,309245405.05312,273962
1619395200000,2021-04-26 00:00:00,MKR/USDT,3825.50,4156.53,3739.34,4022.38,68695.887,274489312.24731,235478
1619308800000,2021-04-25 00:00:00,MKR/USDT,4020.52,4146.78,3572.82,3825.42,61158.008,238823583.92721,250814
1619222400000,2021-04-24 00:00:00,MKR/USDT,4068.54,4186.00,3600.01,4023.73,82230.979,318956274.04242,325752
1619136000000,2021-04-23 00:00:00,MKR/USDT,4019.84,4577.00,3250.77,4067.52,130740.801,506823191.85819,667989
1619049600000,2021-04-22 00:00:00,MKR/USDT,4047.52,4951.64,3820.26,4020.68,160622.563,719483469.67344,936710
1618963200000,2021-04-21 00:00:00,MKR/USDT,3458.20,4278.89,3371.50,4052.22,93634.333,354674722.14999,386729
1618876800000,2021-04-20 00:00:00,MKR/USDT,3520.10,3665.36,3174.49,3458.05,66220.876,225653788.87359,246116
1618790400000,2021-04-19 00:00:00,MKR/USDT,3250.39,3869.47,3153.70,3520.35,86424.904,306140897.16297,333986
1618704000000,2021-04-18 00:00:00,MKR/USDT,3311.48,3342.73,2554.00,3250.93,78691.929,243268500.62365,287599
1618617600000,2021-04-17 00:00:00,MKR/USDT,3380.22,3669.98,3297.15,3310.94,62957.805,219969604.85777,245393
1618531200000,2021-04-16 00:00:00,MKR/USDT,3769.95,3848.55,3215.73,3379.74,89950.801,314600741.84086,377133
1618444800000,2021-04-15 00:00:00,MKR/USDT,2685.91,4020.00,2685.90,3768.69,160646.291,559382259.90426,728923
1618358400000,2021-04-14 00:00:00,MKR/USDT,2575.99,2693.46,2491.48,2685.82,58137.013,151476248.94627,190743
1618272000000,2021-04-13 00:00:00,MKR/USDT,2701.05,2763.57,2438.34,2575.66,60610.444,155089830.09930,213775
1618185600000,2021-04-12 00:00:00,MKR/USDT,2278.71,2737.37,2278.14,2698.71,65925.954,163626251.58560,247690
1618099200000,2021-04-11 00:00:00,MKR/USDT,2233.42,2314.18,2180.53,2278.82,34628.351,77502256.68580,108922
1618012800000,2021-04-10 00:00:00,MKR/USDT,2226.75,2390.26,2180.00,2233.18,38797.547,88248448.68579,128583
1617926400000,2021-04-09 00:00:00,MKR/USDT,2212.69,2288.13,2175.35,2227.42,40935.453,90847613.38270,118141
1617840000000,2021-04-08 00:00:00,MKR/USDT,2105.77,2239.77,2074.81,2212.75,55833.998,120507422.06403,145019
1617753600000,2021-04-07 00:00:00,MKR/USDT,2297.62,2356.98,2014.91,2105.62,75572.120,163719362.98254,203947
1617667200000,2021-04-06 00:00:00,MKR/USDT,2336.88,2360.36,2186.42,2298.25,55490.575,126028890.16508,154872
1617580800000,2021-04-05 00:00:00,MKR/USDT,2311.52,2374.48,2191.31,2337.14,52187.699,119806787.02223,137753
1617494400000,2021-04-04 00:00:00,MKR/USDT,2238.60,2352.04,2216.00,2311.63,52423.169,119982360.13266,130074
1617408000000,2021-04-03 00:00:00,MKR/USDT,2488.63,2584.10,2215.02,2239.29,58508.533,139620154.63171,178400
1617321600000,2021-04-02 00:00:00,MKR/USDT,2294.25,2599.67,2271.96,2488.52,59102.016,145136199.78508,192299
1617235200000,2021-04-01 00:00:00,MKR/USDT,2115.91,2395.00,2108.76,2292.26,53699.918,122307856.78157,180657
1617148800000,2021-03-31 00:00:00,MKR/USDT,2090.81,2146.17,2019.04,2116.00,56820.792,118672587.88340,143014
1617062400000,2021-03-30 00:00:00,MKR/USDT,2102.54,2175.33,2081.75,2090.28,52282.648,110888565.22540,127551
1616976000000,2021-03-29 00:00:00,MKR/USDT,2063.52,2150.09,2035.16,2103.90,45203.137,94597894.34862,128817
1616889600000,2021-03-28 00:00:00,MKR/USDT,2145.73,2155.05,2020.10,2063.19,49215.183,102496113.49299,146752
1616803200000,2021-03-27 00:00:00,MKR/USDT,1987.80,2236.87,1955.94,2145.95,64920.572,134743092.43378,202343
1616716800000,2021-03-26 00:00:00,MKR/USDT,1883.24,2002.79,1883.24,1987.07,48888.302,95159150.20168,135824
1616630400000,2021-03-25 00:00:00,MKR/USDT,1812.17,1938.49,1785.00,1883.24,70048.527,131232398.24941,199040
1616544000000,2021-03-24 00:00:00,MKR/USDT,2009.70,2082.85,1758.66,1812.17,67109.090,132678603.17095,190504
1616457600000,2021-03-23 00:00:00,MKR/USDT,1964.78,2044.55,1904.74,2010.34,66789.827,131368087.46258,180231
1616371200000,2021-03-22 00:00:00,MKR/USDT,2101.67,2122.87,1946.90,1964.60,54294.231,111684579.34052,152510
1616284800000,2021-03-21 00:00:00,MKR/USDT,2140.57,2170.28,2065.40,2101.81,46553.143,98369114.25577,127982
1616198400000,2021-03-20 00:00:00,MKR/USDT,2096.96,2276.68,2093.46,2140.25,49566.119,107836582.82634,160413
1616112000000,2021-03-19 00:00:00,MKR/USDT,2123.98,2139.30,2067.17,2097.35,51185.092,107577280.27835,143789
1616025600000,2021-03-18 00:00:00,MKR/USDT,2111.04,2206.25,2100.39,2124.15,53241.230,113849276.77340,152186
1615939200000,2021-03-17 00:00:00,MKR/USDT,2072.12,2181.00,2023.27,2112.10,53505.044,112275415.59707,135001
1615852800000,2021-03-16 00:00:00,MKR/USDT,1996.85,2115.44,1931.42,2072.26,60622.688,123722040.41660,160871
1615766400000,2021-03-15 00:00:00,MKR/USDT,2039.12,2135.33,1932.94,1996.37,62114.179,125779167.81201,180683
1615680000000,2021-03-14 00:00:00,MKR/USDT,2179.58,2208.41,2038.49,2039.91,55169.487,118084339.61854,153207
1615593600000,2021-03-13 00:00:00,MKR/USDT,2136.98,2239.45,2080.45,2178.22,55029.071,118917892.66813,141007
1615507200000,2021-03-12 00:00:00,MKR/USDT,2234.11,2303.21,2094.00,2136.98,64842.568,142249462.94612,175769
1615420800000,2021-03-11 00:00:00,MKR/USDT,2254.78,2294.13,2109.77,2234.14,63437.126,139462645.81310,173468
1615334400000,2021-03-10 00:00:00,MKR/USDT,2266.70,2360.87,2170.77,2255.43,66072.651,148328802.29290,187153
1615248000000,2021-03-09 00:00:00,MKR/USDT,2196.37,2283.29,2145.61,2266.70,52121.775,115403760.85543,138489
1615161600000,2021-03-08 00:00:00,MKR/USDT,2261.67,2274.31,2055.96,2196.13,55885.797,120206281.17942,148056
1615075200000,2021-03-07 00:00:00,MKR/USDT,2252.49,2269.27,2156.57,2260.91,42421.611,93711812.47241,110707
1614988800000,2021-03-06 00:00:00,MKR/USDT,2059.31,2327.00,2042.97,2252.31,56386.666,122091137.25057,155193
1614902400000,2021-03-05 00:00:00,MKR/USDT,2197.41,2198.39,2039.30,2059.10,57955.387,121596939.16393,128179
1614816000000,2021-03-04 00:00:00,MKR/USDT,2194.01,2238.06,2047.82,2197.64,66918.347,144088720.93221,161802
1614729600000,2021-03-03 00:00:00,MKR/USDT,2161.01,2363.27,2148.99,2193.28,61610.992,140093948.02732,136764
1614643200000,2021-03-02 00:00:00,MKR/USDT,2168.31,2290.73,2087.71,2161.89,61715.797,135062944.36902,120212
1614556800000,2021-03-01 00:00:00,MKR/USDT,2038.05,2259.39,2021.43,2168.08,61531.658,133405257.03874,139543
1614470400000,2021-02-28 00:00:00,MKR/USDT,1975.42,2062.10,1782.21,2039.19,66372.289,126071153.40551,172806
1614384000000,2021-02-27 00:00:00,MKR/USDT,1952.89,2090.55,1938.71,1975.58,60305.721,121689917.10721,136030
1614297600000,2021-02-26 00:00:00,MKR/USDT,2025.49,2131.83,1881.01,1953.05,67306.538,135158231.59745,156715
1614211200000,2021-02-25 00:00:00,MKR/USDT,2235.29,2339.81,2013.13,2026.28,67825.598,150664415.67908,136774
1614124800000,2021-02-24 00:00:00,MKR/USDT,2240.55,2426.48,2151.11,2235.48,69187.295,159483400.76534,166459
1614038400000,2021-02-23 00:00:00,MKR/USDT,2376.21,2393.21,1742.24,2239.93,85702.111,177456425.34320,307579
1613952000000,2021-02-22 00:00:00,MKR/USDT,2623.37,2627.54,1963.52,2376.55,74233.166,179676477.65568,205321
1613865600000,2021-02-21 00:00:00,MKR/USDT,2605.08,2752.04,2539.11,2623.40,72370.856,192278805.50476,180165
1613779200000,2021-02-20 00:00:00,MKR/USDT,2576.36,3091.00,2483.14,2605.95,88510.873,243406144.00436,279583
1613692800000,2021-02-19 00:00:00,MKR/USDT,2631.25,2687.57,2519.21,2575.66,61314.678,157819628.93513,126024
1613606400000,2021-02-18 00:00:00,MKR/USDT,2621.10,2714.04,2556.14,2629.77,61684.247,162522057.78104,120117
1613520000000,2021-02-17 00:00:00,MKR/USDT,2496.43,2630.98,2360.69,2619.84,68213.154,171040541.25793,127310
1613433600000,2021-02-16 00:00:00,MKR/USDT,2468.19,2604.13,2419.17,2495.88,66092.093,166063470.33575,126057
1613347200000,2021-02-15 00:00:00,MKR/USDT,2517.35,2611.47,2206.65,2467.01,74414.759,182075295.04560,161057
1613260800000,2021-02-14 00:00:00,MKR/USDT,2598.01,2682.97,2478.53,2516.74,70423.298,181646721.40094,145289
1613174400000,2021-02-13 00:00:00,MKR/USDT,2736.87,2831.61,2523.59,2597.38,76760.808,205404935.38644,179400
1613088000000,2021-02-12 00:00:00,MKR/USDT,2544.45,2869.25,2513.51,2736.87,81698.612,217795086.90837,208161
1613001600000,2021-02-11 00:00:00,MKR/USDT,2520.86,2707.40,2444.13,2544.60,79513.165,201842746.96499,179864
1612915200000,2021-02-10 00:00:00,MKR/USDT,2579.37,2737.98,2197.40,2521.43,85751.564,219416385.72719,211302
1612828800000,2021-02-09 00:00:00,MKR/USDT,2505.54,2664.57,2453.62,2576.59,76867.951,195611071.93093,164304
1612742400000,2021-02-08 00:00:00,MKR/USDT,2479.92,2745.30,2410.67,2505.94,82495.209,212519722.09848,221342
1612656000000,2021-02-07 00:00:00,MKR/USDT,2536.30,2678.00,2242.94,2481.62,89923.060,221314120.19914,258507
1612569600000,2021-02-06 00:00:00,MKR/USDT,2693.93,2847.09,2262.12,2536.95,103102.420,264682089.73751,361401
1612483200000,2021-02-05 00:00:00,MKR/USDT,2111.57,3107.02,2111.45,2693.93,122417.117,316259493.96466,455250
1612396800000,2021-02-04 00:00:00,MKR/USDT,1765.75,2365.72,1650.01,2114.05,88688.290,166875170.27855,234889
1612310400000,2021-02-03 00:00:00,MKR/USDT,1705.21,1775.83,1640.40,1765.37,69808.584,118945866.14263,121082
1612224000000,2021-02-02 00:00:00,MKR/USDT,1473.45,1783.32,1470.85,1703.84,80068.435,130457709.60100,177965
1612137600000,2021-02-01 00:00:00,MKR/USDT,1483.63,1518.00,1420.00,1474.41,63657.255,93806453.18719,96113
1612051200000,2021-01-31 00:00:00,MKR/USDT,1590.51,1614.31,1408.00,1483.50,69954.320,105056153.69851,117760
1611964800000,2021-01-30 00:00:00,MKR/USDT,1408.08,1637.58,1389.82,1590.05,76727.976,113302703.41786,148019
1611878400000,2021-01-29 00:00:00,MKR/USDT,1402.73,1462.95,1360.87,1407.48,68372.732,96005595.27116,107936
1611792000000,2021-01-28 00:00:00,MKR/USDT,1326.02,1452.34,1300.86,1402.27,64057.451,89262499.48238,91048
1611705600000,2021-01-27 00:00:00,MKR/USDT,1478.87,1481.40,1277.31,1326.36,67722.715,92604756.26687,106638
1611619200000,2021-01-26 00:00:00,MKR/USDT,1363.51,1479.79,1297.00,1478.19,69232.751,95669945.80307,101236
1611532800000,2021-01-25 00:00:00,MKR/USDT,1458.58,1548.31,1338.80,1365.68,69016.864,99824130.95524,102295
1611446400000,2021-01-24 00:00:00,MKR/USDT,1382.63,1473.76,1364.19,1459.20,68392.161,97799489.28858,93932
1611360000000,2021-01-23 00:00:00,MKR/USDT,1405.87,1469.76,1354.24,1382.47,73304.408,103065012.48879,110718
1611273600000,2021-01-22 00:00:00,MKR/USDT,1150.63,1440.00,1065.75,1406.18,80907.787,103143047.23738,136012
1611187200000,2021-01-21 00:00:00,MKR/USDT,1417.52,1424.60,1122.64,1151.40,77412.645,99140758.47429,128900
1611100800000,2021-01-20 00:00:00,MKR/USDT,1407.46,1444.89,1265.60,1416.70,79138.980,108086203.12381,123524
1611014400000,2021-01-19 00:00:00,MKR/USDT,1424.98,1539.69,1395.79,1408.81,75484.330,110324760.76272,112459
1610928000000,2021-01-18 00:00:00,MKR/USDT,1448.41,1464.84,1369.25,1424.06,70573.669,100642982.67058,98626
1610841600000,2021-01-17 00:00:00,MKR/USDT,1485.14,1515.71,1421.46,1448.71,74892.531,109907138.64493,117164
1610755200000,2021-01-16 00:00:00,MKR/USDT,1472.93,1625.02,1452.09,1484.43,81678.852,125066655.24126,136452
1610668800000,2021-01-15 00:00:00,MKR/USDT,1607.73,1645.96,1339.23,1472.56,91388.280,139135282.67960,176750
1610582400000,2021-01-14 00:00:00,MKR/USDT,1551.84,1712.00,1479.46,1606.12,88953.084,138977957.28135,167773
1610496000000,2021-01-13 00:00:00,MKR/USDT,1490.05,1582.75,1384.40,1552.03,92172.864,136526488.49340,175782
1610409600000,2021-01-12 00:00:00,MKR/USDT,1398.84,1630.07,1315.71,1490.49,111551.237,164405530.93525,257594
1610323200000,2021-01-11 00:00:00,MKR/USDT,1487.07,1499.00,1081.00,1401.87,123885.815,161245420.32450,335225
1610236800000,2021-01-10 00:00:00,MKR/USDT,1591.14,1971.17,1425.00,1487.07,152722.514,260868834.41347,488088
1610150400000,2021-01-09 00:00:00,MKR/USDT,1038.69,1599.00,1026.26,1591.59,119698.614,154330614.49811,283491
1610064000000,2021-01-08 00:00:00,MKR/USDT,1059.32,1134.03,947.60,1039.71,93480.134,98687159.59130,167388
1609977600000,2021-01-07 00:00:00,MKR/USDT,1040.90,1196.00,987.25,1059.03,107494.715,117097480.95061,231915
1609891200000,2021-01-06 00:00:00,MKR/USDT,766.62,1241.77,746.24,1040.98,137310.581,131596591.19395,332893
1609804800000,2021-01-05 00:00:00,MKR/USDT,690.63,779.95,654.31,766.77,81527.909,57764962.91148,121576
1609718400000,2021-01-04 00:00:00,MKR/USDT,678.98,754.29,631.00,690.47,83047.733,56930660.24320,135482
1609632000000,2021-01-03 00:00:00,MKR/USDT,611.40,701.14,609.40,678.98,83040.191,55082171.98563,139082
1609545600000,2021-01-02 00:00:00,MKR/USDT,581.53,618.00,568.55,611.01,53062.645,31753688.20309,82618
1609459200000,2021-01-01 00:00:00,MKR/USDT,586.25,603.10,572.30,581.67,47693.285,28209705.32051,71766
1609372800000,2020-12-31 00:00:00,MKR/USDT,576.48,591.15,559.37,586.59,40751.535,23337004.44117,60491
1609286400000,2020-12-30 00:00:00,MKR/USDT,565.70,585.82,551.71,576.51,49149.224,27911390.07060,65286
1609200000000,2020-12-29 00:00:00,MKR/USDT,586.79,596.46,545.67,565.79,56646.789,32165926.62928,76714
1609113600000,2020-12-28 00:00:00,MKR/USDT,570.80,601.33,561.32,586.54,60736.568,35586395.83324,80836
1609027200000,2020-12-27 00:00:00,MKR/USDT,546.43,579.43,531.39,570.67,61582.938,34349696.97540,91737
1608940800000,2020-12-26 00:00:00,MKR/USDT,536.06,552.44,522.28,546.40,46273.220,24872294.59098,57023
1608854400000,2020-12-25 00:00:00,MKR/USDT,527.13,573.17,518.89,536.29,55705.505,30033212.03540,77512
1608768000000,2020-12-24 00:00:00,MKR/USDT,516.72,528.75,494.52,526.99,53698.371,27556048.87396,71675
1608681600000,2020-12-23 00:00:00,MKR/USDT,549.15,553.24,482.31,516.69,55458.436,29290120.30016,77314
1608595200000,2020-12-22 00:00:00,MKR/USDT,523.84,550.66,517.00,549.41,50136.723,26865457.57716,63796
1608508800000,2020-12-21 00:00:00,MKR/USDT,546.06,554.40,511.17,523.85,39652.995,21093900.23564,57878
1608422400000,2020-12-20 00:00:00,MKR/USDT,566.87,571.26,540.14,546.17,33397.760,18649848.36417,53231
1608336000000,2020-12-19 00:00:00,MKR/USDT,569.08,581.85,562.80,566.76,37528.582,21529149.35607,54558
1608249600000,2020-12-18 00:00:00,MKR/USDT,539.80,579.16,531.93,569.35,52631.492,29042810.65727,76684
1608163200000,2020-12-17 00:00:00,MKR/USDT,540.20,565.75,531.51,539.85,52592.857,28653901.70301,75643
1608076800000,2020-12-16 00:00:00,MKR/USDT,529.63,540.85,514.25,540.43,42628.334,22415298.89368,62991
1607990400000,2020-12-15 00:00:00,MKR/USDT,539.66,545.21,525.36,529.38,31468.598,16874637.95807,44408
1607904000000,2020-12-14 00:00:00,MKR/USDT,526.18,540.00,519.90,539.50,33522.449,17826866.27251,42010
1607817600000,2020-12-13 00:00:00,MKR/USDT,514.39,533.00,511.62,526.15,34766.095,18192319.79680,45472
1607731200000,2020-12-12 00:00:00,MKR/USDT,503.18,526.25,502.54,514.46,46494.727,23977424.40261,53739
1607644800000,2020-12-11 00:00:00,MKR/USDT,522.20,522.84,501.00,503.21,59369.056,30275730.51785,70207
1607558400000,2020-12-10 00:00:00,MKR/USDT,505.80,530.46,490.74,522.25,64038.741,32737534.73088,79627
1607472000000,2020-12-09 00:00:00,MKR/USDT,502.93,508.49,473.12,506.21,60619.512,29891064.24515,60338
1607385600000,2020-12-08 00:00:00,MKR/USDT,519.27,525.69,491.15,502.84,54984.558,28075495.60499,55180
1607299200000,2020-12-07 00:00:00,MKR/USDT,530.03,531.09,510.81,519.04,65102.167,33859654.95738,55552
1607212800000,2020-12-06 00:00:00,MKR/USDT,533.36,537.86,510.10,529.74,67217.787,35093944.85834,59018
1607126400000,2020-12-05 00:00:00,MKR/USDT,524.80,538.32,520.00,533.18,71957.270,37950549.79013,63525
1607040000000,2020-12-04 00:00:00,MKR/USDT,592.76,599.88,521.76,524.90,33809.775,18684363.17057,58762
1606953600000,2020-12-03 00:00:00,MKR/USDT,560.38,598.42,557.66,592.89,22238.184,12883344.33577,43448
1606867200000,2020-12-02 00:00:00,MKR/USDT,528.84,565.04,523.11,560.61,21874.367,12023304.93060,40919
1606780800000,2020-12-01 00:00:00,MKR/USDT,569.42,570.95,520.26,528.98,28626.337,15643730.57840,65983
1606694400000,2020-11-30 00:00:00,MKR/USDT,546.11,581.65,535.39,569.33,21861.292,12210312.16001,47200
1606608000000,2020-11-29 00:00:00,MKR/USDT,529.56,548.68,522.60,545.96,19702.781,10531137.30488,34620
1606521600000,2020-11-28 00:00:00,MKR/USDT,514.44,534.85,509.82,529.91,22412.364,11666716.67155,38858
1606435200000,2020-11-27 00:00:00,MKR/USDT,527.38,541.95,508.38,514.66,29719.397,15509027.78366,62723
1606348800000,2020-11-26 00:00:00,MKR/USDT,562.02,571.60,485.96,527.13,52245.717,27301717.78119,143389
1606262400000,2020-11-25 00:00:00,MKR/USDT,602.61,616.11,546.34,562.16,33077.056,19648833.26589,74103
1606176000000,2020-11-24 00:00:00,MKR/USDT,603.51,619.99,578.20,602.43,34992.179,21124272.71812,80042
1606089600000,2020-11-23 00:00:00,MKR/USDT,564.89,608.75,548.22,603.69,29158.293,16948786.57074,59449
1606003200000,2020-11-22 00:00:00,MKR/USDT,552.80,583.43,514.36,564.78,36617.580,20122142.86700,79485
1605916800000,2020-11-21 00:00:00,MKR/USDT,517.67,554.43,517.61,552.25,32873.722,17689445.13029,64401
1605830400000,2020-11-20 00:00:00,MKR/USDT,510.11,528.62,508.20,517.71,27214.430,14079874.14199,50485
1605744000000,2020-11-19 00:00:00,MKR/USDT,511.07,528.49,500.83,510.15,26716.548,13703764.64406,56751
1605657600000,2020-11-18 00:00:00,MKR/USDT,527.27,537.39,505.76,511.00,34169.560,17691855.74311,66593
1605571200000,2020-11-17 00:00:00,MKR/USDT,518.65,530.32,512.23,526.82,26795.278,13945630.34518,50282
1605484800000,2020-11-16 00:00:00,MKR/USDT,516.81,530.23,508.50,518.71,22520.253,11735076.86222,39352
1605398400000,2020-11-15 00:00:00,MKR/USDT,529.79,536.12,501.11,516.94,25224.693,13168969.52451,46256
1605312000000,2020-11-14 00:00:00,MKR/USDT,556.34,558.21,519.73,529.30,22915.228,12277835.72961,38938
1605225600000,2020-11-13 00:00:00,MKR/USDT,534.00,557.11,530.81,556.40,18891.652,10281943.56539,30249
1605139200000,2020-11-12 00:00:00,MKR/USDT,544.19,551.44,523.54,534.08,20187.583,10864880.03755,31097
1605052800000,2020-11-11 00:00:00,MKR/USDT,552.14,568.00,540.02,543.82,22437.360,12404555.98014,37227
1604966400000,2020-11-10 00:00:00,MKR/USDT,524.15,557.92,520.00,552.27,21445.824,11545889.46728,34101
1604880000000,2020-11-09 00:00:00,MKR/USDT,535.06,541.49,512.88,524.15,24003.039,12681760.82653,36870
1604793600000,2020-11-08 00:00:00,MKR/USDT,520.15,540.71,511.04,535.11,27254.306,14345631.24571,41044
1604707200000,2020-11-07 00:00:00,MKR/USDT,542.31,562.75,503.47,520.15,54279.237,29046128.86645,90456
1604620800000,2020-11-06 00:00:00,MKR/USDT,530.78,547.06,523.49,542.23,33102.731,17688856.40028,57684
1604534400000,2020-11-05 00:00:00,MKR/USDT,520.65,554.15,518.31,530.78,23907.836,12745970.19722,39389
1604448000000,2020-11-04 00:00:00,MKR/USDT,520.71,528.27,498.65,520.22,21701.177,11146525.32474,35727
1604361600000,2020-11-03 00:00:00,MKR/USDT,522.50,524.56,501.90,520.43,21956.111,11349613.60221,34603
1604275200000,2020-11-02 00:00:00,MKR/USDT,540.63,557.08,520.86,522.95,25682.647,13848654.57982,44794
1604188800000,2020-11-01 00:00:00,MKR/USDT,522.67,544.55,520.24,540.26,19548.766,10349426.33074,30071
1604102400000,2020-10-31 00:00:00,MKR/USDT,518.78,533.52,515.28,523.03,19079.499,9991576.97132,30239
1604016000000,2020-10-30 00:00:00,MKR/USDT,533.10,538.29,510.51,518.84,26350.347,13777444.19621,47205
1603929600000,2020-10-29 00:00:00,MKR/USDT,542.52,550.22,515.28,532.61,24380.936,13092329.90879,39445
1603843200000,2020-10-28 00:00:00,MKR/USDT,583.57,596.94,531.51,542.52,30731.670,17237570.59269,56427
1603756800000,2020-10-27 00:00:00,MKR/USDT,567.70,596.50,566.92,583.38,26064.347,15149395.76233,44110
1603670400000,2020-10-26 00:00:00,MKR/USDT,583.14,611.15,556.33,567.95,29355.466,17221360.41254,49461
1603584000000,2020-10-25 00:00:00,MKR/USDT,600.20,601.32,579.03,583.54,21013.209,12395758.54485,31790
1603497600000,2020-10-24 00:00:00,MKR/USDT,594.43,606.00,587.06,600.31,17676.951,10557074.75790,25585
1603411200000,2020-10-23 00:00:00,MKR/USDT,595.94,606.27,577.78,594.51,21016.539,12504674.98899,39512
1603324800000,2020-10-22 00:00:00,MKR/USDT,566.87,599.92,566.65,595.39,20547.684,12107134.55185,32326
1603238400000,2020-10-21 00:00:00,MKR/USDT,548.76,573.70,547.02,567.08,24187.494,13603716.28516,37287
1603152000000,2020-10-20 00:00:00,MKR/USDT,571.01,573.38,547.48,548.68,21699.408,12179819.82324,33673
1603065600000,2020-10-19 00:00:00,MKR/USDT,574.63,582.60,562.61,570.88,21260.268,12167231.43261,32335
1602979200000,2020-10-18 00:00:00,MKR/USDT,553.53,577.01,551.17,574.69,19156.329,10806097.68947,27408
1602892800000,2020-10-17 00:00:00,MKR/USDT,542.54,561.22,532.09,553.45,21859.327,12055014.53159,32120
1602806400000,2020-10-16 00:00:00,MKR/USDT,557.98,558.79,529.11,542.98,30704.843,16762820.13375,58811
1602720000000,2020-10-15 00:00:00,MKR/USDT,575.47,576.15,547.79,557.84,24377.648,13714656.35595,36390
1602633600000,2020-10-14 00:00:00,MKR/USDT,574.91,597.91,559.04,575.49,24646.333,14226998.66148,40741
1602547200000,2020-10-13 00:00:00,MKR/USDT,586.97,596.25,561.04,574.85,20824.296,12085400.68171,33053
1602460800000,2020-10-12 00:00:00,MKR/USDT,587.60,599.08,572.01,587.25,20978.427,12294802.77601,32951
1602374400000,2020-10-11 00:00:00,MKR/USDT,587.03,597.88,576.10,587.96,21896.974,12862363.60074,32413
1602288000000,2020-10-10 00:00:00,MKR/USDT,566.60,613.52,565.94,587.21,27316.845,16118794.81465,45941
1602201600000,2020-10-09 00:00:00,MKR/USDT,533.70,570.94,523.65,566.60,26339.696,14425304.95944,43397
1602115200000,2020-10-08 00:00:00,MKR/USDT,523.19,537.47,497.75,533.60,27145.446,14059745.76488,43620
1602028800000,2020-10-07 00:00:00,MKR/USDT,520.50,531.65,500.33,523.12,28476.540,14736570.87356,51248
1601942400000,2020-10-06 00:00:00,MKR/USDT,564.34,567.21,512.33,520.40,26371.841,14116842.80487,47937
1601856000000,2020-10-05 00:00:00,MKR/USDT,569.63,576.01,542.90,564.42,21294.557,11853245.11949,35730
1601769600000,2020-10-04 00:00:00,MKR/USDT,557.16,571.87,548.51,569.87,20723.452,11591071.00035,30759
1601683200000,2020-10-03 00:00:00,MKR/USDT,552.14,583.52,546.83,557.24,26769.146,15263813.84575,44505
1601596800000,2020-10-02 00:00:00,MKR/USDT,576.18,577.89,529.03,552.09,35418.842,19480491.13077,69111
1601510400000,2020-10-01 00:00:00,MKR/USDT,570.66,598.00,552.10,576.18,33751.624,19535120.42306,58627
1601424000000,2020-09-30 00:00:00,MKR/USDT,526.86,575.99,504.12,570.65,29588.949,15818452.56213,56805
1601337600000,2020-09-29 00:00:00,MKR/USDT,512.57,538.25,504.37,526.92,26960.430,13989243.15162,49039
1601251200000,2020-09-28 00:00:00,MKR/USDT,502.46,549.08,502.07,512.59,27883.020,14543518.09123,49389
1601164800000,2020-09-27 00:00:00,MKR/USDT,525.37,528.76,489.00,502.15,24940.958,12564485.64821,40498
1601078400000,2020-09-26 00:00:00,MKR/USDT,504.41,527.76,499.29,525.21,23908.848,12249526.02046,39134
1600992000000,2020-09-25 00:00:00,MKR/USDT,485.22,516.09,474.36,504.26,27280.792,13498478.29217,45629
1600905600000,2020-09-24 00:00:00,MKR/USDT,435.19,487.62,429.44,485.30,27763.316,12815750.05012,45916
1600819200000,2020-09-23 00:00:00,MKR/USDT,461.32,468.39,432.07,435.19,29605.118,13411901.83108,48212
1600732800000,2020-09-22 00:00:00,MKR/USDT,452.63,467.17,438.68,461.23,26575.374,12132046.31982,41445
1600646400000,2020-09-21 00:00:00,MKR/USDT,475.46,488.06,430.86,452.54,35580.443,16409500.74094,65971
1600560000000,2020-09-20 00:00:00,MKR/USDT,512.77,515.29,465.09,475.61,25849.993,12640026.69682,45337
1600473600000,2020-09-19 00:00:00,MKR/USDT,500.30,531.85,492.83,512.86,25613.954,13129202.95401,47320
1600387200000,2020-09-18 00:00:00,MKR/USDT,503.61,506.84,480.10,500.39,25862.888,12805496.81148,44797
1600300800000,2020-09-17 00:00:00,MKR/USDT,475.06,543.41,468.26,503.49,39801.843,19428939.23562,78835
1600214400000,2020-09-16 00:00:00,MKR/USDT,454.56,478.53,437.97,474.80,29066.409,13475821.70819,53022
1600128000000,2020-09-15 00:00:00,MKR/USDT,487.00,501.55,450.87,454.05,31499.101,15024944.23165,51371
1600041600000,2020-09-14 00:00:00,MKR/USDT,499.44,518.51,473.99,486.53,32474.019,16094104.74991,58507
1599955200000,2020-09-13 00:00:00,MKR/USDT,514.57,516.58,483.20,499.50,29324.984,14710574.72585,50900
1599868800000,2020-09-12 00:00:00,MKR/USDT,523.27,532.18,494.60,514.24,32371.019,16726735.52401,57413
1599782400000,2020-09-11 00:00:00,MKR/USDT,532.87,538.95,507.79,523.27,25128.605,13181166.16324,42789
1599696000000,2020-09-10 00:00:00,MKR/USDT,522.24,557.06,522.22,533.09,22642.489,12203698.24369,37282
1599609600000,2020-09-09 00:00:00,MKR/USDT,507.86,534.54,500.59,522.36,23256.145,11979024.68756,35135
1599523200000,2020-09-08 00:00:00,MKR/USDT,529.17,530.66,500.76,507.73,24667.138,12678805.17258,37645
1599436800000,2020-09-07 00:00:00,MKR/USDT,544.36,551.26,500.99,528.90,25646.952,13357274.37327,41825
1599350400000,2020-09-06 00:00:00,MKR/USDT,513.77,547.21,480.00,544.02,25258.031,13139931.14324,47051
1599264000000,2020-09-05 00:00:00,MKR/USDT,584.32,598.60,500.00,513.69,28307.579,15448625.39883,58178
1599177600000,2020-09-04 00:00:00,MKR/USDT,557.29,603.18,550.00,584.56,27951.573,16147186.81868,58243
1599091200000,2020-09-03 00:00:00,MKR/USDT,661.77,666.35,552.74,557.29,27882.946,17186218.12862,58202
1599004800000,2020-09-02 00:00:00,MKR/USDT,718.55,720.65,632.18,661.73,25979.239,17503698.52380,55298
1598918400000,2020-09-01 00:00:00,MKR/USDT,681.57,745.61,672.56,718.58,29234.277,21006791.84762,73939
1598832000000,2020-08-31 00:00:00,MKR/USDT,677.39,689.03,657.30,681.49,21485.785,14396344.56184,40044
1598745600000,2020-08-30 00:00:00,MKR/USDT,631.23,686.66,630.49,677.42,26636.390,17626706.69399,63592
1598659200000,2020-08-29 00:00:00,MKR/USDT,637.55,646.00,630.23,631.04,22296.794,14192407.73036,37305
1598572800000,2020-08-28 00:00:00,MKR/USDT,617.90,637.75,611.10,637.37,25058.756,15643551.44795,46425
1598486400000,2020-08-27 00:00:00,MKR/USDT,641.91,647.79,612.00,617.82,29091.500,18338581.99358,61999
1598400000000,2020-08-26 00:00:00,MKR/USDT,638.79,656.65,629.53,641.51,30735.462,19704849.89057,61944
1598313600000,2020-08-25 00:00:00,MKR/USDT,677.55,678.85,611.39,638.79,31264.687,20395814.23989,66409
1598227200000,2020-08-24 00:00:00,MKR/USDT,638.82,695.62,635.88,677.46,31240.290,20738636.91536,73694
1598140800000,2020-08-23 00:00:00,MKR/USDT,642.72,650.26,623.01,638.82,19412.151,12307993.50747,31289
1598054400000,2020-08-22 00:00:00,MKR/USDT,604.10,650.48,594.12,642.78,28256.596,17682633.71719,58908
1597968000000,2020-08-21 00:00:00,MKR/USDT,661.52,673.10,600.00,603.99,24184.265,15631477.55796,48502
1597881600000,2020-08-20 00:00:00,MKR/USDT,649.50,698.87,647.58,661.38,21916.186,14664935.27145,36403
1597795200000,2020-08-19 00:00:00,MKR/USDT,675.09,684.87,627.25,649.58,24880.499,16190509.75909,52357
1597708800000,2020-08-18 00:00:00,MKR/USDT,686.49,696.53,647.17,675.20,22692.920,15235179.50472,42896
1597622400000,2020-08-17 00:00:00,MKR/USDT,696.83,764.94,676.88,686.98,28175.323,19790862.61392,45693
1597536000000,2020-08-16 00:00:00,MKR/USDT,695.80,709.56,684.84,696.92,66440.855,46357013.67043,75265
1597449600000,2020-08-15 00:00:00,MKR/USDT,729.96,735.46,681.16,695.72,72758.197,51263393.25781,87103
1597363200000,2020-08-14 00:00:00,MKR/USDT,790.80,817.20,715.86,729.98,76142.820,56566479.61052,97340
1597276800000,2020-08-13 00:00:00,MKR/USDT,830.00,870.45,702.53,790.43,93606.846,72246939.39080,95548
