unix,date,symbol,open,high,low,close,Volume AVAX,Volume USDT,tradecount
1658275200000,2022-07-20 00:00:00,AVAX/USDT,24.71000000,24.80000000,24.47000000,24.55000000,58751.65000000,1447686.16200000,3499
1658188800000,2022-07-19 00:00:00,AVAX/USDT,23.95000000,26.29000000,23.03000000,24.72000000,6902992.92000000,169430115.20890000,365496
1658102400000,2022-07-18 00:00:00,AVAX/USDT,20.62000000,24.33000000,20.59000000,23.95000000,6122739.72000000,141905246.20340000,308510
1658016000000,2022-07-17 00:00:00,AVAX/USDT,21.25000000,22.12000000,20.57000000,20.63000000,3026561.51000000,64514389.61950000,137876
1657929600000,2022-07-16 00:00:00,AVAX/USDT,19.36000000,21.50000000,18.67000000,21.25000000,3961722.82000000,80100019.30210000,150981
1657843200000,2022-07-15 00:00:00,AVAX/USDT,19.76000000,20.28000000,19.09000000,19.35000000,3455357.97000000,68237953.60190000,139499
1657756800000,2022-07-14 00:00:00,AVAX/USDT,18.82000000,19.98000000,17.78000000,19.76000000,4727801.64000000,88740816.81420000,169219
1657670400000,2022-07-13 00:00:00,AVAX/USDT,16.75000000,18.92000000,16.37000000,18.83000000,5090897.41000000,89070005.24780000,180403
1657584000000,2022-07-12 00:00:00,AVAX/USDT,17.34000000,18.07000000,16.71000000,16.75000000,2847335.47000000,49839858.60790000,103131
1657497600000,2022-07-11 00:00:00,AVAX/USDT,19.17000000,19.17000000,17.32000000,17.35000000,2340215.74000000,42857672.20010000,92801
1657411200000,2022-07-10 00:00:00,AVAX/USDT,19.90000000,19.99000000,18.76000000,19.16000000,1946346.67000000,37489161.59890000,77669
1657324800000,2022-07-09 00:00:00,AVAX/USDT,19.72000000,20.27000000,19.49000000,19.89000000,1907418.34000000,37998842.78460000,86679
1657238400000,2022-07-08 00:00:00,AVAX/USDT,20.18000000,21.12000000,19.42000000,19.72000000,4363644.25000000,87821365.54130000,194130
1657152000000,2022-07-07 00:00:00,AVAX/USDT,19.17000000,20.60000000,18.86000000,20.18000000,3901523.31000000,76864983.68220000,176247
1657065600000,2022-07-06 00:00:00,AVAX/USDT,18.03000000,19.47000000,17.79000000,19.17000000,4491727.98000000,83280450.04590000,170986
1656979200000,2022-07-05 00:00:00,AVAX/USDT,17.92000000,18.65000000,16.66000000,18.03000000,4832782.93000000,84880794.14950000,156748
1656892800000,2022-07-04 00:00:00,AVAX/USDT,16.65000000,18.06000000,16.31000000,17.92000000,3950488.78000000,68024108.97190000,123072
1656806400000,2022-07-03 00:00:00,AVAX/USDT,16.33000000,16.90000000,15.83000000,16.65000000,2285393.04000000,37164410.26950000,73912
1656720000000,2022-07-02 00:00:00,AVAX/USDT,16.12000000,16.61000000,15.96000000,16.33000000,1937632.45000000,31571349.96770000,76826
1656633600000,2022-07-01 00:00:00,AVAX/USDT,16.98000000,17.68000000,15.80000000,16.12000000,4908972.09000000,80522290.20230000,174973
1656547200000,2022-06-30 00:00:00,AVAX/USDT,17.79000000,17.81000000,15.79000000,16.99000000,3831530.37000000,63198227.86200000,157177
1656460800000,2022-06-29 00:00:00,AVAX/USDT,18.11000000,18.68000000,17.18000000,17.79000000,3932196.54000000,70470639.34450000,146681
1656374400000,2022-06-28 00:00:00,AVAX/USDT,19.33000000,20.53000000,17.99000000,18.12000000,4832850.59000000,93501229.30310000,174659
1656288000000,2022-06-27 00:00:00,AVAX/USDT,19.73000000,21.39000000,19.18000000,19.32000000,3808707.61000000,76891888.18570000,160142
1656201600000,2022-06-26 00:00:00,AVAX/USDT,21.37000000,22.05000000,19.60000000,19.73000000,3449424.73000000,72295384.40010000,155279
1656115200000,2022-06-25 00:00:00,AVAX/USDT,20.47000000,21.68000000,19.86000000,21.36000000,3710311.20000000,77192072.38510000,171835
1656028800000,2022-06-24 00:00:00,AVAX/USDT,18.29000000,20.95000000,17.98000000,20.47000000,5577636.08000000,109018936.59580000,261729
1655942400000,2022-06-23 00:00:00,AVAX/USDT,16.08000000,18.40000000,16.03000000,18.29000000,4695733.00000000,82265599.48060000,181608
1655856000000,2022-06-22 00:00:00,AVAX/USDT,16.91000000,17.41000000,15.97000000,16.09000000,4115611.37000000,68292203.52520000,172541
1655769600000,2022-06-21 00:00:00,AVAX/USDT,17.10000000,18.49000000,16.62000000,16.90000000,4574348.39000000,80277149.81050000,189759
1655683200000,2022-06-20 00:00:00,AVAX/USDT,16.17000000,17.87000000,15.32000000,17.10000000,5578156.93000000,93633945.36890000,197826
1655596800000,2022-06-19 00:00:00,AVAX/USDT,14.83000000,16.42000000,13.71000000,16.16000000,5183939.46000000,78016826.98560000,181930
1655510400000,2022-06-18 00:00:00,AVAX/USDT,16.00000000,16.30000000,13.78000000,14.83000000,5914211.73000000,87923508.69310000,210183
1655424000000,2022-06-17 00:00:00,AVAX/USDT,15.80000000,16.74000000,15.50000000,15.99000000,3480673.40000000,56227284.35730000,136259
1655337600000,2022-06-16 00:00:00,AVAX/USDT,18.31000000,18.72000000,15.50000000,15.79000000,6686483.00000000,111859275.75990000,236844
1655251200000,2022-06-15 00:00:00,AVAX/USDT,16.55000000,18.48000000,14.55000000,18.31000000,10721989.07000000,172390936.95120000,393023
1655164800000,2022-06-14 00:00:00,AVAX/USDT,16.11000000,17.30000000,14.67000000,16.55000000,9763946.74000000,158611041.47640000,347574
1655078400000,2022-06-13 00:00:00,AVAX/USDT,17.29000000,17.50000000,14.58000000,16.11000000,14886625.66000000,235101972.78749100,497675
1654992000000,2022-06-12 00:00:00,AVAX/USDT,19.91000000,20.16000000,17.21000000,17.29000000,8238012.46800000,152911830.37817000,315278
1654905600000,2022-06-11 00:00:00,AVAX/USDT,22.07000000,23.02000000,19.67000000,19.90000000,4541127.87000000,95645982.68224900,188689
1654819200000,2022-06-10 00:00:00,AVAX/USDT,24.42000000,24.87000000,21.91000000,22.08000000,3881414.90000000,90397131.15100000,187424
1654732800000,2022-06-09 00:00:00,AVAX/USDT,24.51000000,25.38000000,23.72000000,24.41000000,3066998.40000000,75435070.62690000,144149
1654646400000,2022-06-08 00:00:00,AVAX/USDT,24.60000000,25.45000000,23.72000000,24.50000000,3467088.16000000,84737930.33270000,168920
1654560000000,2022-06-07 00:00:00,AVAX/USDT,26.00000000,26.21000000,23.12000000,24.60000000,7021609.51000000,171021518.21370000,321648
1654473600000,2022-06-06 00:00:00,AVAX/USDT,24.18000000,27.79000000,24.05000000,25.99000000,5560470.13000000,146780541.08140000,275037
1654387200000,2022-06-05 00:00:00,AVAX/USDT,24.58000000,25.20000000,23.93000000,24.18000000,2624339.66000000,64475667.36730000,125904
1654300800000,2022-06-04 00:00:00,AVAX/USDT,23.00000000,24.67000000,22.14000000,24.57000000,2472290.13000000,57438768.41090000,119287
1654214400000,2022-06-03 00:00:00,AVAX/USDT,24.64000000,24.70000000,22.50000000,23.00000000,3150778.48000000,73290824.55990000,164522
1654128000000,2022-06-02 00:00:00,AVAX/USDT,23.68000000,24.90000000,22.50000000,24.63000000,4487201.10000000,106529006.91290000,184799
1654041600000,2022-06-01 00:00:00,AVAX/USDT,26.43000000,27.03000000,23.20000000,23.68000000,5323660.08000000,133858856.00810000,241222
1653955200000,2022-05-31 00:00:00,AVAX/USDT,27.71000000,29.11000000,25.55000000,26.42000000,6372299.65000000,172488062.01010000,297803
1653868800000,2022-05-30 00:00:00,AVAX/USDT,26.16000000,28.48000000,25.32000000,27.71000000,6453169.48000000,175262406.72140000,304571
1653782400000,2022-05-29 00:00:00,AVAX/USDT,24.76000000,27.00000000,23.72000000,26.16000000,5201437.75000000,132561529.32740000,241273
1653696000000,2022-05-28 00:00:00,AVAX/USDT,22.57000000,25.73000000,22.17000000,24.76000000,5080017.44000000,120720303.32180000,243091
1653609600000,2022-05-27 00:00:00,AVAX/USDT,23.42000000,23.88000000,21.35000000,22.58000000,7882719.85900000,177611133.21180000,365323
1653523200000,2022-05-26 00:00:00,AVAX/USDT,27.25000000,28.03000000,22.84000000,23.43000000,7355985.50000000,182792709.96510000,328080
1653436800000,2022-05-25 00:00:00,AVAX/USDT,29.07000000,29.68000000,27.11000000,27.25000000,3491521.18000000,98072485.91820000,172491
1653350400000,2022-05-24 00:00:00,AVAX/USDT,29.06000000,29.66000000,26.87000000,29.08000000,4251299.31000000,121105251.31190000,217586
1653264000000,2022-05-23 00:00:00,AVAX/USDT,31.71000000,33.08000000,28.54000000,29.06000000,4621612.58000000,144511813.86210000,323865
1653177600000,2022-05-22 00:00:00,AVAX/USDT,29.89000000,32.70000000,29.01000000,31.71000000,3775539.16000000,117042427.92580000,231296
1653091200000,2022-05-21 00:00:00,AVAX/USDT,28.80000000,30.61000000,28.19000000,29.89000000,2170197.88000000,63913906.53360000,154638
1653004800000,2022-05-20 00:00:00,AVAX/USDT,30.39000000,31.93000000,27.83000000,28.80000000,4866371.46000000,145419041.63310000,335700
1652918400000,2022-05-19 00:00:00,AVAX/USDT,29.59000000,31.89000000,27.51000000,30.39000000,4763307.53000000,140996504.44800000,337233
1652832000000,2022-05-18 00:00:00,AVAX/USDT,34.40000000,35.16000000,29.37000000,29.58000000,3400565.86000000,108263640.76510000,267351
1652745600000,2022-05-17 00:00:00,AVAX/USDT,32.56000000,35.77000000,32.20000000,34.39000000,3323237.18000000,112815198.97340000,285123
1652659200000,2022-05-16 00:00:00,AVAX/USDT,36.56000000,36.56000000,31.40000000,32.56000000,4737925.30000000,157350704.40580000,397953
1652572800000,2022-05-15 00:00:00,AVAX/USDT,33.93000000,37.07000000,31.87000000,36.57000000,3611773.82000000,124438388.64520000,332711
1652486400000,2022-05-14 00:00:00,AVAX/USDT,32.20000000,34.32000000,29.27000000,33.93000000,4033165.08000000,128006346.46110000,332116
1652400000000,2022-05-13 00:00:00,AVAX/USDT,30.31000000,37.99000000,29.55000000,32.21000000,7405352.03000000,253666797.81290000,528898
1652313600000,2022-05-12 00:00:00,AVAX/USDT,31.17000000,33.94000000,23.51000000,30.32000000,11602675.67000000,337685872.38066000,857502
1652227200000,2022-05-11 00:00:00,AVAX/USDT,44.58000000,46.25000000,26.11000000,31.17000000,12956731.61300000,461836384.18578300,1182055
1652140800000,2022-05-10 00:00:00,AVAX/USDT,41.20000000,50.32000000,40.00000000,44.58000000,6887935.36000000,312339162.45460000,667736
1652054400000,2022-05-09 00:00:00,AVAX/USDT,51.62000000,53.06000000,41.15000000,41.20000000,5783146.80000000,272639795.89910000,558091
1651968000000,2022-05-08 00:00:00,AVAX/USDT,55.05000000,55.47000000,50.63000000,51.62000000,3163317.55000000,167049739.64920000,295120
1651881600000,2022-05-07 00:00:00,AVAX/USDT,57.00000000,57.53000000,53.24000000,55.04000000,1898625.35000000,106516306.68210000,183317
1651795200000,2022-05-06 00:00:00,AVAX/USDT,59.04000000,59.40000000,55.00000000,57.00000000,2822758.39000000,161307181.25070000,284331
1651708800000,2022-05-05 00:00:00,AVAX/USDT,67.28000000,69.52000000,56.51000000,59.04000000,4442154.36000000,273638039.07860000,431253
1651622400000,2022-05-04 00:00:00,AVAX/USDT,59.63000000,67.64000000,59.30000000,67.27000000,2409142.35000000,152081544.43300000,267842
1651536000000,2022-05-03 00:00:00,AVAX/USDT,60.34000000,62.55000000,58.12000000,59.63000000,1686585.01000000,101966304.57110000,177566
1651449600000,2022-05-02 00:00:00,AVAX/USDT,58.74000000,62.46000000,56.74000000,60.34000000,2855611.45000000,169730688.57690000,300423
1651363200000,2022-05-01 00:00:00,AVAX/USDT,56.98000000,61.14000000,56.27000000,58.77000000,2344079.85000000,137544274.08840000,266367
1651276800000,2022-04-30 00:00:00,AVAX/USDT,63.40000000,64.65000000,55.05000000,56.98000000,2393352.67000000,143451300.11550000,221535
1651190400000,2022-04-29 00:00:00,AVAX/USDT,67.26000000,67.99000000,62.20000000,63.40000000,1419116.89000000,92784258.17600000,180079
1651104000000,2022-04-28 00:00:00,AVAX/USDT,69.86000000,70.76000000,66.65000000,67.26000000,1530116.95000000,104965042.10570000,186555
1651017600000,2022-04-27 00:00:00,AVAX/USDT,68.70000000,71.98000000,68.32000000,69.86000000,1173322.27000000,82190463.96590000,176262
1650931200000,2022-04-26 00:00:00,AVAX/USDT,72.90000000,73.18000000,67.50000000,68.70000000,1568050.00000000,109748648.93870000,200668
1650844800000,2022-04-25 00:00:00,AVAX/USDT,71.50000000,72.99000000,67.36000000,72.88000000,2017379.58000000,140782638.15260000,269381
1650758400000,2022-04-24 00:00:00,AVAX/USDT,72.84000000,73.49000000,71.00000000,71.51000000,671237.21000000,48552622.79740000,108363
1650672000000,2022-04-23 00:00:00,AVAX/USDT,74.04000000,74.42000000,72.35000000,72.83000000,865209.06000000,63820809.36410000,107149
1650585600000,2022-04-22 00:00:00,AVAX/USDT,75.01000000,77.22000000,73.33000000,74.03000000,1261738.35000000,94738870.02420000,162494
1650499200000,2022-04-21 00:00:00,AVAX/USDT,78.22000000,80.21000000,74.13000000,75.02000000,1363115.38000000,105975760.68610000,179006
1650412800000,2022-04-20 00:00:00,AVAX/USDT,80.27000000,81.31000000,77.46000000,78.21000000,1497709.36000000,118692630.08250000,190828
1650326400000,2022-04-19 00:00:00,AVAX/USDT,77.73000000,81.10000000,76.80000000,80.28000000,1467897.35000000,115958594.80080000,184872
1650240000000,2022-04-18 00:00:00,AVAX/USDT,75.41000000,77.95000000,71.50000000,77.73000000,1812465.17000000,135244038.96040000,227384
1650153600000,2022-04-17 00:00:00,AVAX/USDT,77.74000000,78.68000000,75.08000000,75.42000000,776597.80000000,60068940.32630000,106308
1650067200000,2022-04-16 00:00:00,AVAX/USDT,77.44000000,78.26000000,76.50000000,77.74000000,616267.40000000,47650208.09700000,79050
1649980800000,2022-04-15 00:00:00,AVAX/USDT,76.80000000,78.53000000,74.75000000,77.43000000,1318038.23000000,101105439.98830000,168686
1649894400000,2022-04-14 00:00:00,AVAX/USDT,80.20000000,81.87000000,76.16000000,76.81000000,1741713.69000000,137665312.29710000,246886
1649808000000,2022-04-13 00:00:00,AVAX/USDT,76.32000000,80.65000000,75.80000000,80.20000000,1680567.89000000,131776613.79940000,271729
1649721600000,2022-04-12 00:00:00,AVAX/USDT,74.35000000,79.50000000,73.88000000,76.31000000,2146833.60000000,164615852.78660000,347797
1649635200000,2022-04-11 00:00:00,AVAX/USDT,81.00000000,81.54000000,72.73000000,74.35000000,3030700.60000000,232945107.74880000,381289
1649548800000,2022-04-10 00:00:00,AVAX/USDT,84.57000000,85.66000000,80.67000000,81.01000000,1119413.47000000,93634764.77430000,183036
1649462400000,2022-04-09 00:00:00,AVAX/USDT,83.66000000,85.56000000,81.88000000,84.55000000,1368929.80000000,114362501.96270000,208349
1649376000000,2022-04-08 00:00:00,AVAX/USDT,87.56000000,90.56000000,82.69000000,83.66000000,3189742.20000000,279883276.91840000,452858
1649289600000,2022-04-07 00:00:00,AVAX/USDT,82.94000000,88.66000000,81.34000000,87.55000000,3392547.98000000,287533326.74250000,463282
1649203200000,2022-04-06 00:00:00,AVAX/USDT,91.07000000,91.11000000,82.63000000,82.94000000,3526547.24000000,306773293.55840000,458964
1649116800000,2022-04-05 00:00:00,AVAX/USDT,96.16000000,97.70000000,90.60000000,91.06000000,2436266.33000000,231181134.81740000,345111
1649030400000,2022-04-04 00:00:00,AVAX/USDT,98.02000000,98.08000000,90.81000000,96.16000000,2600693.06000000,246731044.34010000,299116
1648944000000,2022-04-03 00:00:00,AVAX/USDT,96.25000000,100.09000000,94.41000000,98.05000000,2729825.05000000,266967348.60560000,331240
1648857600000,2022-04-02 00:00:00,AVAX/USDT,96.81000000,103.62000000,95.73000000,96.25000000,3326092.55000000,331193208.95110000,509367
1648771200000,2022-04-01 00:00:00,AVAX/USDT,97.43000000,99.80000000,90.26000000,96.83000000,3360841.07000000,319999605.55860000,486329
1648684800000,2022-03-31 00:00:00,AVAX/USDT,95.57000000,101.98000000,93.68000000,97.41000000,4416636.71000000,432476993.41680000,697779
1648598400000,2022-03-30 00:00:00,AVAX/USDT,92.73000000,100.48000000,89.50000000,95.58000000,3528529.66000000,336542961.09290000,521269
1648512000000,2022-03-29 00:00:00,AVAX/USDT,89.57000000,96.46000000,89.27000000,92.74000000,2945036.40000000,275198995.93140000,408554
1648425600000,2022-03-28 00:00:00,AVAX/USDT,89.88000000,96.23000000,88.58000000,89.58000000,3900950.93000000,360373912.53810000,529962
1648339200000,2022-03-27 00:00:00,AVAX/USDT,85.87000000,89.99000000,84.40000000,89.88000000,1651306.21000000,143186147.46980000,202321
1648252800000,2022-03-26 00:00:00,AVAX/USDT,83.54000000,86.74000000,82.46000000,85.86000000,1350476.61000000,114857398.18330000,148804
1648166400000,2022-03-25 00:00:00,AVAX/USDT,87.57000000,87.80000000,82.25000000,83.54000000,2533187.45000000,216075919.27750000,284452
1648080000000,2022-03-24 00:00:00,AVAX/USDT,85.99000000,88.30000000,83.63000000,87.56000000,2936844.44000000,253138344.22660000,320951
1647993600000,2022-03-23 00:00:00,AVAX/USDT,83.97000000,87.30000000,82.21000000,86.00000000,2633332.52000000,223267532.15250000,295059
1647907200000,2022-03-22 00:00:00,AVAX/USDT,86.24000000,89.89000000,83.70000000,83.98000000,3258174.08000000,283815485.50930000,405427
1647820800000,2022-03-21 00:00:00,AVAX/USDT,84.87000000,92.50000000,83.02000000,86.25000000,4199445.72000000,368983120.25090000,522479
1647734400000,2022-03-20 00:00:00,AVAX/USDT,89.54000000,89.98000000,84.26000000,84.84000000,2817986.41000000,245565144.81200000,322188
1647648000000,2022-03-19 00:00:00,AVAX/USDT,85.72000000,92.39000000,85.58000000,89.53000000,3285297.07000000,292078254.54070000,450713
1647561600000,2022-03-18 00:00:00,AVAX/USDT,79.40000000,86.95000000,76.48000000,85.71000000,3592188.77000000,293299235.77410000,480240
1647475200000,2022-03-17 00:00:00,AVAX/USDT,74.07000000,81.73000000,73.16000000,79.40000000,3601064.66000000,282934334.36080000,439260
1647388800000,2022-03-16 00:00:00,AVAX/USDT,69.82000000,74.72000000,68.07000000,74.08000000,2655390.64000000,189099000.25610000,312483
1647302400000,2022-03-15 00:00:00,AVAX/USDT,68.97000000,72.24000000,66.04000000,69.82000000,2272701.89000000,157179065.55290000,246523
1647216000000,2022-03-14 00:00:00,AVAX/USDT,67.92000000,71.50000000,65.55000000,68.97000000,2929390.22000000,198926453.36510000,295785
1647129600000,2022-03-13 00:00:00,AVAX/USDT,70.93000000,71.99000000,67.21000000,67.94000000,1213188.75000000,85166976.68840000,149309
1647043200000,2022-03-12 00:00:00,AVAX/USDT,71.23000000,73.62000000,70.67000000,70.94000000,1178080.64000000,84879095.24080000,131599
1646956800000,2022-03-11 00:00:00,AVAX/USDT,73.93000000,76.97000000,70.79000000,71.22000000,3182516.66000000,235440597.15210000,345943
1646870400000,2022-03-10 00:00:00,AVAX/USDT,77.60000000,79.00000000,71.50000000,73.93000000,2525169.14000000,186707534.51400000,284446
1646784000000,2022-03-09 00:00:00,AVAX/USDT,73.02000000,80.44000000,72.34000000,77.63000000,3319070.88000000,258132353.53270000,337710
1646697600000,2022-03-08 00:00:00,AVAX/USDT,71.67000000,76.62000000,71.19000000,73.00000000,3043603.22000000,222345040.88600000,304924
1646611200000,2022-03-07 00:00:00,AVAX/USDT,72.51000000,76.53000000,70.35000000,71.69000000,2449823.98000000,178907722.50900000,277245
1646524800000,2022-03-06 00:00:00,AVAX/USDT,76.69000000,77.10000000,72.09000000,72.51000000,1936414.77000000,144793634.14330000,206729
1646438400000,2022-03-05 00:00:00,AVAX/USDT,75.78000000,78.74000000,73.27000000,76.68000000,1992002.84000000,151948773.51780000,263839
1646352000000,2022-03-04 00:00:00,AVAX/USDT,78.50000000,82.24000000,74.92000000,75.79000000,3853710.64000000,302363088.14410000,467766
1646265600000,2022-03-03 00:00:00,AVAX/USDT,83.35000000,84.33000000,77.02000000,78.50000000,2971518.96000000,238658273.67650000,344792
1646179200000,2022-03-02 00:00:00,AVAX/USDT,86.89000000,89.94000000,82.29000000,83.36000000,3048063.73000000,260108758.09450000,398704
1646092800000,2022-03-01 00:00:00,AVAX/USDT,84.54000000,90.80000000,83.48000000,86.89000000,4517499.99000000,393520657.33100000,644503
1646006400000,2022-02-28 00:00:00,AVAX/USDT,75.06000000,85.88000000,71.76000000,84.54000000,3896436.49000000,306286202.72460000,480872
1645920000000,2022-02-27 00:00:00,AVAX/USDT,81.81000000,83.07000000,73.02000000,75.07000000,3334479.25000000,260467180.04540000,476284
1645833600000,2022-02-26 00:00:00,AVAX/USDT,80.98000000,84.95000000,78.02000000,81.81000000,2805070.69000000,228083868.77070000,390264
1645747200000,2022-02-25 00:00:00,AVAX/USDT,76.39000000,81.99000000,72.68000000,80.98000000,3877124.60000000,297496792.41610000,478279
1645660800000,2022-02-24 00:00:00,AVAX/USDT,73.46000000,79.98000000,64.45000000,76.39000000,7820713.29000000,549303006.46410000,823813
1645574400000,2022-02-23 00:00:00,AVAX/USDT,74.42000000,82.50000000,73.28000000,73.47000000,3483406.50000000,271858501.40360000,434724
1645488000000,2022-02-22 00:00:00,AVAX/USDT,70.03000000,74.94000000,67.20000000,74.42000000,3024268.59000000,215588321.27940000,314877
1645401600000,2022-02-21 00:00:00,AVAX/USDT,77.34000000,82.70000000,69.38000000,70.04000000,3597142.77000000,276892269.48020000,444515
1645315200000,2022-02-20 00:00:00,AVAX/USDT,85.01000000,85.73000000,76.56000000,77.37000000,1851608.12000000,147802271.93460000,281004
1645228800000,2022-02-19 00:00:00,AVAX/USDT,83.69000000,86.34000000,80.82000000,85.01000000,1584310.20000000,133206597.12890000,268613
1645142400000,2022-02-18 00:00:00,AVAX/USDT,88.24000000,89.99000000,82.35000000,83.67000000,2364097.49000000,203097006.82690000,373313
1645056000000,2022-02-17 00:00:00,AVAX/USDT,95.33000000,98.77000000,86.32000000,88.24000000,3177570.87000000,292577748.91560000,611534
1644969600000,2022-02-16 00:00:00,AVAX/USDT,92.96000000,97.35000000,91.44000000,95.32000000,2885648.71000000,271746583.12220000,580477
1644883200000,2022-02-15 00:00:00,AVAX/USDT,81.84000000,93.68000000,81.41000000,92.97000000,2301376.54000000,201963674.87560000,385670
1644796800000,2022-02-14 00:00:00,AVAX/USDT,77.93000000,82.60000000,76.14000000,81.86000000,1524047.88000000,121572615.57900000,224407
1644710400000,2022-02-13 00:00:00,AVAX/USDT,81.29000000,83.28000000,77.49000000,77.91000000,1168439.44000000,94204752.13170000,187215
1644624000000,2022-02-12 00:00:00,AVAX/USDT,81.76000000,84.80000000,78.65000000,81.31000000,2173440.39000000,177934028.19320000,312675
1644537600000,2022-02-11 00:00:00,AVAX/USDT,91.18000000,92.66000000,80.00000000,81.75000000,2422691.49000000,211677357.33970000,400391
1644451200000,2022-02-10 00:00:00,AVAX/USDT,90.05000000,95.00000000,84.93000000,91.16000000,2654551.53000000,240120281.41140000,527009
1644364800000,2022-02-09 00:00:00,AVAX/USDT,86.35000000,92.03000000,84.34000000,90.05000000,1774621.17000000,157888513.48790000,337877
1644278400000,2022-02-08 00:00:00,AVAX/USDT,83.23000000,95.50000000,81.65000000,86.34000000,5245827.40000000,460480912.04350000,814942
1644192000000,2022-02-07 00:00:00,AVAX/USDT,78.91000000,85.42000000,77.44000000,83.20000000,1879396.49000000,155038987.17210000,343928
1644105600000,2022-02-06 00:00:00,AVAX/USDT,77.01000000,79.15000000,74.10000000,78.93000000,1113858.87000000,85466391.73680000,178658
1644019200000,2022-02-05 00:00:00,AVAX/USDT,77.80000000,80.93000000,74.94000000,77.01000000,1700729.64000000,132702633.58550000,265512
1643932800000,2022-02-04 00:00:00,AVAX/USDT,68.44000000,77.95000000,67.43000000,77.77000000,2263149.96000000,165117581.12500000,314829
1643846400000,2022-02-03 00:00:00,AVAX/USDT,67.79000000,69.31000000,64.85000000,68.44000000,1792227.65000000,120496574.82300000,207929
1643760000000,2022-02-02 00:00:00,AVAX/USDT,73.32000000,74.86000000,67.43000000,67.79000000,2238866.41000000,159980250.01700000,270539
1643673600000,2022-02-01 00:00:00,AVAX/USDT,69.90000000,73.87000000,68.47000000,73.33000000,1951093.27000000,138231722.04670000,249796
1643587200000,2022-01-31 00:00:00,AVAX/USDT,67.94000000,70.65000000,64.25000000,69.87000000,1747136.27000000,117666155.98480000,204907
1643500800000,2022-01-30 00:00:00,AVAX/USDT,71.91000000,72.39000000,66.85000000,67.96000000,1307594.65000000,91110546.73170000,162101
1643414400000,2022-01-29 00:00:00,AVAX/USDT,67.02000000,73.58000000,66.86000000,71.89000000,1662626.47000000,117157264.50930000,240922
1643328000000,2022-01-28 00:00:00,AVAX/USDT,64.68000000,67.50000000,61.71000000,67.01000000,1790400.08000000,115890537.67020000,245292
1643241600000,2022-01-27 00:00:00,AVAX/USDT,65.87000000,67.96000000,61.06000000,64.70000000,2519156.06000000,161461952.38260000,316293
1643155200000,2022-01-26 00:00:00,AVAX/USDT,68.01000000,73.50000000,64.39000000,65.87000000,3400732.97000000,234514414.36310000,446906
1643068800000,2022-01-25 00:00:00,AVAX/USDT,63.00000000,70.53000000,61.65000000,68.01000000,2702688.81000000,177636701.69660000,347292
1642982400000,2022-01-24 00:00:00,AVAX/USDT,64.80000000,64.83000000,55.14000000,63.06000000,3701249.83000000,219436865.37570000,442835
1642896000000,2022-01-23 00:00:00,AVAX/USDT,59.81000000,66.88000000,59.02000000,64.83000000,2926022.98000000,184024003.36300000,346910
1642809600000,2022-01-22 00:00:00,AVAX/USDT,66.03000000,67.54000000,52.95000000,59.78000000,5109157.94000000,304793609.73590000,571890
1642723200000,2022-01-21 00:00:00,AVAX/USDT,79.32000000,80.38000000,63.93000000,66.06000000,3392205.59000000,245692803.73360000,462923
1642636800000,2022-01-20 00:00:00,AVAX/USDT,82.58000000,87.80000000,78.68000000,79.33000000,1225812.76000000,103096137.48180000,215550
1642550400000,2022-01-19 00:00:00,AVAX/USDT,86.03000000,86.38000000,81.08000000,82.61000000,1139560.79000000,95386563.90790000,184307
1642464000000,2022-01-18 00:00:00,AVAX/USDT,86.67000000,87.41000000,83.70000000,86.00000000,1041520.48000000,89047242.52780000,172814
1642377600000,2022-01-17 00:00:00,AVAX/USDT,92.25000000,92.50000000,85.34000000,86.67000000,1328305.00000000,117439344.85440000,236491
1642291200000,2022-01-16 00:00:00,AVAX/USDT,92.98000000,94.90000000,91.80000000,92.24000000,967418.87000000,90134788.73860000,179015
1642204800000,2022-01-15 00:00:00,AVAX/USDT,90.40000000,94.44000000,89.47000000,92.98000000,914689.68000000,83986168.00840000,176610
1642118400000,2022-01-14 00:00:00,AVAX/USDT,89.65000000,91.77000000,87.23000000,90.39000000,1200068.60000000,107669260.02780000,208567
1642032000000,2022-01-13 00:00:00,AVAX/USDT,95.95000000,97.26000000,89.08000000,89.65000000,1429888.43000000,133587226.48390000,298322
1641945600000,2022-01-12 00:00:00,AVAX/USDT,89.57000000,96.89000000,88.80000000,95.94000000,1757081.56000000,164578221.12370000,339803
1641859200000,2022-01-11 00:00:00,AVAX/USDT,84.42000000,91.00000000,83.21000000,89.59000000,1431317.89000000,124662083.45880000,253209
1641772800000,2022-01-10 00:00:00,AVAX/USDT,89.32000000,92.40000000,80.10000000,84.36000000,2836094.17000000,241549190.78150000,437854
1641686400000,2022-01-09 00:00:00,AVAX/USDT,83.87000000,91.88000000,82.46000000,89.33000000,1808479.57000000,157649981.25270000,309607
1641600000000,2022-01-08 00:00:00,AVAX/USDT,86.74000000,89.64000000,79.18000000,83.90000000,2469062.48000000,208857798.74830000,365452
1641513600000,2022-01-07 00:00:00,AVAX/USDT,95.10000000,95.54000000,85.00000000,86.74000000,2602084.56000000,231122016.72060000,485254
1641427200000,2022-01-06 00:00:00,AVAX/USDT,97.42000000,97.97000000,91.04000000,95.11000000,1633034.05000000,154100385.59460000,335865
1641340800000,2022-01-05 00:00:00,AVAX/USDT,103.33000000,106.66000000,90.40000000,97.42000000,2277529.75000000,229006153.21460000,432956
1641254400000,2022-01-04 00:00:00,AVAX/USDT,108.11000000,109.28000000,102.78000000,103.33000000,1646729.79000000,174879133.65800000,328774
1641168000000,2022-01-03 00:00:00,AVAX/USDT,113.02000000,114.13000000,106.01000000,108.11000000,1518111.91000000,167515698.02320000,345835
1641081600000,2022-01-02 00:00:00,AVAX/USDT,114.12000000,117.53000000,112.00000000,113.03000000,1157325.57000000,133181297.43190000,349691
1640995200000,2022-01-01 00:00:00,AVAX/USDT,109.43000000,114.50000000,108.42000000,114.13000000,1211127.98000000,134625293.11490000,330579
1640908800000,2021-12-31 00:00:00,AVAX/USDT,101.75000000,111.99000000,100.13000000,109.43000000,2472910.64000000,262031150.63830000,514427
1640822400000,2021-12-30 00:00:00,AVAX/USDT,103.10000000,105.40000000,98.25000000,101.75000000,1935135.51000000,198166564.19760000,352551
1640736000000,2021-12-29 00:00:00,AVAX/USDT,107.05000000,110.55000000,102.30000000,103.10000000,1941041.10000000,206638050.67160000,452725
1640649600000,2021-12-28 00:00:00,AVAX/USDT,113.85000000,116.73000000,104.33000000,107.06000000,2819996.86000000,313337643.15280000,644930
1640563200000,2021-12-27 00:00:00,AVAX/USDT,115.06000000,120.96000000,113.23000000,113.85000000,1737856.35000000,203440204.53690000,404764
1640476800000,2021-12-26 00:00:00,AVAX/USDT,114.99000000,118.00000000,109.28000000,115.02000000,1883628.30000000,213934618.15050000,414687
1640390400000,2021-12-25 00:00:00,AVAX/USDT,114.95000000,116.93000000,112.00000000,115.01000000,1699906.82000000,195445144.15150000,341094
1640304000000,2021-12-24 00:00:00,AVAX/USDT,121.45000000,124.57000000,113.19000000,114.94000000,2103167.74000000,253576727.47570000,506250
1640217600000,2021-12-23 00:00:00,AVAX/USDT,116.68000000,125.06000000,116.22000000,121.40000000,2526919.70000000,305123263.31180000,631183
1640131200000,2021-12-22 00:00:00,AVAX/USDT,123.23000000,127.32000000,115.55000000,116.69000000,2949493.16000000,361612835.43840000,681019
1640044800000,2021-12-21 00:00:00,AVAX/USDT,113.52000000,123.97000000,110.59000000,123.24000000,3711910.20000000,436728554.53180000,870925
1639958400000,2021-12-20 00:00:00,AVAX/USDT,107.61000000,116.33000000,100.96000000,113.55000000,4463038.26000000,479899741.23110000,871353
1639872000000,2021-12-19 00:00:00,AVAX/USDT,115.91000000,116.69000000,106.66000000,107.61000000,2140304.15000000,238953714.02420000,450765
1639785600000,2021-12-18 00:00:00,AVAX/USDT,110.82000000,117.39000000,105.51000000,115.90000000,3442233.16000000,387451666.14960000,759562
1639699200000,2021-12-17 00:00:00,AVAX/USDT,98.23000000,116.10000000,98.14000000,110.81000000,6159186.26000000,661735819.12040000,1279729
1639612800000,2021-12-16 00:00:00,AVAX/USDT,101.28000000,110.00000000,98.00000000,98.21000000,4989316.02000000,521108640.62920000,953252
1639526400000,2021-12-15 00:00:00,AVAX/USDT,87.16000000,105.77000000,86.10000000,101.24000000,6449158.02000000,608721178.01810000,1177681
1639440000000,2021-12-14 00:00:00,AVAX/USDT,79.05000000,87.46000000,76.31000000,87.17000000,2973253.39000000,240732813.45880000,437573
1639353600000,2021-12-13 00:00:00,AVAX/USDT,88.01000000,89.92000000,75.50000000,79.05000000,3604282.51000000,297920347.43610000,529020
1639267200000,2021-12-12 00:00:00,AVAX/USDT,86.55000000,88.97000000,82.94000000,88.00000000,1544788.55000000,132574718.75870000,259733
1639180800000,2021-12-11 00:00:00,AVAX/USDT,80.57000000,87.07000000,78.32000000,86.55000000,2324989.97000000,192503522.11000000,343696
1639094400000,2021-12-10 00:00:00,AVAX/USDT,85.41000000,91.78000000,80.22000000,80.61000000,3342367.08000000,288264849.11250000,481767
1639008000000,2021-12-09 00:00:00,AVAX/USDT,93.20000000,94.57000000,83.28000000,85.46000000,2603024.55000000,231828745.65260000,423503
1638921600000,2021-12-08 00:00:00,AVAX/USDT,89.54000000,93.22000000,86.00000000,93.19000000,1976726.13000000,177886851.22760000,353013
1638835200000,2021-12-07 00:00:00,AVAX/USDT,92.93000000,96.62000000,88.00000000,89.57000000,2882225.85000000,268707936.50060000,526949
1638748800000,2021-12-06 00:00:00,AVAX/USDT,86.34000000,94.90000000,77.00000000,92.97000000,5155977.54000000,439819665.48660000,756721
1638662400000,2021-12-05 00:00:00,AVAX/USDT,93.02000000,95.50000000,82.55000000,86.35000000,3562051.48000000,314125316.67570000,569060
1638576000000,2021-12-04 00:00:00,AVAX/USDT,108.36000000,108.81000000,76.57000000,93.05000000,6768729.16000000,621549884.96840000,1056013
1638489600000,2021-12-03 00:00:00,AVAX/USDT,107.79000000,113.23000000,100.00000000,108.32000000,3316203.87000000,355634559.86070000,720092
1638403200000,2021-12-02 00:00:00,AVAX/USDT,119.64000000,119.75000000,106.88000000,107.78000000,2475877.81000000,283945869.40380000,572711
1638316800000,2021-12-01 00:00:00,AVAX/USDT,120.42000000,127.41000000,117.25000000,119.65000000,3007063.68000000,371842650.49370000,870375
1638230400000,2021-11-30 00:00:00,AVAX/USDT,120.39000000,124.80000000,114.00000000,120.41000000,3625461.85000000,435034335.80150000,995002
1638144000000,2021-11-29 00:00:00,AVAX/USDT,110.42000000,120.41000000,109.03000000,120.39000000,2516574.06000000,286230167.45300000,602880
1638057600000,2021-11-28 00:00:00,AVAX/USDT,113.55000000,113.97000000,100.57000000,110.42000000,3365794.57000000,362016044.42400000,769419
1637971200000,2021-11-27 00:00:00,AVAX/USDT,104.30000000,118.00000000,103.22000000,113.52000000,2842064.96000000,316173642.02570000,674302
1637884800000,2021-11-26 00:00:00,AVAX/USDT,119.25000000,119.87000000,101.31000000,104.27000000,4575826.59000000,500649893.40650000,936325
1637798400000,2021-11-25 00:00:00,AVAX/USDT,115.25000000,130.00000000,114.22000000,119.27000000,4680745.85000000,577389587.16070000,1275487
1637712000000,2021-11-24 00:00:00,AVAX/USDT,123.83000000,124.68000000,112.64000000,115.24000000,4577775.34000000,541093685.69770000,954280
1637625600000,2021-11-23 00:00:00,AVAX/USDT,134.84000000,136.49000000,121.75000000,123.83000000,4209995.63000000,545312344.83530000,1053367
1637539200000,2021-11-22 00:00:00,AVAX/USDT,128.52000000,145.00000000,125.76000000,134.84000000,6564376.00000000,894863160.33350000,1934452
1637452800000,2021-11-21 00:00:00,AVAX/USDT,125.86000000,147.00000000,123.23000000,128.47000000,7608661.93400000,1024944849.48095400,2377963
1637366400000,2021-11-20 00:00:00,AVAX/USDT,111.91000000,129.94000000,111.57000000,125.83000000,5546998.32000000,669094804.75214600,1742540
1637280000000,2021-11-19 00:00:00,AVAX/USDT,100.54000000,112.35000000,95.89000000,111.93000000,4039089.13000000,426489727.93466000,1021316
1637193600000,2021-11-18 00:00:00,AVAX/USDT,107.62000000,110.41000000,92.00000000,100.63000000,5656362.44700000,574610818.88914400,1132789
1637107200000,2021-11-17 00:00:00,AVAX/USDT,97.80000000,110.00000000,91.50000000,107.63000000,7144221.09800000,724754711.62441500,1664007
1637020800000,2021-11-16 00:00:00,AVAX/USDT,93.86000000,101.82000000,83.50000000,97.84000000,5618799.05000000,519762762.96340000,1185528
1636934400000,2021-11-15 00:00:00,AVAX/USDT,95.40000000,101.70000000,92.00000000,93.90000000,3770997.00400000,367311805.62845000,825655
1636848000000,2021-11-14 00:00:00,AVAX/USDT,97.56000000,99.90000000,91.65000000,95.40000000,3548704.67900000,339169506.43396000,742996
1636761600000,2021-11-13 00:00:00,AVAX/USDT,84.81000000,98.69000000,84.79000000,97.54000000,3519352.27800000,326031351.04907600,956436
1636675200000,2021-11-12 00:00:00,AVAX/USDT,87.86000000,89.88000000,81.11000000,84.78000000,2247279.59000000,190900107.50210000,438268
1636588800000,2021-11-11 00:00:00,AVAX/USDT,85.19000000,89.56000000,83.73000000,87.88000000,2085731.80000000,182214801.01880000,397496
1636502400000,2021-11-10 00:00:00,AVAX/USDT,88.35000000,94.00000000,78.31000000,85.23000000,4363326.07000000,387688057.05910000,846206
1636416000000,2021-11-09 00:00:00,AVAX/USDT,91.18000000,91.49000000,87.00000000,88.33000000,2716240.59000000,242197974.23580000,531304
1636329600000,2021-11-08 00:00:00,AVAX/USDT,87.56000000,96.92000000,83.61000000,91.18000000,6890764.66100000,630273009.14791900,1487957
1636243200000,2021-11-07 00:00:00,AVAX/USDT,78.70000000,88.88000000,78.00000000,87.57000000,4847020.51600000,409094905.98662200,1142243
1636156800000,2021-11-06 00:00:00,AVAX/USDT,74.19000000,78.72000000,72.32000000,78.72000000,1708791.07000000,128788048.03460000,324528
1636070400000,2021-11-05 00:00:00,AVAX/USDT,78.96000000,81.00000000,72.13000000,74.19000000,2367154.90000000,181860826.72750000,429939
1635984000000,2021-11-04 00:00:00,AVAX/USDT,75.56000000,80.91000000,73.91000000,78.97000000,4700338.46500000,365119419.93295600,922503
1635897600000,2021-11-03 00:00:00,AVAX/USDT,67.75000000,75.57000000,67.09000000,75.55000000,4504183.21000000,323636741.72450000,873404
1635811200000,2021-11-02 00:00:00,AVAX/USDT,64.94000000,68.04000000,64.26000000,67.74000000,1746644.56000000,115527073.87850000,276001
1635724800000,2021-11-01 00:00:00,AVAX/USDT,64.50000000,66.85000000,62.19000000,64.93000000,2515107.85000000,163029154.03460000,349757
1635638400000,2021-10-31 00:00:00,AVAX/USDT,62.33000000,64.50000000,60.09000000,64.50000000,1531085.26000000,95846366.22330000,203026
1635552000000,2021-10-30 00:00:00,AVAX/USDT,64.87000000,64.96000000,60.89000000,62.35000000,1483432.23000000,93282368.99570000,163046
1635465600000,2021-10-29 00:00:00,AVAX/USDT,64.34000000,66.19000000,63.43000000,64.87000000,1513107.96000000,98234754.84590000,191656
1635379200000,2021-10-28 00:00:00,AVAX/USDT,61.58000000,64.98000000,61.44000000,64.34000000,2484514.38000000,157045788.64420000,295480
1635292800000,2021-10-27 00:00:00,AVAX/USDT,68.68000000,69.82000000,57.02000000,61.57000000,4273308.61000000,270961725.08280000,521106
1635206400000,2021-10-26 00:00:00,AVAX/USDT,69.74000000,73.01000000,67.61000000,68.66000000,3840473.40000000,271666008.60710000,600928
1635120000000,2021-10-25 00:00:00,AVAX/USDT,64.53000000,69.90000000,64.35000000,69.73000000,2270486.65000000,151807987.95150000,350486
1635033600000,2021-10-24 00:00:00,AVAX/USDT,65.39000000,67.61000000,61.94000000,64.53000000,2184761.84000000,141733731.86930000,269881
1634947200000,2021-10-23 00:00:00,AVAX/USDT,65.54000000,69.18000000,64.51000000,65.38000000,2978489.66000000,197843936.32950000,400236
1634860800000,2021-10-22 00:00:00,AVAX/USDT,61.48000000,68.83000000,61.36000000,65.54000000,5522607.50000000,362476810.84800000,791026
1634774400000,2021-10-21 00:00:00,AVAX/USDT,59.66000000,64.35000000,58.78000000,61.48000000,3959021.69000000,243518064.39920000,541923
1634688000000,2021-10-20 00:00:00,AVAX/USDT,56.81000000,61.64000000,56.70000000,59.66000000,2707834.23000000,158948106.68340000,316839
1634601600000,2021-10-19 00:00:00,AVAX/USDT,55.47000000,58.10000000,55.12000000,56.80000000,1873629.97000000,106037197.78970000,181723
1634515200000,2021-10-18 00:00:00,AVAX/USDT,56.11000000,56.46000000,54.05000000,55.48000000,1553173.47000000,85853005.20040000,136860
1634428800000,2021-10-17 00:00:00,AVAX/USDT,57.62000000,58.55000000,53.27000000,56.10000000,2134508.30000000,120837657.88910000,201480
1634342400000,2021-10-16 00:00:00,AVAX/USDT,56.33000000,62.11000000,55.68000000,57.61000000,3914987.29000000,231345309.94840000,432902
1634256000000,2021-10-15 00:00:00,AVAX/USDT,56.18000000,57.61000000,54.44000000,56.36000000,2963326.33000000,165216496.13700000,270204
1634169600000,2021-10-14 00:00:00,AVAX/USDT,55.00000000,58.46000000,54.92000000,56.18000000,3000941.32000000,170145411.60330000,279737
1634083200000,2021-10-13 00:00:00,AVAX/USDT,54.33000000,57.09000000,53.23000000,55.01000000,3632007.14000000,200467343.62120000,308283
1633996800000,2021-10-12 00:00:00,AVAX/USDT,55.30000000,55.31000000,51.04000000,54.34000000,4070051.40000000,216938819.82220000,329753
1633910400000,2021-10-11 00:00:00,AVAX/USDT,56.50000000,59.23000000,53.76000000,55.30000000,3407191.20000000,192868511.75750000,278824
1633824000000,2021-10-10 00:00:00,AVAX/USDT,60.63000000,61.01000000,55.39000000,56.51000000,2515959.37000000,148339876.36370000,266235
1633737600000,2021-10-09 00:00:00,AVAX/USDT,60.52000000,62.04000000,59.70000000,60.63000000,1985268.84000000,120928905.54060000,188297
1633651200000,2021-10-08 00:00:00,AVAX/USDT,61.53000000,64.94000000,59.76000000,60.51000000,4392451.39000000,275489109.80780000,477094
1633564800000,2021-10-07 00:00:00,AVAX/USDT,60.00000000,62.29000000,57.39000000,61.52000000,4761648.55000000,284932245.83320000,507118
1633478400000,2021-10-06 00:00:00,AVAX/USDT,64.60000000,65.76000000,58.16000000,60.01000000,5068720.14000000,311318968.63290000,502430
1633392000000,2021-10-05 00:00:00,AVAX/USDT,65.26000000,66.78000000,62.70000000,64.60000000,3831519.71000000,248341576.13260000,404791
1633305600000,2021-10-04 00:00:00,AVAX/USDT,68.69000000,68.76000000,63.30000000,65.29000000,4826593.69000000,319552435.77660000,524920
1633219200000,2021-10-03 00:00:00,AVAX/USDT,69.09000000,71.61000000,67.55000000,68.69000000,4467356.39000000,312043278.01750000,505721
1633132800000,2021-10-02 00:00:00,AVAX/USDT,67.66000000,73.41000000,65.80000000,69.08000000,6536616.52000000,453535406.45390000,762679
1633046400000,2021-10-01 00:00:00,AVAX/USDT,66.64000000,69.58000000,63.12000000,67.67000000,6973676.03000000,466411655.79060000,704231
1632960000000,2021-09-30 00:00:00,AVAX/USDT,65.46000000,68.91000000,64.28000000,66.63000000,5085384.45000000,336103596.20540000,449522
1632873600000,2021-09-29 00:00:00,AVAX/USDT,61.51000000,69.50000000,61.26000000,65.46000000,6780246.71000000,440348766.53830000,653135
1632787200000,2021-09-28 00:00:00,AVAX/USDT,66.34000000,69.44000000,61.11000000,61.51000000,4765761.77000000,312378413.10310000,441886
1632700800000,2021-09-27 00:00:00,AVAX/USDT,66.77000000,72.69000000,65.31000000,66.33000000,5974772.52000000,414345004.83900000,662188
1632614400000,2021-09-26 00:00:00,AVAX/USDT,68.28000000,71.44000000,61.59000000,66.77000000,6395395.40000000,425416235.94970000,612229
1632528000000,2021-09-25 00:00:00,AVAX/USDT,72.30000000,72.60000000,67.50000000,68.28000000,4943069.71000000,346671054.99570000,515569
1632441600000,2021-09-24 00:00:00,AVAX/USDT,76.43000000,78.86000000,66.59000000,72.31000000,11472906.45000000,825634622.99750000,1166292
1632355200000,2021-09-23 00:00:00,AVAX/USDT,74.04000000,79.80000000,72.76000000,76.44000000,11366707.86000000,861656035.00866700,1371889
1632268800000,2021-09-22 00:00:00,AVAX/USDT,59.00000000,74.69000000,57.72000000,74.07000000,13033656.10000000,855939922.62080000,1239279
1632182400000,2021-09-21 00:00:00,AVAX/USDT,57.34000000,66.24000000,52.55000000,58.98000000,15940591.44000000,963082835.44610000,1236028
1632096000000,2021-09-20 00:00:00,AVAX/USDT,70.06000000,70.45000000,55.00000000,57.33000000,15410116.45000000,955076944.96070000,1249381
1632009600000,2021-09-19 00:00:00,AVAX/USDT,69.02000000,76.27000000,66.42000000,70.07000000,9524488.55100000,682471352.19935700,1041226
1631923200000,2021-09-18 00:00:00,AVAX/USDT,70.15000000,75.59000000,67.16000000,69.02000000,10521283.48800000,751508106.45512000,1147215
1631836800000,2021-09-17 00:00:00,AVAX/USDT,67.59000000,70.90000000,60.36000000,70.11000000,10905615.52500000,714550797.02138900,1144809
1631750400000,2021-09-16 00:00:00,AVAX/USDT,57.83000000,68.33000000,57.17000000,67.56000000,15000080.37400000,944283890.77511400,1767106
1631664000000,2021-09-15 00:00:00,AVAX/USDT,51.51000000,58.18000000,50.30000000,57.84000000,6756093.54000000,363330100.73970000,616300
1631577600000,2021-09-14 00:00:00,AVAX/USDT,53.14000000,57.63000000,48.80000000,51.50000000,8170590.05000000,433586433.93010000,650142
1631491200000,2021-09-13 00:00:00,AVAX/USDT,59.21000000,60.92000000,47.66000000,53.15000000,17195092.80000000,916467701.79160000,1318399
1631404800000,2021-09-12 00:00:00,AVAX/USDT,57.02000000,64.90000000,53.59000000,59.22000000,16140497.30900000,975563399.09736500,1544605
1631318400000,2021-09-11 00:00:00,AVAX/USDT,49.33000000,59.25000000,48.11000000,57.02000000,16295853.41600000,855169399.89139500,1666314
1631232000000,2021-09-10 00:00:00,AVAX/USDT,40.75000000,49.70000000,40.38000000,49.30000000,17253541.93000000,796849170.94610000,1550272
1631145600000,2021-09-09 00:00:00,AVAX/USDT,37.03000000,44.60000000,36.21000000,40.77000000,10152448.67400000,423030611.97267800,815604
1631059200000,2021-09-08 00:00:00,AVAX/USDT,37.97000000,39.50000000,33.08000000,37.00000000,7464147.83000000,270862112.86930000,516669
1630972800000,2021-09-07 00:00:00,AVAX/USDT,47.11000000,47.20000000,32.23000000,37.93000000,12849059.61700000,517373750.96837500,937571
1630886400000,2021-09-06 00:00:00,AVAX/USDT,48.14000000,51.36000000,42.45000000,47.10000000,7931732.22000000,378046443.81920000,705606
1630800000000,2021-09-05 00:00:00,AVAX/USDT,47.19000000,49.40000000,45.44000000,48.15000000,5904540.19000000,279244419.51750000,468959
1630713600000,2021-09-04 00:00:00,AVAX/USDT,45.90000000,49.88000000,44.07000000,47.15000000,6077749.28000000,285561090.48840000,567762
1630627200000,2021-09-03 00:00:00,AVAX/USDT,47.60000000,51.66000000,44.45000000,45.89000000,9097559.66000000,438178527.62420000,877686
1630540800000,2021-09-02 00:00:00,AVAX/USDT,42.50000000,47.98000000,41.00000000,47.58000000,6481497.68000000,285384060.93920200,523633
1630454400000,2021-09-01 00:00:00,AVAX/USDT,39.51000000,45.71000000,38.55000000,42.47000000,7820541.21700000,337278992.78760800,538884
1630368000000,2021-08-31 00:00:00,AVAX/USDT,41.42000000,44.22000000,38.17000000,39.50000000,6855430.91600000,285271157.08256600,497201
1630281600000,2021-08-30 00:00:00,AVAX/USDT,47.43000000,48.33000000,41.00000000,41.44000000,6827433.15000000,302290628.14560000,475847
1630195200000,2021-08-29 00:00:00,AVAX/USDT,50.20000000,52.40000000,46.66000000,47.39000000,5176181.90100000,254017057.60815300,403399
1630108800000,2021-08-28 00:00:00,AVAX/USDT,50.12000000,51.79000000,46.12000000,50.20000000,7177328.36400000,349338313.78982300,521462
1630022400000,2021-08-27 00:00:00,AVAX/USDT,41.32000000,50.47000000,40.30000000,50.14000000,10990447.09800000,499580728.29196200,706713
1629936000000,2021-08-26 00:00:00,AVAX/USDT,46.21100000,48.46300000,41.20000000,41.32000000,9280721.69600000,411045221.73969700,627615
1629849600000,2021-08-25 00:00:00,AVAX/USDT,55.47500000,57.58400000,45.65000000,46.20800000,11480697.36900000,580655281.69301700,918410
1629763200000,2021-08-24 00:00:00,AVAX/USDT,46.40700000,58.97700000,44.15100000,55.47400000,13474170.15600000,688067868.65039100,1264512
1629676800000,2021-08-23 00:00:00,AVAX/USDT,43.68200000,53.62300000,43.61400000,46.45100000,11058622.43600000,538289839.35215600,922963
1629590400000,2021-08-22 00:00:00,AVAX/USDT,43.69300000,45.03000000,40.53700000,43.66300000,8717113.46000000,373450451.66882800,656362
1629504000000,2021-08-21 00:00:00,AVAX/USDT,39.14800000,50.27000000,37.67600000,43.67600000,13275218.25300000,603282807.71899800,1244473
1629417600000,2021-08-20 00:00:00,AVAX/USDT,30.65300000,39.22900000,29.94300000,39.15500000,8246852.13700000,292804357.41178300,676833
1629331200000,2021-08-19 00:00:00,AVAX/USDT,29.99200000,33.75500000,28.71400000,30.65300000,11884539.98900000,367827425.34607100,725134
1629244800000,2021-08-18 00:00:00,AVAX/USDT,23.45200000,30.88500000,21.45400000,29.99300000,12872464.95300000,329590346.41597400,711659
1629158400000,2021-08-17 00:00:00,AVAX/USDT,19.07100000,25.46000000,18.41800000,23.44600000,10172036.37400000,232692122.49374900,511785
1629072000000,2021-08-16 00:00:00,AVAX/USDT,18.76200000,21.13000000,18.44100000,19.07100000,3800908.89000000,75257840.61299500,184536
1628985600000,2021-08-15 00:00:00,AVAX/USDT,18.09000000,18.85500000,17.05800000,18.76200000,1404168.53300000,24987998.01130000,63538
1628899200000,2021-08-14 00:00:00,AVAX/USDT,18.04400000,18.43300000,17.16900000,18.09300000,1428803.97100000,25525639.09653300,61967
1628812800000,2021-08-13 00:00:00,AVAX/USDT,16.57400000,18.29100000,16.38900000,18.03100000,1519296.77700000,26964549.42389400,75881
1628726400000,2021-08-12 00:00:00,AVAX/USDT,16.67400000,17.53800000,15.42900000,16.57500000,1704787.84100000,27961277.71387400,65337
1628640000000,2021-08-11 00:00:00,AVAX/USDT,16.43000000,17.54700000,16.37800000,16.68800000,1849892.04500000,31656313.72536700,82229
1628553600000,2021-08-10 00:00:00,AVAX/USDT,16.16700000,17.18400000,15.80100000,16.42000000,2076458.19800000,34191887.71139300,87917
1628467200000,2021-08-09 00:00:00,AVAX/USDT,14.83000000,16.75900000,14.42400000,16.16900000,2569371.61400000,40344963.22669700,101119
1628380800000,2021-08-08 00:00:00,AVAX/USDT,15.85000000,16.10000000,14.55700000,14.82600000,1318372.02700000,20289977.62886000,51900
1628294400000,2021-08-07 00:00:00,AVAX/USDT,14.77400000,15.95200000,14.61200000,15.83400000,2346816.42200000,35897227.53200900,94332
1628208000000,2021-08-06 00:00:00,AVAX/USDT,13.83400000,15.08000000,13.38800000,14.77000000,2108094.94900000,29965356.38663100,72992
1628121600000,2021-08-05 00:00:00,AVAX/USDT,13.69600000,14.00000000,12.84900000,13.83400000,1372439.96700000,18478805.54198800,54152
1628035200000,2021-08-04 00:00:00,AVAX/USDT,12.56800000,13.78000000,12.41000000,13.69600000,1246721.96400000,16255550.76616500,45201
1627948800000,2021-08-03 00:00:00,AVAX/USDT,12.99200000,13.52200000,12.32500000,12.55700000,1198368.48400000,15258298.67764500,39397
1627862400000,2021-08-02 00:00:00,AVAX/USDT,12.84600000,13.37400000,12.61600000,12.99300000,928801.98900000,12133849.91965800,37628
1627776000000,2021-08-01 00:00:00,AVAX/USDT,13.53500000,14.07700000,12.61700000,12.85300000,1860616.43800000,25152192.02907400,65591
1627689600000,2021-07-31 00:00:00,AVAX/USDT,12.97800000,13.63000000,12.58500000,13.52500000,1248768.22100000,16272148.75360300,47007
1627603200000,2021-07-30 00:00:00,AVAX/USDT,12.43300000,13.00000000,11.93000000,12.97800000,1572248.75600000,19599467.04265600,50237
1627516800000,2021-07-29 00:00:00,AVAX/USDT,12.33100000,12.65000000,11.98000000,12.43300000,1634174.61000000,20162756.48491500,51288
1627430400000,2021-07-28 00:00:00,AVAX/USDT,11.92100000,12.48500000,11.69100000,12.32000000,1510307.38400000,18422159.01294100,51346
1627344000000,2021-07-27 00:00:00,AVAX/USDT,11.45500000,12.35200000,11.17500000,11.91700000,977794.90100000,11458152.58263800,37861
1627257600000,2021-07-26 00:00:00,AVAX/USDT,11.24700000,12.70000000,11.21300000,11.46000000,2057987.32500000,24821128.42290100,81027
1627171200000,2021-07-25 00:00:00,AVAX/USDT,11.14200000,11.33900000,10.76500000,11.24700000,601383.14900000,6648354.32815000,23214
1627084800000,2021-07-24 00:00:00,AVAX/USDT,11.09200000,11.44700000,10.95400000,11.14200000,839109.69100000,9397797.98906400,30075
1626998400000,2021-07-23 00:00:00,AVAX/USDT,10.84000000,11.17400000,10.53000000,11.08600000,695996.73200000,7538887.71093300,24854
1626912000000,2021-07-22 00:00:00,AVAX/USDT,10.44000000,10.96000000,10.23800000,10.83300000,879782.50300000,9345434.27226600,31615
1626825600000,2021-07-21 00:00:00,AVAX/USDT,9.64700000,10.75200000,9.47300000,10.42500000,994914.75500000,10267860.30323300,35835
1626739200000,2021-07-20 00:00:00,AVAX/USDT,10.18600000,10.36600000,9.32700000,9.63900000,784232.56600000,7538086.81733700,28856
1626652800000,2021-07-19 00:00:00,AVAX/USDT,10.69000000,10.75700000,10.01000000,10.18300000,613091.68900000,6325661.84891000,22340
1626566400000,2021-07-18 00:00:00,AVAX/USDT,10.95600000,11.27500000,10.65000000,10.69000000,669471.27800000,7325338.19870100,18543
1626480000000,2021-07-17 00:00:00,AVAX/USDT,10.81600000,11.14400000,10.71600000,10.95800000,588168.81000000,6416594.54344100,19891
1626393600000,2021-07-16 00:00:00,AVAX/USDT,11.39100000,11.82000000,10.80000000,10.81400000,869808.84700000,9833877.12302100,31933
1626307200000,2021-07-15 00:00:00,AVAX/USDT,11.79100000,12.10200000,11.12800000,11.39100000,799151.21700000,9211057.89878900,27111
1626220800000,2021-07-14 00:00:00,AVAX/USDT,11.91600000,12.11000000,11.11100000,11.79300000,916149.50400000,10660796.48320800,31786
1626134400000,2021-07-13 00:00:00,AVAX/USDT,12.16200000,12.43400000,11.74400000,11.91000000,937209.08100000,11351440.84070100,30668
1626048000000,2021-07-12 00:00:00,AVAX/USDT,12.43700000,12.84100000,11.70000000,12.15700000,1105226.31200000,13650203.06066400,33430
1625961600000,2021-07-11 00:00:00,AVAX/USDT,12.02300000,12.49000000,11.91200000,12.43300000,574831.74000000,7017301.60589300,21481
1625875200000,2021-07-10 00:00:00,AVAX/USDT,12.55900000,12.85100000,11.83800000,12.01500000,729693.40300000,8962435.35984700,30824
1625788800000,2021-07-09 00:00:00,AVAX/USDT,12.09300000,12.88000000,11.63900000,12.55200000,1365886.91300000,16789649.40947200,44074
1625702400000,2021-07-08 00:00:00,AVAX/USDT,13.09100000,13.11800000,11.83800000,12.09800000,1467700.32200000,18101804.61805000,52512
1625616000000,2021-07-07 00:00:00,AVAX/USDT,13.36900000,14.20000000,13.04000000,13.10500000,2048553.78800000,27867267.41859000,67875
1625529600000,2021-07-06 00:00:00,AVAX/USDT,12.04100000,14.22600000,12.02600000,13.38400000,2391422.13300000,32055829.00677500,76797
1625443200000,2021-07-05 00:00:00,AVAX/USDT,12.34200000,12.44000000,11.51900000,12.04200000,1408712.78800000,17011192.52485500,43689
1625356800000,2021-07-04 00:00:00,AVAX/USDT,11.49900000,12.90000000,11.21000000,12.34500000,1361790.03300000,16615785.97994200,42459
1625270400000,2021-07-03 00:00:00,AVAX/USDT,11.11700000,11.67600000,10.87800000,11.50900000,737397.36800000,8372964.61025400,23470
1625184000000,2021-07-02 00:00:00,AVAX/USDT,11.19000000,11.35500000,10.57200000,11.11200000,979100.75500000,10654044.47094800,26843
1625097600000,2021-07-01 00:00:00,AVAX/USDT,11.94000000,12.08000000,11.00000000,11.18100000,717086.76700000,8116281.30165400,22868
1625011200000,2021-06-30 00:00:00,AVAX/USDT,11.92100000,12.16600000,11.03500000,11.94900000,1137246.75100000,13240407.45750800,36422
1624924800000,2021-06-29 00:00:00,AVAX/USDT,11.33300000,12.34800000,11.07700000,11.92000000,1388415.12300000,16385766.89055400,42564
1624838400000,2021-06-28 00:00:00,AVAX/USDT,10.95300000,11.46900000,10.69400000,11.32200000,1022964.87400000,11386590.08131600,30175
1624752000000,2021-06-27 00:00:00,AVAX/USDT,10.31700000,10.98000000,10.08700000,10.94100000,692604.82900000,7234629.50074800,23037
1624665600000,2021-06-26 00:00:00,AVAX/USDT,10.23800000,10.60000000,9.78400000,10.31800000,1136001.57900000,11552426.25393200,34190
1624579200000,2021-06-25 00:00:00,AVAX/USDT,11.49900000,11.75600000,10.20000000,10.23500000,1369495.41900000,14874246.00790300,42377
1624492800000,2021-06-24 00:00:00,AVAX/USDT,11.46700000,11.75700000,10.82200000,11.49300000,1288733.89600000,14628465.68749400,39267
1624406400000,2021-06-23 00:00:00,AVAX/USDT,10.58500000,11.89900000,10.15000000,11.45600000,2090766.33300000,23569095.29318800,59085
1624320000000,2021-06-22 00:00:00,AVAX/USDT,11.19000000,11.76400000,9.32500000,10.57800000,3283390.30100000,34589702.59977600,94310
1624233600000,2021-06-21 00:00:00,AVAX/USDT,13.91400000,14.06900000,11.07700000,11.20000000,2203255.62700000,27106302.10066000,69229
1624147200000,2021-06-20 00:00:00,AVAX/USDT,13.37400000,14.18800000,12.78300000,13.91700000,1178226.51400000,15764150.00571400,39488
1624060800000,2021-06-19 00:00:00,AVAX/USDT,13.63500000,14.04000000,13.20900000,13.38300000,677502.97500000,9272511.48766300,25832
1623974400000,2021-06-18 00:00:00,AVAX/USDT,14.85800000,15.30000000,13.10000000,13.64000000,1646645.54800000,23345824.08595500,54114
1623888000000,2021-06-17 00:00:00,AVAX/USDT,14.08100000,15.49800000,14.02000000,14.84400000,2176578.34100000,32446965.98547200,74881
1623801600000,2021-06-16 00:00:00,AVAX/USDT,14.71500000,14.95100000,13.91300000,14.07800000,1593156.60500000,22971491.58311300,57080
1623715200000,2021-06-15 00:00:00,AVAX/USDT,15.11100000,15.63200000,14.58100000,14.71400000,1618961.45400000,24356226.18104300,52398
1623628800000,2021-06-14 00:00:00,AVAX/USDT,14.76200000,15.41900000,14.37100000,15.11300000,1753753.57900000,26069796.79790100,54409
1623542400000,2021-06-13 00:00:00,AVAX/USDT,13.55100000,14.99900000,13.24100000,14.76100000,1905070.73600000,26854958.58503000,63885
1623456000000,2021-06-12 00:00:00,AVAX/USDT,13.42300000,14.00000000,12.63800000,13.54500000,1721108.68900000,22830447.28466100,57398
1623369600000,2021-06-11 00:00:00,AVAX/USDT,14.19300000,14.61600000,13.14000000,13.40800000,1985298.58100000,27700725.96289600,60148
1623283200000,2021-06-10 00:00:00,AVAX/USDT,15.40300000,15.57800000,13.73000000,14.19300000,2406206.41000000,34900914.84187700,76800
1623196800000,2021-06-09 00:00:00,AVAX/USDT,14.80300000,15.76500000,13.65000000,15.40000000,2507532.95300000,37197544.87271000,86605
1623110400000,2021-06-08 00:00:00,AVAX/USDT,15.53300000,16.04800000,13.63900000,14.79200000,2622746.58100000,38874804.23242900,94670
1623024000000,2021-06-07 00:00:00,AVAX/USDT,17.38000000,18.05300000,15.30400000,15.53600000,2846106.84600000,48358814.14306000,95659
1622937600000,2021-06-06 00:00:00,AVAX/USDT,17.23300000,18.00000000,17.09000000,17.38300000,747036.54100000,13149046.69052300,31513
1622851200000,2021-06-05 00:00:00,AVAX/USDT,18.23600000,19.14200000,16.86000000,17.23000000,1557214.89000000,28105158.81873900,63405
1622764800000,2021-06-04 00:00:00,AVAX/USDT,20.24700000,20.55000000,17.41000000,18.24300000,1844859.94100000,34131796.22218600,79063
1622678400000,2021-06-03 00:00:00,AVAX/USDT,18.68600000,20.70000000,18.21900000,20.26800000,1754635.67100000,34768091.11969400,77913
1622592000000,2021-06-02 00:00:00,AVAX/USDT,17.74800000,19.41900000,17.14500000,18.68700000,1696639.30100000,31441233.73313100,72378
1622505600000,2021-06-01 00:00:00,AVAX/USDT,18.15300000,18.58300000,17.06600000,17.74800000,1195464.41500000,21252314.19634600,55191
1622419200000,2021-05-31 00:00:00,AVAX/USDT,16.50400000,18.19800000,15.67100000,18.14000000,1357131.01500000,23344234.82288600,58931
1622332800000,2021-05-30 00:00:00,AVAX/USDT,16.19400000,17.46800000,15.10100000,16.51800000,1133881.01400000,18967076.15311300,52207
1622246400000,2021-05-29 00:00:00,AVAX/USDT,16.72700000,17.59200000,15.16900000,16.16800000,1260980.20900000,20444938.26396300,66801
1622160000000,2021-05-28 00:00:00,AVAX/USDT,19.13300000,19.56800000,16.01500000,16.72700000,2318888.92300000,40285104.07871700,109965
1622073600000,2021-05-27 00:00:00,AVAX/USDT,20.79400000,21.19800000,18.71700000,19.11800000,1878833.96600000,37144061.89919700,89922
1621987200000,2021-05-26 00:00:00,AVAX/USDT,19.43100000,21.45300000,18.91800000,20.79700000,3101870.52100000,62721216.86484800,138994
1621900800000,2021-05-25 00:00:00,AVAX/USDT,19.39500000,20.24300000,17.00100000,19.44600000,2878326.67600000,53730357.65711000,138929
1621814400000,2021-05-24 00:00:00,AVAX/USDT,15.60300000,20.50000000,15.03400000,19.39500000,4361327.48100000,78219280.06030400,184795
1621728000000,2021-05-23 00:00:00,AVAX/USDT,18.80900000,19.66800000,12.08600000,15.60600000,5463994.51400000,82687662.97950700,231450
1621641600000,2021-05-22 00:00:00,AVAX/USDT,21.82500000,22.47400000,18.30000000,18.79700000,2628918.37100000,52186116.31586300,136771
1621555200000,2021-05-21 00:00:00,AVAX/USDT,25.04200000,26.71200000,18.36800000,21.82700000,3781391.33400000,85878210.50720700,197862
1621468800000,2021-05-20 00:00:00,AVAX/USDT,23.06400000,28.20000000,20.80900000,25.08600000,4667836.19900000,115628255.55487900,254939
1621382400000,2021-05-19 00:00:00,AVAX/USDT,36.90700000,38.53500000,17.77500000,23.05200000,7854204.01200000,223825127.90984500,431631
1621296000000,2021-05-18 00:00:00,AVAX/USDT,33.68400000,37.70000000,33.26800000,36.87500000,3692884.15600000,132738977.36407700,209409
1621209600000,2021-05-17 00:00:00,AVAX/USDT,36.59700000,37.93600000,31.75000000,33.67000000,4761781.53600000,165234150.12218300,273521
1621123200000,2021-05-16 00:00:00,AVAX/USDT,34.46400000,39.70000000,32.50000000,36.60000000,5278663.19900000,190808554.56056700,321182
1621036800000,2021-05-15 00:00:00,AVAX/USDT,36.99300000,39.99000000,34.03100000,34.43900000,4984162.83700000,184846636.83431400,307713
1620950400000,2021-05-14 00:00:00,AVAX/USDT,35.03600000,38.00000000,33.27600000,36.99900000,2531482.45500000,90688909.49718800,164699
1620864000000,2021-05-13 00:00:00,AVAX/USDT,32.87200000,37.17000000,30.73900000,35.07500000,4599017.97800000,156789885.05229000,299266
1620777600000,2021-05-12 00:00:00,AVAX/USDT,36.76800000,41.47000000,32.00000000,32.80000000,5512564.20000000,210662204.12867800,342613
1620691200000,2021-05-11 00:00:00,AVAX/USDT,34.65000000,37.30000000,32.57500000,36.80000000,2729477.60400000,95271679.57301300,187315
1620604800000,2021-05-10 00:00:00,AVAX/USDT,38.98800000,41.80000000,29.69000000,34.65200000,4334618.08800000,159738078.07214500,302308
1620518400000,2021-05-09 00:00:00,AVAX/USDT,38.39900000,39.50000000,35.01700000,38.96900000,2403153.53400000,89501364.02466500,152065
1620432000000,2021-05-08 00:00:00,AVAX/USDT,37.85200000,39.84400000,37.15700000,38.39900000,2493215.19700000,95715259.47812800,160167
1620345600000,2021-05-07 00:00:00,AVAX/USDT,38.00200000,43.88500000,35.96900000,37.87500000,6802609.55700000,273821708.08021220,462203
1620259200000,2021-05-06 00:00:00,AVAX/USDT,35.22500000,39.30000000,34.66000000,38.00300000,6195375.72600000,230357016.40610600,415675
1620172800000,2021-05-05 00:00:00,AVAX/USDT,30.30700000,35.61600000,29.70000000,35.25800000,3289567.94400000,109473038.55279400,197654
1620086400000,2021-05-04 00:00:00,AVAX/USDT,35.88500000,36.19400000,29.50100000,30.28700000,4452223.23700000,145089846.10521700,266018
1620000000000,2021-05-03 00:00:00,AVAX/USDT,31.26200000,37.36000000,30.69700000,35.87100000,5397490.38300000,184269843.68859000,342233
1619913600000,2021-05-02 00:00:00,AVAX/USDT,31.81500000,32.68100000,30.38300000,31.28000000,2177846.52900000,68800524.69914200,134885
1619827200000,2021-05-01 00:00:00,AVAX/USDT,32.81900000,35.68000000,31.72200000,31.80500000,3589503.04200000,120606500.59768100,221956
1619740800000,2021-04-30 00:00:00,AVAX/USDT,27.92600000,33.00000000,27.50100000,32.80000000,3368373.69600000,103924073.25336100,203516
1619654400000,2021-04-29 00:00:00,AVAX/USDT,28.24600000,29.76500000,26.60000000,27.91200000,2274429.72400000,63709226.53237600,117411
1619568000000,2021-04-28 00:00:00,AVAX/USDT,27.96100000,29.07700000,25.82600000,28.23300000,2546834.94400000,70419912.59010600,134669
1619481600000,2021-04-27 00:00:00,AVAX/USDT,26.44100000,28.00000000,25.70000000,27.94900000,2350750.04800000,63681712.66651600,118589
1619395200000,2021-04-26 00:00:00,AVAX/USDT,21.62800000,26.50000000,21.39000000,26.45100000,3025256.65000000,75465416.01002000,146288
1619308800000,2021-04-25 00:00:00,AVAX/USDT,21.84290000,23.75000000,20.35900000,21.62400000,1711011.13500000,37881647.72113900,88693
1619222400000,2021-04-24 00:00:00,AVAX/USDT,23.55000000,23.93810000,21.38010000,21.85230000,2231443.96000000,50480605.99209100,91691
1619136000000,2021-04-23 00:00:00,AVAX/USDT,23.96920000,26.55700000,19.80000000,23.53170000,4749135.19000000,105328377.18568100,214708
1619049600000,2021-04-22 00:00:00,AVAX/USDT,25.81310000,27.75190000,22.87000000,23.97030000,3474222.21000000,89712278.56233800,167755
1618963200000,2021-04-21 00:00:00,AVAX/USDT,27.40590000,28.48990000,25.75000000,25.81310000,2761857.45000000,74969648.92741800,146335
1618876800000,2021-04-20 00:00:00,AVAX/USDT,26.20290000,29.97520000,23.87660000,27.40580000,3447186.95000000,90912258.53880900,171486
1618790400000,2021-04-19 00:00:00,AVAX/USDT,29.32300000,30.57960000,25.54720000,26.18270000,3255981.02000000,90979934.53238000,170020
1618704000000,2021-04-18 00:00:00,AVAX/USDT,33.96730000,34.30000000,22.54730000,29.33480000,5871628.96000000,166326205.42192800,355080
1618617600000,2021-04-17 00:00:00,AVAX/USDT,35.43830000,36.90620000,33.51000000,33.93420000,2447216.38000000,86641993.55815400,164439
1618531200000,2021-04-16 00:00:00,AVAX/USDT,37.02560000,37.54120000,33.06180000,35.45000000,3675610.80000000,130494095.60965400,235915
1618444800000,2021-04-15 00:00:00,AVAX/USDT,38.38920000,40.75900000,36.21000000,37.01740000,4740728.24000000,180469601.54740500,304260
1618358400000,2021-04-14 00:00:00,AVAX/USDT,33.64260000,39.45000000,32.89070000,38.33910000,7610260.01000000,278784648.51029100,464448
1618272000000,2021-04-13 00:00:00,AVAX/USDT,33.81250000,34.88800000,31.70000000,33.64620000,3077724.42000000,102492762.39518900,186013
1618185600000,2021-04-12 00:00:00,AVAX/USDT,31.58530000,35.64180000,31.10000000,33.80550000,4048871.80000000,134405366.70285100,255408
1618099200000,2021-04-11 00:00:00,AVAX/USDT,31.76280000,32.33000000,30.89280000,31.59760000,1817836.56000000,57506834.78195000,123679
1618012800000,2021-04-10 00:00:00,AVAX/USDT,31.51780000,33.97000000,30.86500000,31.77600000,3316903.42000000,108430389.72758100,212421
1617926400000,2021-04-09 00:00:00,AVAX/USDT,30.74750000,32.48200000,30.30310000,31.51780000,2411521.93000000,75504333.05986600,136667
1617840000000,2021-04-08 00:00:00,AVAX/USDT,29.54000000,31.61370000,29.22870000,30.75100000,1585910.41000000,48670912.61887600,101494
1617753600000,2021-04-07 00:00:00,AVAX/USDT,31.48380000,34.15000000,28.60230000,29.50680000,3026403.42000000,92723601.16042000,222581
1617667200000,2021-04-06 00:00:00,AVAX/USDT,31.29130000,34.55780000,30.00000000,31.46350000,3854943.21000000,125832561.85724100,247138
1617580800000,2021-04-05 00:00:00,AVAX/USDT,29.17400000,33.00000000,28.54550000,31.25590000,3914406.49000000,122497268.10382500,266630
1617494400000,2021-04-04 00:00:00,AVAX/USDT,28.17090000,29.91710000,27.56070000,29.15730000,1645442.99000000,47959269.94984500,110434
1617408000000,2021-04-03 00:00:00,AVAX/USDT,29.01370000,32.87270000,27.82740000,28.17870000,4011015.62000000,123148734.45141800,258134
1617321600000,2021-04-02 00:00:00,AVAX/USDT,28.26860000,29.58050000,27.94290000,29.03530000,1502764.68000000,43378511.81810900,89352
1617235200000,2021-04-01 00:00:00,AVAX/USDT,28.72170000,29.37300000,27.69210000,28.24560000,1556653.75000000,44363776.97676800,95137
1617148800000,2021-03-31 00:00:00,AVAX/USDT,29.60090000,29.96410000,25.90000000,28.72180000,1991045.26000000,56337213.74550100,133106
1617062400000,2021-03-30 00:00:00,AVAX/USDT,29.50000000,30.98020000,28.60230000,29.60090000,1916568.91000000,57190846.01957600,112663
1616976000000,2021-03-29 00:00:00,AVAX/USDT,28.73920000,30.37020000,28.20000000,29.50000000,1936628.46000000,57274429.92867700,114464
1616889600000,2021-03-28 00:00:00,AVAX/USDT,27.62260000,29.55780000,27.22000000,28.71670000,2149098.90000000,61369232.96412900,127699
1616803200000,2021-03-27 00:00:00,AVAX/USDT,28.27440000,28.66670000,26.78900000,27.62250000,1664560.96000000,46300539.74985500,94170
1616716800000,2021-03-26 00:00:00,AVAX/USDT,25.81090000,28.87820000,25.78730000,28.25270000,2119177.62000000,58791812.93687300,123714
1616630400000,2021-03-25 00:00:00,AVAX/USDT,25.80000000,27.51520000,24.32910000,25.82500000,2616910.89000000,67993951.52700000,146899
1616544000000,2021-03-24 00:00:00,AVAX/USDT,28.45410000,30.49140000,24.66520000,25.83870000,2924723.82000000,82857014.15835500,172076
1616457600000,2021-03-23 00:00:00,AVAX/USDT,29.18050000,30.88990000,28.11110000,28.47040000,2208298.00000000,65350105.51350000,148014
1616371200000,2021-03-22 00:00:00,AVAX/USDT,32.81090000,33.58920000,28.62020000,29.17000000,2819087.11000000,88760164.34178300,187930
1616284800000,2021-03-21 00:00:00,AVAX/USDT,34.17830000,35.45160000,32.00010000,32.81170000,2817582.70000000,94243400.62207400,187105
1616198400000,2021-03-20 00:00:00,AVAX/USDT,37.32190000,39.30000000,34.17010000,34.20220000,2545309.31000000,93664051.04024400,177971
1616112000000,2021-03-19 00:00:00,AVAX/USDT,33.21310000,38.48660000,31.34090000,37.31660000,4561567.37000000,165120789.34748700,286375
1616025600000,2021-03-18 00:00:00,AVAX/USDT,32.67890000,35.60730000,31.81870000,33.21320000,3784343.49000000,127302178.87650300,219036
1615939200000,2021-03-17 00:00:00,AVAX/USDT,33.03600000,33.98990000,30.53070000,32.67890000,3711302.21000000,119320054.28937700,220858
1615852800000,2021-03-16 00:00:00,AVAX/USDT,28.92210000,33.25000000,27.51890000,33.03600000,3919260.34000000,119092720.44189800,218134
1615766400000,2021-03-15 00:00:00,AVAX/USDT,28.83830000,30.64720000,27.00000000,28.94720000,3223256.17000000,93338211.24774900,167631
1615680000000,2021-03-14 00:00:00,AVAX/USDT,30.90860000,32.30000000,28.80000000,28.84230000,2905962.81000000,88838731.68897400,163449
1615593600000,2021-03-13 00:00:00,AVAX/USDT,27.94690000,33.22490000,26.85680000,30.87990000,4641909.98000000,139834255.84171700,238869
1615507200000,2021-03-12 00:00:00,AVAX/USDT,30.79800000,31.58230000,26.78370000,27.95610000,4025302.52000000,117715647.47824200,194576
1615420800000,2021-03-11 00:00:00,AVAX/USDT,29.61710000,32.83330000,28.40000000,30.80050000,5275313.55000000,163000352.00026200,255614
1615334400000,2021-03-10 00:00:00,AVAX/USDT,34.30070000,35.80000000,28.69100000,29.58580000,8435059.85000000,268928184.72301100,462938
1615248000000,2021-03-09 00:00:00,AVAX/USDT,25.61780000,34.78570000,23.41020000,34.31400000,10511803.75000000,301188369.88839500,489391
1615161600000,2021-03-08 00:00:00,AVAX/USDT,26.68840000,27.11470000,24.89210000,25.61790000,2182937.86000000,56470863.50784100,116108
1615075200000,2021-03-07 00:00:00,AVAX/USDT,24.92250000,27.95000000,24.92250000,26.68630000,3010972.81000000,80354448.91957800,159138
1614988800000,2021-03-06 00:00:00,AVAX/USDT,24.27080000,25.50000000,23.82670000,24.91100000,1483862.28000000,36645391.39976300,86554
1614902400000,2021-03-05 00:00:00,AVAX/USDT,25.77810000,25.77810000,23.52690000,24.24140000,2367099.90000000,58170274.49893000,123808
1614816000000,2021-03-04 00:00:00,AVAX/USDT,27.21260000,28.82000000,24.22220000,25.77810000,3087747.13000000,82004242.21191900,162558
1614729600000,2021-03-03 00:00:00,AVAX/USDT,27.11440000,29.45030000,26.52020000,27.22000000,2841940.87000000,79768539.27251200,139135
1614643200000,2021-03-02 00:00:00,AVAX/USDT,27.51890000,31.99000000,25.86040000,27.11010000,5223868.87000000,147909795.02755700,255505
1614556800000,2021-03-01 00:00:00,AVAX/USDT,23.96980000,27.82270000,23.60730000,27.51070000,2250036.68000000,58489792.63280100,130200
1614470400000,2021-02-28 00:00:00,AVAX/USDT,25.74230000,25.92990000,22.12370000,23.95660000,1816997.15000000,43076550.45175000,104376
1614384000000,2021-02-27 00:00:00,AVAX/USDT,25.96950000,27.49990000,25.00000000,25.76160000,1690910.72000000,44679099.43978200,95506
1614297600000,2021-02-26 00:00:00,AVAX/USDT,26.77180000,28.04740000,24.77030000,25.96950000,1804008.06000000,47862698.95858400,123493
1614211200000,2021-02-25 00:00:00,AVAX/USDT,29.73200000,32.18360000,26.44390000,26.70000000,2431285.39000000,72135109.50513700,142184
1614124800000,2021-02-24 00:00:00,AVAX/USDT,27.59660000,32.26990000,25.25010000,29.73960000,3233830.55000000,94109405.71157200,186756
1614038400000,2021-02-23 00:00:00,AVAX/USDT,32.15040000,32.41080000,22.51000000,27.59240000,3657984.88000000,99042615.36109600,189462
1613952000000,2021-02-22 00:00:00,AVAX/USDT,36.19320000,36.29410000,25.47000000,32.15020000,2970210.71000000,95725194.54965700,186467
1613865600000,2021-02-21 00:00:00,AVAX/USDT,35.95530000,38.00370000,34.79060000,36.18550000,1516510.61000000,55466645.90333400,113209
1613779200000,2021-02-20 00:00:00,AVAX/USDT,38.72640000,42.84630000,31.93760000,35.99850000,3400687.05000000,131944005.24296000,227659
1613692800000,2021-02-19 00:00:00,AVAX/USDT,41.02300000,41.27540000,37.50000000,38.72740000,2047933.74000000,80331238.93135100,132298
1613606400000,2021-02-18 00:00:00,AVAX/USDT,37.30460000,44.49070000,36.19000000,40.96560000,3097214.68000000,128006105.53933400,239426
1613520000000,2021-02-17 00:00:00,AVAX/USDT,36.54020000,42.12990000,34.13860000,37.30030000,3076680.22000000,115394864.04463200,225075
1613433600000,2021-02-16 00:00:00,AVAX/USDT,38.33620000,40.00000000,35.14170000,36.54020000,2556745.82000000,95755859.45082000,200167
1613347200000,2021-02-15 00:00:00,AVAX/USDT,39.17000000,44.98000000,33.50000000,38.30900000,3933303.20000000,152184241.31997900,318181
1613260800000,2021-02-14 00:00:00,AVAX/USDT,44.06910000,45.75000000,38.37240000,39.17110000,2829524.14000000,118907734.08572100,238354
1613174400000,2021-02-13 00:00:00,AVAX/USDT,48.29610000,51.90000000,43.40140000,44.08320000,1890974.72000000,88751004.95806000,168992
1613088000000,2021-02-12 00:00:00,AVAX/USDT,46.97260000,54.47750000,43.50000000,48.29780000,3209807.22000000,157898795.67838100,259664
1613001600000,2021-02-11 00:00:00,AVAX/USDT,54.68720000,56.49980000,41.67280000,46.96730000,4310924.37000000,209524738.66764400,364231
1612915200000,2021-02-10 00:00:00,AVAX/USDT,31.84870000,60.30350000,31.34080000,54.68610000,9715755.01000000,472308716.50087400,656159
1612828800000,2021-02-09 00:00:00,AVAX/USDT,30.05640000,33.00000000,27.47690000,31.91940000,2664482.65000000,80005562.71964300,147921
1612742400000,2021-02-08 00:00:00,AVAX/USDT,23.73740000,33.81670000,23.55000000,30.05600000,5774862.08000000,168277152.42364300,318147
1612656000000,2021-02-07 00:00:00,AVAX/USDT,18.12320000,24.42680000,17.88020000,23.70500000,4884650.65000000,105018387.33370900,233259
1612569600000,2021-02-06 00:00:00,AVAX/USDT,17.89710000,18.62280000,15.80000000,18.12160000,1547693.33000000,26968310.68858400,83787
1612483200000,2021-02-05 00:00:00,AVAX/USDT,15.27380000,18.03210000,15.12060000,17.89730000,1654441.43000000,27800463.32470600,68904
1612396800000,2021-02-04 00:00:00,AVAX/USDT,14.84000000,15.87950000,13.79780000,15.26970000,1649348.48000000,24697727.37414200,67281
1612310400000,2021-02-03 00:00:00,AVAX/USDT,13.47000000,14.94090000,13.18140000,14.84000000,1267446.12000000,17830836.17423500,49972
1612224000000,2021-02-02 00:00:00,AVAX/USDT,13.21050000,13.72500000,12.76500000,13.47030000,748745.41000000,9847127.11012700,30074
1612137600000,2021-02-01 00:00:00,AVAX/USDT,13.47040000,13.64080000,12.57410000,13.21530000,1820891.90000000,23742473.71999500,62456
1612051200000,2021-01-31 00:00:00,AVAX/USDT,12.01250000,15.37280000,11.83000000,13.47040000,5017946.71000000,67959449.92963500,163369
1611964800000,2021-01-30 00:00:00,AVAX/USDT,11.61580000,12.65000000,11.29300000,12.04330000,1122825.05000000,13368057.50110100,48377
1611878400000,2021-01-29 00:00:00,AVAX/USDT,11.95960000,12.67570000,11.31450000,11.61580000,1470197.45000000,17407967.39137200,63114
1611792000000,2021-01-28 00:00:00,AVAX/USDT,11.13790000,12.75240000,10.80000000,11.96150000,1091962.84000000,13283239.24078400,51411
1611705600000,2021-01-27 00:00:00,AVAX/USDT,12.17800000,12.21500000,10.77000000,11.15800000,740335.46000000,8456320.86245100,40059
1611619200000,2021-01-26 00:00:00,AVAX/USDT,12.18160000,12.73330000,11.38040000,12.20880000,873414.18000000,10551226.82174300,38305
1611532800000,2021-01-25 00:00:00,AVAX/USDT,12.48010000,12.95000000,12.05980000,12.18160000,613873.67000000,7718176.26232500,29776
1611446400000,2021-01-24 00:00:00,AVAX/USDT,12.89140000,13.17250000,12.20000000,12.48010000,907179.12000000,11543137.09072100,36740
1611360000000,2021-01-23 00:00:00,AVAX/USDT,12.71530000,13.48000000,12.50590000,12.86690000,1224349.08000000,15877090.57172300,55714
1611273600000,2021-01-22 00:00:00,AVAX/USDT,11.33290000,13.38990000,10.67300000,12.70970000,2250602.42000000,27350603.58519400,83743
1611187200000,2021-01-21 00:00:00,AVAX/USDT,12.37680000,13.01470000,11.06590000,11.32250000,1710782.31000000,20679197.77660200,61349
1611100800000,2021-01-20 00:00:00,AVAX/USDT,11.73460000,13.07650000,11.03000000,12.37680000,1515429.53000000,18387717.90791600,57307
1611014400000,2021-01-19 00:00:00,AVAX/USDT,12.68250000,14.00000000,11.34330000,11.73670000,1846921.90000000,22865911.29878100,74209
1610928000000,2021-01-18 00:00:00,AVAX/USDT,13.17480000,13.85800000,12.57370000,12.70350000,1317372.42000000,17372363.79810000,57946
1610841600000,2021-01-17 00:00:00,AVAX/USDT,12.82220000,14.69000000,12.32310000,13.17460000,3568856.68000000,47561869.48093300,131618
1610755200000,2021-01-16 00:00:00,AVAX/USDT,9.37950000,13.49910000,9.16290000,12.84210000,3898717.61000000,46191726.75562500,125110
1610668800000,2021-01-15 00:00:00,AVAX/USDT,9.31920000,9.89000000,8.57000000,9.37940000,1991192.96000000,18532898.36309300,59886
1610582400000,2021-01-14 00:00:00,AVAX/USDT,8.46930000,9.60040000,8.21000000,9.31770000,2550051.08000000,23016359.06724200,77752
1610496000000,2021-01-13 00:00:00,AVAX/USDT,7.72540000,8.50000000,7.13560000,8.46950000,1712008.71000000,13278110.42544300,50326
1610409600000,2021-01-12 00:00:00,AVAX/USDT,6.46230000,8.23560000,6.41980000,7.72000000,3138438.02000000,23895551.54681900,73633
1610323200000,2021-01-11 00:00:00,AVAX/USDT,6.54100000,7.00000000,5.72000000,6.47130000,2065125.52000000,12868656.30174700,48087
1610236800000,2021-01-10 00:00:00,AVAX/USDT,7.21150000,7.49690000,6.15000000,6.54160000,1865913.15000000,12731233.06348200,56837
1610150400000,2021-01-09 00:00:00,AVAX/USDT,5.69990000,7.48700000,5.57610000,7.18770000,4060100.24000000,26852840.18414100,99912
1610064000000,2021-01-08 00:00:00,AVAX/USDT,4.47280000,5.90000000,4.00000000,5.70000000,3037659.66000000,15644301.38181200,62970
1609977600000,2021-01-07 00:00:00,AVAX/USDT,4.58030000,4.82050000,4.18270000,4.47070000,1471492.75000000,6716608.54905900,37538
1609891200000,2021-01-06 00:00:00,AVAX/USDT,4.25020000,4.97730000,4.13610000,4.57880000,2925158.25000000,13394273.80601700,59158
1609804800000,2021-01-05 00:00:00,AVAX/USDT,3.59990000,4.35560000,3.47030000,4.25010000,2403396.82000000,9663679.90445100,51826
1609718400000,2021-01-04 00:00:00,AVAX/USDT,3.47700000,3.83000000,3.22830000,3.59990000,1242545.27000000,4375481.17398600,27560
1609632000000,2021-01-03 00:00:00,AVAX/USDT,3.50050000,3.83000000,3.39160000,3.46910000,989465.26000000,3561844.03736200,23131
1609545600000,2021-01-02 00:00:00,AVAX/USDT,3.65440000,3.93900000,3.28510000,3.49560000,1768205.15000000,6320501.64306500,33883
1609459200000,2021-01-01 00:00:00,AVAX/USDT,3.18590000,3.86000000,3.01780000,3.64970000,3817118.74000000,13320352.51523900,70279
1609372800000,2020-12-31 00:00:00,AVAX/USDT,2.91660000,3.29970000,2.78000000,3.18590000,861034.14000000,2566199.28913500,11933
1609286400000,2020-12-30 00:00:00,AVAX/USDT,2.92500000,2.94000000,2.83270000,2.91620000,443153.20000000,1281341.75020800,8325
1609200000000,2020-12-29 00:00:00,AVAX/USDT,2.96090000,3.01000000,2.83220000,2.92480000,831346.83000000,2414759.35066800,14790
1609113600000,2020-12-28 00:00:00,AVAX/USDT,2.91680000,3.04960000,2.86850000,2.95770000,932674.77000000,2756574.76055400,16135
1609027200000,2020-12-27 00:00:00,AVAX/USDT,2.92230000,3.07590000,2.84010000,2.90260000,566733.02000000,1671043.03238800,11940
1608940800000,2020-12-26 00:00:00,AVAX/USDT,2.94970000,2.99750000,2.85000000,2.91780000,475916.53000000,1389240.08446800,9761
1608854400000,2020-12-25 00:00:00,AVAX/USDT,3.11710000,3.13010000,2.84000000,2.95170000,870245.85000000,2616820.76836000,13945
1608768000000,2020-12-24 00:00:00,AVAX/USDT,2.95250000,3.11530000,2.76790000,3.10060000,910977.44000000,2685159.91549900,17310
1608681600000,2020-12-23 00:00:00,AVAX/USDT,3.07050000,3.69370000,2.75010000,2.94650000,2874448.39000000,9261933.81255100,45448
1608595200000,2020-12-22 00:00:00,AVAX/USDT,3.09220000,3.13310000,2.91980000,3.07610000,488812.87000000,1491311.87434900,12708
1608508800000,2020-12-21 00:00:00,AVAX/USDT,3.30410000,3.35640000,2.92500000,3.08920000,827256.68000000,2612957.51676400,15173
1608422400000,2020-12-20 00:00:00,AVAX/USDT,3.45800000,3.49800000,3.27550000,3.30400000,415890.15000000,1410347.25904600,10563
1608336000000,2020-12-19 00:00:00,AVAX/USDT,3.40810000,3.60760000,3.37830000,3.46510000,506114.81000000,1766889.22922900,11814
1608249600000,2020-12-18 00:00:00,AVAX/USDT,3.20680000,3.47370000,3.14240000,3.40810000,642895.11000000,2155784.99468600,14710
1608163200000,2020-12-17 00:00:00,AVAX/USDT,3.34440000,3.38230000,3.17610000,3.20790000,634136.04000000,2081508.25075400,16032
1608076800000,2020-12-16 00:00:00,AVAX/USDT,3.30120000,3.38440000,3.14510000,3.34090000,660892.42000000,2159766.50723000,13102
1607990400000,2020-12-15 00:00:00,AVAX/USDT,3.14390000,3.54410000,3.06000000,3.30140000,899508.23000000,2892716.32849400,16415
1607904000000,2020-12-14 00:00:00,AVAX/USDT,3.34010000,3.34240000,3.13570000,3.14330000,1041542.84000000,3373687.91354700,23943
1607817600000,2020-12-13 00:00:00,AVAX/USDT,3.34090000,3.41730000,3.28060000,3.34050000,598125.27000000,2004392.17329300,15841
1607731200000,2020-12-12 00:00:00,AVAX/USDT,3.23200000,3.45000000,3.23180000,3.33320000,695480.54000000,2344805.08418400,18346
1607644800000,2020-12-11 00:00:00,AVAX/USDT,3.14820000,3.30700000,3.01310000,3.23750000,740274.35000000,2337159.33137000,18198
1607558400000,2020-12-10 00:00:00,AVAX/USDT,3.26440000,3.35830000,3.06430000,3.14990000,1121704.58000000,3565572.16802000,30763
1607472000000,2020-12-09 00:00:00,AVAX/USDT,3.11850000,3.44110000,2.80010000,3.26520000,1491988.40000000,4695416.74056900,40039
1607385600000,2020-12-08 00:00:00,AVAX/USDT,3.38960000,3.39480000,3.08500000,3.11720000,947986.45000000,3046976.72763200,27211
1607299200000,2020-12-07 00:00:00,AVAX/USDT,3.60360000,3.60960000,3.30000000,3.38950000,319608.12000000,1099574.28148200,11476
1607212800000,2020-12-06 00:00:00,AVAX/USDT,3.63840000,3.67330000,3.50770000,3.60550000,198916.73000000,712690.46415800,6687
1607126400000,2020-12-05 00:00:00,AVAX/USDT,3.53370000,3.71820000,3.50590000,3.63820000,176697.58000000,643773.56503800,6446
1607040000000,2020-12-04 00:00:00,AVAX/USDT,3.80760000,3.86000000,3.50910000,3.53480000,306354.06000000,1127218.75355900,9455
1606953600000,2020-12-03 00:00:00,AVAX/USDT,3.73840000,3.89660000,3.71030000,3.81230000,217818.87000000,826292.00677500,6870
1606867200000,2020-12-02 00:00:00,AVAX/USDT,3.55000000,3.84580000,3.50590000,3.74000000,255368.39000000,957259.82532700,8016
1606780800000,2020-12-01 00:00:00,AVAX/USDT,3.70440000,3.81280000,3.45010000,3.55430000,453003.61000000,1646953.63585400,12892
1606694400000,2020-11-30 00:00:00,AVAX/USDT,3.71240000,3.82000000,3.64180000,3.70240000,266744.60000000,993718.70958400,7540
1606608000000,2020-11-29 00:00:00,AVAX/USDT,3.62990000,3.76620000,3.53100000,3.70130000,222772.03000000,812005.09810600,6625
1606521600000,2020-11-28 00:00:00,AVAX/USDT,3.59030000,3.69980000,3.47520000,3.62710000,256600.45000000,921787.75397900,7168
1606435200000,2020-11-27 00:00:00,AVAX/USDT,3.53990000,3.75810000,3.41780000,3.59420000,382067.49000000,1370077.82828900,10723
1606348800000,2020-11-26 00:00:00,AVAX/USDT,4.03630000,4.08900000,3.28000000,3.54470000,1011308.69000000,3583580.90367000,22311
1606262400000,2020-11-25 00:00:00,AVAX/USDT,4.26000000,4.39890000,3.90010000,4.04530000,763623.28000000,3224315.91348600,21340
1606176000000,2020-11-24 00:00:00,AVAX/USDT,4.07480000,4.33340000,3.86500000,4.26000000,855854.35000000,3523674.51983300,23606
1606089600000,2020-11-23 00:00:00,AVAX/USDT,3.90660000,4.25750000,3.85190000,4.07470000,611842.99000000,2502647.90818800,17388
1606003200000,2020-11-22 00:00:00,AVAX/USDT,4.02910000,4.06020000,3.71000000,3.88920000,562448.53000000,2174569.09352200,15568
1605916800000,2020-11-21 00:00:00,AVAX/USDT,3.71240000,4.09830000,3.67000000,4.02810000,557225.00000000,2180220.32288000,15953
1605830400000,2020-11-20 00:00:00,AVAX/USDT,3.64320000,4.01110000,3.62240000,3.71500000,657029.12000000,2485341.37747400,17727
1605744000000,2020-11-19 00:00:00,AVAX/USDT,3.74980000,3.82720000,3.55630000,3.63990000,386309.17000000,1423279.11502300,11531
1605657600000,2020-11-18 00:00:00,AVAX/USDT,3.84760000,3.87390000,3.55000000,3.74450000,531913.49000000,1983620.13266600,14573
1605571200000,2020-11-17 00:00:00,AVAX/USDT,3.70620000,3.93330000,3.68810000,3.83550000,490826.18000000,1866137.89559700,13282
1605484800000,2020-11-16 00:00:00,AVAX/USDT,3.53480000,3.82000000,3.45500000,3.70000000,658000.76000000,2430446.32783600,15685
1605398400000,2020-11-15 00:00:00,AVAX/USDT,3.48400000,3.64150000,3.41010000,3.54530000,438362.91000000,1550016.68820200,10309
1605312000000,2020-11-14 00:00:00,AVAX/USDT,3.67790000,3.70420000,3.39600000,3.48940000,443020.54000000,1558296.05820400,10363
1605225600000,2020-11-13 00:00:00,AVAX/USDT,3.42680000,3.70180000,3.39110000,3.67450000,585394.03000000,2067256.88164900,12430
1605139200000,2020-11-12 00:00:00,AVAX/USDT,3.49180000,3.56910000,3.32000000,3.42430000,314355.65000000,1075162.17142600,8465
1605052800000,2020-11-11 00:00:00,AVAX/USDT,3.57750000,3.82000000,3.46000000,3.48420000,389355.68000000,1409573.37188700,9822
1604966400000,2020-11-10 00:00:00,AVAX/USDT,3.42100000,3.63000000,3.36900000,3.57130000,482731.01000000,1695101.15596300,10551
1604880000000,2020-11-09 00:00:00,AVAX/USDT,3.46740000,3.53990000,3.26190000,3.41250000,534923.49000000,1828111.81139500,9459
1604793600000,2020-11-08 00:00:00,AVAX/USDT,3.40930000,3.67000000,3.36130000,3.47540000,543130.62000000,1902820.87779200,9342
1604707200000,2020-11-07 00:00:00,AVAX/USDT,3.59400000,3.91930000,3.37000000,3.41260000,832528.78000000,3034525.37252800,15264
1604620800000,2020-11-06 00:00:00,AVAX/USDT,3.33500000,3.66660000,3.31940000,3.59130000,910038.31000000,3199980.72489200,14871
1604534400000,2020-11-05 00:00:00,AVAX/USDT,3.17360000,3.38410000,3.02110000,3.33480000,644688.78000000,2097043.28514100,10486
1604448000000,2020-11-04 00:00:00,AVAX/USDT,3.32990000,3.37590000,3.00000000,3.17180000,466205.93000000,1474605.41632300,7338
1604361600000,2020-11-03 00:00:00,AVAX/USDT,3.61740000,3.65130000,3.23680000,3.32300000,664899.75000000,2257175.60509200,11493
1604275200000,2020-11-02 00:00:00,AVAX/USDT,3.68510000,3.87750000,3.61450000,3.61700000,322604.28000000,1196807.92325200,4773
1604188800000,2020-11-01 00:00:00,AVAX/USDT,3.63550000,3.71420000,3.55210000,3.68140000,295468.18000000,1075668.74943000,4647
1604102400000,2020-10-31 00:00:00,AVAX/USDT,3.71160000,3.76120000,3.58760000,3.64560000,346114.94000000,1268757.58993300,5536
1604016000000,2020-10-30 00:00:00,AVAX/USDT,3.77440000,3.82260000,3.57810000,3.72240000,850092.33000000,3139921.29191900,14192
1603929600000,2020-10-29 00:00:00,AVAX/USDT,4.06070000,4.10510000,3.72960000,3.77580000,422589.86000000,1634343.73554500,9672
1603843200000,2020-10-28 00:00:00,AVAX/USDT,4.12140000,4.17920000,3.93080000,4.05960000,359147.72000000,1446616.72349300,6470
1603756800000,2020-10-27 00:00:00,AVAX/USDT,4.14540000,4.35000000,4.03430000,4.12170000,292754.21000000,1224513.04193800,6096
1603670400000,2020-10-26 00:00:00,AVAX/USDT,4.14090000,4.48970000,4.01410000,4.14800000,661155.33000000,2796040.22995100,11278
1603584000000,2020-10-25 00:00:00,AVAX/USDT,4.18030000,4.25260000,4.10000000,4.14790000,209663.90000000,877035.36595300,4185
1603497600000,2020-10-24 00:00:00,AVAX/USDT,4.25390000,4.36200000,4.14000000,4.18210000,218601.98000000,933338.63013400,4589
1603411200000,2020-10-23 00:00:00,AVAX/USDT,4.34060000,4.48720000,4.13540000,4.25680000,324892.94000000,1398999.50802800,7122
1603324800000,2020-10-22 00:00:00,AVAX/USDT,3.95740000,4.49040000,3.95110000,4.33850000,741499.28000000,3221997.41567300,14349
1603238400000,2020-10-21 00:00:00,AVAX/USDT,3.80070000,4.10300000,3.79180000,3.95850000,319446.86000000,1268228.48236600,7362
1603152000000,2020-10-20 00:00:00,AVAX/USDT,4.05680000,4.09080000,3.69250000,3.80400000,589447.62000000,2274226.08162400,12841
1603065600000,2020-10-19 00:00:00,AVAX/USDT,4.13710000,4.17480000,3.99260000,4.05000000,274925.09000000,1117039.44878900,4916
1602979200000,2020-10-18 00:00:00,AVAX/USDT,4.18740000,4.24610000,4.07010000,4.11950000,138296.50000000,576945.33393700,2474
1602892800000,2020-10-17 00:00:00,AVAX/USDT,4.04620000,4.21000000,3.96730000,4.19460000,258634.77000000,1059554.14978100,6287
1602806400000,2020-10-16 00:00:00,AVAX/USDT,4.12660000,4.15820000,3.87550000,4.04330000,538055.06000000,2158279.79059500,9844
1602720000000,2020-10-15 00:00:00,AVAX/USDT,4.15000000,4.23120000,3.99850000,4.12690000,306544.02000000,1255397.29857300,6083
1602633600000,2020-10-14 00:00:00,AVAX/USDT,4.48080000,4.48480000,4.01250000,4.15960000,512479.12000000,2172949.68079700,8005
1602547200000,2020-10-13 00:00:00,AVAX/USDT,4.40990000,4.56360000,4.32030000,4.48060000,776819.51000000,3461676.16187700,12883
1602460800000,2020-10-12 00:00:00,AVAX/USDT,4.08410000,4.71000000,4.05400000,4.41000000,851811.15000000,3741254.63913600,15031
1602374400000,2020-10-11 00:00:00,AVAX/USDT,4.02050000,4.17620000,3.93330000,4.09600000,542437.49000000,2203938.04742900,7368
1602288000000,2020-10-10 00:00:00,AVAX/USDT,4.24270000,4.26930000,4.00010000,4.02300000,821315.35000000,3382885.21893500,10467
1602201600000,2020-10-09 00:00:00,AVAX/USDT,3.91470000,4.32520000,3.80340000,4.24910000,573063.37000000,2339370.56800600,10448
1602115200000,2020-10-08 00:00:00,AVAX/USDT,3.44090000,3.95990000,3.32280000,3.91470000,900977.83000000,3300534.46696100,11436
1602028800000,2020-10-07 00:00:00,AVAX/USDT,3.54010000,3.54620000,3.20700000,3.44200000,988661.32000000,3329160.07209500,16799
1601942400000,2020-10-06 00:00:00,AVAX/USDT,3.99490000,4.00000000,3.50000000,3.54240000,971155.87000000,3553458.05934700,17876
1601856000000,2020-10-05 00:00:00,AVAX/USDT,3.95820000,4.04560000,3.87000000,3.98130000,475912.76000000,1883990.19066800,7561
1601769600000,2020-10-04 00:00:00,AVAX/USDT,4.02020000,4.07980000,3.83340000,3.96400000,630849.97000000,2483672.14201200,8755
1601683200000,2020-10-03 00:00:00,AVAX/USDT,3.91560000,4.19000000,3.86960000,4.01680000,679798.03000000,2729615.96465700,7459
1601596800000,2020-10-02 00:00:00,AVAX/USDT,4.14220000,4.21980000,3.63320000,3.91150000,1847614.48000000,7189956.87541700,23878
1601510400000,2020-10-01 00:00:00,AVAX/USDT,4.32930000,4.53000000,4.01400000,4.15000000,1477288.72000000,6232982.47650600,20441
1601424000000,2020-09-30 00:00:00,AVAX/USDT,4.14290000,4.41100000,3.99580000,4.32930000,915518.31000000,3839122.43215200,18015
1601337600000,2020-09-29 00:00:00,AVAX/USDT,4.19990000,4.28990000,3.96070000,4.13940000,1057878.53000000,4361852.97110400,17711
1601251200000,2020-09-28 00:00:00,AVAX/USDT,4.64850000,4.70500000,4.16670000,4.20210000,1210446.38000000,5281810.91244600,20903
1601164800000,2020-09-27 00:00:00,AVAX/USDT,4.52140000,4.71340000,4.10680000,4.64840000,1500134.56000000,6626177.40545900,25867
1601078400000,2020-09-26 00:00:00,AVAX/USDT,4.71640000,4.82000000,4.32940000,4.52000000,1814932.97000000,8304263.78359900,34016
1600992000000,2020-09-25 00:00:00,AVAX/USDT,4.63660000,5.02340000,4.20010000,4.71340000,3886096.71000000,17910676.09614700,78381
1600905600000,2020-09-24 00:00:00,AVAX/USDT,3.53050000,4.88730000,3.40330000,4.64110000,7107843.86000000,28912533.31870800,104806
1600819200000,2020-09-23 00:00:00,AVAX/USDT,5.32790000,5.36000000,3.40000000,3.53500000,12620608.01000000,53155220.86928200,168336
1600732800000,2020-09-22 00:00:00,AVAX/USDT,0.85000000,7.00000000,0.85000000,5.31930000,31441883.16000000,166715315.42381000,375884
